x_0,y_0,vel_0,accel_0,orientation_0,dist_qb_0,receiver_type_0,defensor_x_0_0,defensor_y_0_0,defensor_vel_0_0,defensor_accel_0_0,defensor_orientation_0_0,defensor_x_0_1,defensor_y_0_1,defensor_vel_0_1,defensor_accel_0_1,defensor_orientation_0_1,x_1,y_1,vel_1,accel_1,orientation_1,dist_qb_1,receiver_type_1,defensor_x_1_0,defensor_y_1_0,defensor_vel_1_0,defensor_accel_1_0,defensor_orientation_1_0,defensor_x_1_1,defensor_y_1_1,defensor_vel_1_1,defensor_accel_1_1,defensor_orientation_1_1,x_2,y_2,vel_2,accel_2,orientation_2,dist_qb_2,receiver_type_2,defensor_x_2_0,defensor_y_2_0,defensor_vel_2_0,defensor_accel_2_0,defensor_orientation_2_0,defensor_x_2_1,defensor_y_2_1,defensor_vel_2_1,defensor_accel_2_1,defensor_orientation_2_1,x_3,y_3,vel_3,accel_3,orientation_3,dist_qb_3,receiver_type_3,defensor_x_3_0,defensor_y_3_0,defensor_vel_3_0,defensor_accel_3_0,defensor_orientation_3_0,defensor_x_3_1,defensor_y_3_1,defensor_vel_3_1,defensor_accel_3_1,defensor_orientation_3_1,x_4,y_4,vel_4,accel_4,orientation_4,dist_qb_4,receiver_type_4,defensor_x_4_0,defensor_y_4_0,defensor_vel_4_0,defensor_accel_4_0,defensor_orientation_4_0,defensor_x_4_1,defensor_y_4_1,defensor_vel_4_1,defensor_accel_4_1,defensor_orientation_4_1,qb_x,qb_y,qb_orientation,qb_speed,qb_direction,qb_accel,amount_of_players_causing_pressure_on_qb,result
62.22,23.52,2.08,5.12,247.89,0.921140597303148,WR,62.3,23.47,4.15,1.72,21.42,62.0,23.18,4.15,1.53,30.81,62.36,24.43,1.57,3.88,211.98,1.1560276813294732,WR,62.82,24.12,4.05,2.23,3.52,62.57,23.79,4.11,1.99,15.35,61.18,27.44,2.44,0.82,298.3,3.594509702309899,WR,61.71,27.4,1.15,0.39,218.2,61.82,27.38,1.13,0.42,215.84,60.56,27.76,2.93,1.31,334.79,3.9910023803550905,TE,60.59,28.36,2.9,2.28,106.82,60.87,28.34,2.73,2.24,111.65,62.41,27.8,2.85,1.19,346.84,4.08717506353716,RB,62.2,27.61,1.33,1.63,128.35,62.27,27.52,1.12,1.57,130.29,61.36,23.85,338.43,0.28,13.64,1.57,0,C
62.18,23.28,2.59,4.61,243.35,1.0160708636704419,WR,62.0,23.18,4.15,1.53,30.81,62.3,23.47,4.15,1.72,21.42,62.36,24.25,1.95,3.4,207.2,1.0662551289442883,WR,62.82,24.12,4.05,2.23,3.52,62.57,23.79,4.11,1.99,15.35,61.1,27.66,2.35,1.09,303.95,3.7889312477267265,WR,61.35,28.24,2.3,2.29,120.22,61.12,28.3,2.5,2.3,116.39,60.48,28.06,3.12,1.24,342.5,4.271627324568472,TE,60.59,28.36,2.9,2.28,106.82,60.28,28.37,3.05,2.29,96.52,62.42,28.08,2.89,0.74,0.95,4.331697126993068,RB,62.11,27.71,1.5,1.81,123.39,62.0,27.82,1.64,2.05,120.19,61.36,23.88,335.86,0.41,5.82,1.4,0,C
62.13,23.01,3.0,3.75,238.9,1.1920570456148503,WR,62.0,23.18,4.15,1.53,30.81,61.69,22.88,4.06,1.18,44.29,62.37,24.04,2.28,2.85,203.01,1.017103731189693,WR,62.57,23.79,4.11,1.99,15.35,62.82,24.12,4.05,2.23,3.52,61.03,27.88,2.23,1.2,308.49,3.9737262110014546,WR,61.12,28.3,2.5,2.3,116.39,61.35,28.24,2.3,2.29,120.22,60.39,28.37,3.28,1.09,347.61,4.554492287840654,TE,60.28,28.37,3.05,2.29,96.52,60.59,28.36,2.9,2.28,106.82,62.43,28.37,2.98,0.62,2.95,4.576832966145913,RB,62.0,27.82,1.64,2.05,120.19,61.87,27.93,1.79,2.25,120.19,61.36,23.92,332.07,0.5,355.99,1.09,0,C
62.06,22.7,3.31,2.84,233.32,1.4598972566588366,WR,61.69,22.88,4.06,1.18,44.29,62.0,23.18,4.15,1.53,30.81,62.38,23.8,2.53,2.19,196.65,1.053802638068437,WR,62.57,23.79,4.11,1.99,15.35,62.3,23.47,4.15,1.72,21.42,60.95,28.09,2.15,1.11,311.78,4.138417571971201,WR,60.87,28.34,2.73,2.24,111.65,61.12,28.3,2.5,2.3,116.39,62.44,28.67,3.05,0.45,5.27,4.827007354458869,RB,61.87,27.93,1.79,2.25,120.19,61.73,28.04,1.94,2.35,121.51,60.3,28.69,3.43,0.91,350.2,4.833218389437833,TE,60.28,28.37,3.05,2.29,96.52,60.59,28.36,2.9,2.28,106.82,61.34,23.97,327.66,0.56,348.34,0.86,0,C
61.99,22.38,3.51,1.96,224.86,1.7715812146215606,WR,61.69,22.88,4.06,1.18,44.29,61.36,22.61,3.87,0.96,46.49,62.39,23.54,2.7,1.57,189.98,1.1727318534089544,WR,62.3,23.47,4.15,1.72,21.42,62.57,23.79,4.11,1.99,15.35,60.87,28.28,2.05,1.07,316.06,4.28370167028471,WR,60.87,28.34,2.73,2.24,111.65,61.12,28.3,2.5,2.3,116.39,62.45,28.98,3.14,0.35,6.33,5.087091506941861,RB,63.51,28.49,1.56,1.6,288.36,61.73,28.04,1.94,2.35,121.51,60.21,29.04,3.56,0.8,354.2,5.141254710671316,TE,60.28,28.37,3.05,2.29,96.52,59.97,28.36,3.21,2.19,90.54,61.32,24.02,321.02,0.61,340.25,0.76,0,C
61.91,22.04,3.59,0.95,216.56,2.1321350801485335,WR,61.36,22.61,3.87,0.96,46.49,61.69,22.88,4.06,1.18,44.29,62.4,23.26,2.83,1.06,184.43,1.3800362314084342,WR,62.3,23.47,4.15,1.72,21.42,62.0,23.18,4.15,1.53,30.81,60.8,28.47,1.94,1.05,317.61,4.417261595151459,WR,60.87,28.34,2.73,2.24,111.65,60.59,28.36,2.9,2.28,106.82,62.46,29.3,3.23,0.34,10.48,5.349513996616891,RB,63.51,28.49,1.56,1.6,288.36,61.73,28.04,1.94,2.35,121.51,60.13,29.39,3.65,0.65,355.67,5.435227686123187,TE,60.28,28.37,3.05,2.29,96.52,59.97,28.36,3.21,2.19,90.54,61.29,24.08,312.22,0.63,330.96,0.81,0,C
61.84,21.69,3.61,0.17,209.25,2.4982593940581923,WR,61.36,22.61,3.87,0.96,46.49,61.03,22.37,3.78,0.81,47.43,62.4,22.97,2.9,0.58,182.15,1.6192899678562842,WR,62.0,23.18,4.15,1.53,30.81,62.3,23.47,4.15,1.72,21.42,60.73,28.64,1.81,1.1,318.42,4.550966930224829,WR,60.59,28.36,2.9,2.28,106.82,60.87,28.34,2.73,2.24,111.65,62.47,29.63,3.37,0.59,14.97,5.641294177757439,RB,63.51,28.49,1.56,1.6,288.36,63.66,28.43,1.53,1.79,289.39,60.04,29.75,3.7,0.38,357.47,5.7606683640008285,TE,59.97,28.36,3.21,2.19,90.54,60.28,28.37,3.05,2.29,96.52,61.26,24.12,302.83,0.62,321.67,0.87,0,C
61.77,21.33,3.6,0.36,199.49,2.892766841624127,WR,61.03,22.37,3.78,0.81,47.43,61.36,22.61,3.87,0.96,46.49,62.41,22.68,2.96,0.33,180.65,1.9068822721919674,WR,62.0,23.18,4.15,1.53,30.81,61.69,22.88,4.06,1.18,44.29,60.66,28.8,1.71,1.05,320.04,4.6637431318630735,WR,60.59,28.36,2.9,2.28,106.82,60.87,28.34,2.73,2.24,111.65,62.48,29.97,3.45,0.6,17.58,5.935284323433879,RB,63.51,28.49,1.56,1.6,288.36,63.66,28.43,1.53,1.79,289.39,59.96,30.12,3.79,0.4,353.62,6.081948700868825,TE,59.97,28.36,3.21,2.19,90.54,60.28,28.37,3.05,2.29,96.52,61.22,24.17,294.74,0.6,314.49,0.84,0,C
61.69,20.98,3.57,0.64,190.62,3.2700152904841286,WR,60.71,22.16,3.7,0.75,46.07,61.03,22.37,3.78,0.81,47.43,62.41,22.38,2.98,0.21,177.29,2.204948979001555,WR,61.69,22.88,4.06,1.18,44.29,62.0,23.18,4.15,1.53,30.81,60.6,28.96,1.66,0.85,319.17,4.7852795111675555,WR,60.59,28.36,2.9,2.28,106.82,60.28,28.37,3.05,2.29,96.52,62.49,30.31,3.51,0.42,16.8,6.239078457592914,RB,63.51,28.49,1.56,1.6,288.36,63.66,28.43,1.53,1.79,289.39,59.89,30.5,3.85,0.37,352.66,6.420918937348453,TE,59.97,28.36,3.21,2.19,90.54,60.28,28.37,3.05,2.29,96.52,61.18,24.21,289.77,0.55,307.55,0.79,0,C
61.61,20.63,3.51,0.82,186.52,3.6391894701979997,WR,60.71,22.16,3.7,0.75,46.07,60.38,21.97,3.55,0.86,41.85,62.41,22.08,2.99,0.29,174.03,2.5006399181009638,WR,61.69,22.88,4.06,1.18,44.29,62.0,23.18,4.15,1.53,30.81,60.53,29.11,1.61,0.74,321.21,4.909307486805039,WR,60.59,28.36,2.9,2.28,106.82,60.28,28.37,3.05,2.29,96.52,62.49,30.67,3.59,0.33,16.8,6.568142812089278,RB,63.51,28.49,1.56,1.6,288.36,63.66,28.43,1.53,1.79,289.39,59.82,30.88,3.87,0.51,351.77,6.771890430300833,TE,59.97,28.36,3.21,2.19,90.54,59.63,28.34,3.35,1.88,84.92,61.15,24.24,286.69,0.47,303.84,0.67,0,C
61.53,20.29,3.45,0.93,185.2,3.991115132390949,WR,60.38,21.97,3.55,0.86,41.85,60.71,22.16,3.7,0.75,46.07,62.41,21.78,3.0,0.35,172.59,2.7954427198567315,WR,61.69,22.88,4.06,1.18,44.29,61.36,22.61,3.87,0.96,46.49,60.46,29.25,1.54,0.74,316.7,5.033458055849873,WR,60.28,28.37,3.05,2.29,96.52,60.59,28.36,2.9,2.28,106.82,62.49,31.04,3.66,0.41,14.62,6.917029709347791,RB,63.51,28.49,1.56,1.6,288.36,63.66,28.43,1.53,1.79,289.39,59.74,31.27,3.87,0.38,352.83,7.144543372392666,TE,59.97,28.36,3.21,2.19,90.54,59.63,28.34,3.35,1.88,84.92,61.12,24.26,287.84,0.36,308.87,0.57,0,C
61.45,19.96,3.35,1.07,184.53,4.342556850520208,WR,60.38,21.97,3.55,0.86,41.85,60.06,21.8,3.48,0.9,37.02,62.4,21.48,3.01,0.46,173.29,3.0877985685598075,WR,61.36,22.61,3.87,0.96,46.49,61.69,22.88,4.06,1.18,44.29,60.39,29.38,1.45,0.78,316.03,5.1420812906837625,WR,60.28,28.37,3.05,2.29,96.52,60.59,28.36,2.9,2.28,106.82,62.49,31.4,3.67,0.33,14.62,7.240787250016396,RB,63.51,28.49,1.56,1.6,288.36,63.66,28.43,1.53,1.79,289.39,59.67,31.65,3.9,0.36,351.3,7.501473188647679,TE,59.97,28.36,3.21,2.19,90.54,59.63,28.34,3.35,1.88,84.92,61.12,24.29,287.84,0.26,320.84,0.52,0,C
61.37,19.64,3.26,1.13,185.84,4.6766868614436845,WR,60.06,21.8,3.48,0.9,37.02,60.38,21.97,3.55,0.86,41.85,62.39,21.17,3.03,0.38,176.4,3.387107910887988,WR,61.36,22.61,3.87,0.96,46.49,61.03,22.37,3.78,0.81,47.43,60.32,29.52,1.49,0.48,308.7,5.271062511486655,WR,60.28,28.37,3.05,2.29,96.52,60.59,28.36,2.9,2.28,106.82,62.48,31.78,3.74,0.34,11.64,7.592792635124446,RB,63.51,28.49,1.56,1.6,288.36,63.66,28.43,1.53,1.79,289.39,59.6,32.04,3.92,0.32,348.5,7.87802640259602,TE,59.97,28.36,3.21,2.19,90.54,59.63,28.34,3.35,1.88,84.92,61.12,24.31,287.84,0.19,343.01,0.45,0,C
61.29,19.33,3.19,1.15,187.58,5.021951811795891,WR,60.06,21.8,3.48,0.9,37.02,59.74,21.64,3.41,1.05,32.76,62.37,20.87,3.05,0.37,177.32,3.6876550814847096,WR,61.03,22.37,3.78,0.81,47.43,61.36,22.61,3.87,0.96,46.49,60.25,29.65,1.48,0.3,305.2,5.375872022286242,WR,60.28,28.37,3.05,2.29,96.52,59.97,28.36,3.21,2.19,90.54,62.48,32.16,3.81,0.29,10.95,7.922436493907662,RB,63.51,28.49,1.56,1.6,288.36,63.66,28.43,1.53,1.79,289.39,59.53,32.43,3.93,0.3,347.04,8.2408009319483,TE,56.26,30.3,0.01,0.01,96.88,56.26,30.3,0.01,0.01,95.83,61.15,24.35,286.21,0.25,22.75,0.37,0,C
61.2,19.02,3.17,0.93,190.21,5.350009345786231,WR,59.74,21.64,3.41,1.05,32.76,60.06,21.8,3.48,0.9,37.02,62.35,20.56,3.06,0.41,178.58,3.982674980462255,WR,61.03,22.37,3.78,0.81,47.43,61.36,22.61,3.87,0.96,46.49,60.17,29.79,1.52,0.09,301.55,5.5151427905358865,WR,60.28,28.37,3.05,2.29,96.52,59.97,28.36,3.21,2.19,90.54,62.46,32.55,3.9,0.43,12.96,8.278000966416949,RB,63.51,28.49,1.56,1.6,288.36,63.66,28.43,1.53,1.79,289.39,59.45,32.82,3.94,0.37,345.78,8.627288102294948,TE,56.26,30.3,0.01,0.01,96.88,56.26,30.3,0.01,0.01,95.83,61.19,24.37,286.91,0.29,44.1,0.29,0,C
61.1,18.72,3.13,0.79,190.21,5.671728131707304,WR,59.74,21.64,3.41,1.05,32.76,59.43,21.5,3.31,1.23,26.73,62.33,20.25,3.08,0.45,180.24,4.281086310739366,WR,61.03,22.37,3.78,0.81,47.43,60.71,22.16,3.7,0.75,46.07,60.1,29.92,1.52,0.07,299.15,5.646281962495321,WR,60.28,28.37,3.05,2.29,96.52,59.97,28.36,3.21,2.19,90.54,62.44,32.94,3.87,0.48,10.54,8.633799858694891,RB,63.51,28.49,1.56,1.6,288.36,63.66,28.43,1.53,1.79,289.39,59.38,33.21,3.95,0.39,345.78,9.013989128016519,TE,56.26,30.3,0.01,0.01,96.88,56.26,30.3,0.01,0.01,95.83,61.24,24.39,285.59,0.33,59.32,0.22,0,C
61.0,18.43,3.11,0.59,191.23,5.977039400907442,WR,59.43,21.5,3.31,1.23,26.73,59.74,21.64,3.41,1.05,32.76,62.29,19.95,3.04,0.61,182.93,4.560975772792484,WR,60.71,22.16,3.7,0.75,46.07,61.03,22.37,3.78,0.81,47.43,60.03,30.06,1.57,0.11,299.15,5.798551543273544,WR,59.97,28.36,3.21,2.19,90.54,60.28,28.37,3.05,2.29,96.52,62.41,33.32,3.87,0.7,6.64,8.990038932062532,RB,63.51,28.49,1.56,1.6,288.36,63.66,28.43,1.53,1.79,289.39,59.3,33.6,3.9,0.52,342.8,9.412762612538366,TE,56.04,30.52,1.7,4.8,86.34,56.23,30.33,0.08,0.09,118.35,61.29,24.4,284.39,0.36,66.33,0.18,0,C
60.9,18.13,3.07,0.6,191.23,6.306076434677908,WR,59.43,21.5,3.31,1.23,26.73,59.74,21.64,3.41,1.05,32.76,62.26,19.65,3.03,0.54,188.18,4.856027182790478,WR,60.71,22.16,3.7,0.75,46.07,61.03,22.37,3.78,0.81,47.43,59.96,30.2,1.59,0.13,295.95,5.944787632876381,WR,59.97,28.36,3.21,2.19,90.54,60.28,28.37,3.05,2.29,96.52,62.37,33.71,3.86,0.99,357.72,9.345827946201448,RB,63.51,28.49,1.56,1.6,288.36,63.66,28.43,1.53,1.79,289.39,59.23,33.98,3.87,0.66,341.95,9.792241827079227,TE,55.73,30.86,2.74,4.23,80.5,55.9,30.67,2.25,4.58,84.41,61.35,24.42,284.39,0.4,70.29,0.19,0,C
60.8,17.84,3.09,0.42,197.35,6.628129449550605,WR,59.43,21.5,3.31,1.23,26.73,59.11,21.37,3.15,1.34,24.56,62.23,19.34,3.05,0.41,191.92,5.16550094376141,WR,60.71,22.16,3.7,0.75,46.07,60.38,21.97,3.55,0.86,41.85,59.88,30.34,1.56,0.14,292.72,6.095153812661332,WR,59.97,28.36,3.21,2.19,90.54,60.28,28.37,3.05,2.29,96.52,62.32,34.09,3.85,0.79,348.78,9.692811769553769,RB,63.51,28.49,1.56,1.6,288.36,63.66,28.43,1.53,1.79,289.39,59.15,34.35,3.82,0.73,343.24,10.164433087978885,TE,55.53,31.07,3.09,3.48,81.08,55.73,30.86,2.74,4.23,80.5,61.41,24.44,285.56,0.43,71.3,0.22,0,C
60.7,17.55,3.06,0.46,199.4,6.9317890908480475,WR,59.11,21.37,3.15,1.34,24.56,59.43,21.5,3.31,1.23,26.73,62.19,19.04,3.04,0.45,196.91,5.449119194879115,WR,60.38,21.97,3.55,0.86,41.85,60.71,22.16,3.7,0.75,46.07,59.8,30.46,1.49,0.39,288.28,6.244677733878667,WR,59.97,28.36,3.21,2.19,90.54,59.63,28.34,3.35,1.88,84.92,62.27,34.47,3.87,0.75,341.05,10.062653725533835,RB,63.51,28.49,1.56,1.6,288.36,63.66,28.43,1.53,1.79,289.39,59.07,34.73,3.76,0.8,345.08,10.56391026088351,TE,55.53,31.07,3.09,3.48,81.08,55.31,31.29,3.33,2.5,81.93,61.46,24.44,279.73,0.42,76.01,0.28,0,C
60.59,17.27,3.02,0.54,201.73,7.238701541022395,WR,59.11,21.37,3.15,1.34,24.56,58.8,21.26,3.07,1.2,21.83,62.14,18.74,3.02,0.52,198.43,5.744649684706633,WR,60.38,21.97,3.55,0.86,41.85,60.06,21.8,3.48,0.9,37.02,59.73,30.58,1.36,0.75,282.44,6.383204524374884,WR,59.97,28.36,3.21,2.19,90.54,59.63,28.34,3.35,1.88,84.92,62.21,34.85,3.89,0.7,337.24,10.42353107157071,RB,63.51,28.49,1.56,1.6,288.36,63.66,28.43,1.53,1.79,289.39,58.99,35.09,3.7,0.86,346.46,10.934349546269319,TE,55.31,31.29,3.33,2.5,81.93,55.06,31.53,3.55,1.88,82.95,61.51,24.45,279.73,0.49,79.34,0.61,0,C
60.48,16.99,3.0,0.63,200.15,7.539210834032964,WR,58.8,21.26,3.07,1.2,21.83,59.11,21.37,3.15,1.34,24.56,62.1,18.44,2.98,0.59,199.54,6.033324125223174,WR,60.38,21.97,3.55,0.86,41.85,60.06,21.8,3.48,0.9,37.02,59.66,30.69,1.32,0.72,281.28,6.525771984983849,WR,59.63,28.34,3.35,1.88,84.92,59.97,28.36,3.21,2.19,90.54,62.14,35.24,3.93,0.57,336.59,10.80504511790673,RB,63.51,28.49,1.56,1.6,288.36,63.66,28.43,1.53,1.79,289.39,58.92,35.45,3.63,0.92,344.86,11.314702824201795,TE,55.06,31.53,3.55,1.88,82.95,55.31,31.29,3.33,2.5,81.93,61.57,24.45,279.73,0.61,88.81,1.15,0,C
60.37,16.71,2.99,0.5,201.86,7.841887527885107,WR,58.8,21.26,3.07,1.2,21.83,59.11,21.37,3.15,1.34,24.56,62.05,18.14,2.98,0.61,199.54,6.323962365479414,WR,60.06,21.8,3.48,0.9,37.02,60.38,21.97,3.55,0.86,41.85,59.59,30.81,1.28,0.64,281.91,6.6791616240363565,WR,59.63,28.34,3.35,1.88,84.92,59.97,28.36,3.21,2.19,90.54,62.06,35.62,3.9,0.67,326.46,11.17827356974233,RB,63.51,28.49,1.56,1.6,288.36,63.66,28.43,1.53,1.79,289.39,58.85,35.81,3.57,0.92,342.27,11.695212695799938,TE,55.06,31.53,3.55,1.88,82.95,54.79,31.76,3.66,1.48,84.14,61.63,24.45,281.58,0.71,94.79,1.23,0,C
60.27,16.42,2.96,0.55,206.02,8.148251346147834,WR,58.8,21.26,3.07,1.2,21.83,58.5,21.17,3.01,1.14,20.88,62.0,17.85,2.99,0.41,204.61,6.596377793910837,WR,60.06,21.8,3.48,0.9,37.02,59.74,21.64,3.41,1.05,32.76,59.53,30.92,1.25,0.6,281.91,6.83687062916946,WR,59.63,28.34,3.35,1.88,84.92,59.97,28.36,3.21,2.19,90.54,61.98,36.0,3.85,0.78,320.24,11.563152684281219,RB,63.51,28.49,1.56,1.6,288.36,60.87,28.34,2.73,2.24,111.65,58.78,36.15,3.48,1.04,341.0,12.070998301714733,TE,55.06,31.53,3.55,1.88,82.95,54.79,31.76,3.66,1.48,84.14,61.71,24.44,282.35,0.83,99.97,1.19,0,C
60.16,16.15,2.92,0.62,208.4,8.429104341506283,WR,58.5,21.17,3.01,1.14,20.88,58.8,21.26,3.07,1.2,21.83,61.94,17.55,2.94,0.62,205.32,6.871637359465356,WR,59.74,21.64,3.41,1.05,32.76,60.06,21.8,3.48,0.9,37.02,59.48,31.04,1.26,0.74,281.91,7.011454913211663,WR,59.63,28.34,3.35,1.88,84.92,59.97,28.36,3.21,2.19,90.54,61.89,36.37,3.8,0.98,309.7,11.950418402717116,RB,63.51,28.49,1.56,1.6,288.36,60.87,28.34,2.73,2.24,111.65,58.72,36.49,3.37,1.09,339.02,12.454308491441827,TE,54.79,31.76,3.66,1.48,84.14,55.06,31.53,3.55,1.88,82.95,61.79,24.42,283.2,0.94,102.14,1.02,0,C
60.05,15.89,2.83,0.81,213.38,8.704539045808225,WR,58.5,21.17,3.01,1.14,20.88,58.8,21.26,3.07,1.2,21.83,61.88,17.27,2.88,0.75,207.72,7.129999999999999,WR,59.74,21.64,3.41,1.05,32.76,60.06,21.8,3.48,0.9,37.02,59.43,31.16,1.25,0.89,279.04,7.190278158736283,WR,59.63,28.34,3.35,1.88,84.92,59.97,28.36,3.21,2.19,90.54,61.79,36.73,3.73,1.05,307.37,12.330328462778272,RB,63.51,28.49,1.56,1.6,288.36,55.73,30.86,2.74,4.23,80.5,58.66,36.82,3.27,1.15,338.1,12.830619626502848,TE,53.34,40.11,1.0,0.71,92.4,53.28,40.02,1.02,0.64,88.65,61.88,24.4,283.2,0.96,103.21,0.59,0,C
59.94,15.63,2.75,0.91,217.39,8.974920612462263,WR,58.5,21.17,3.01,1.14,20.88,58.2,21.09,2.87,0.7,22.04,61.81,16.99,2.86,0.7,208.46,7.381957734910166,WR,59.74,21.64,3.41,1.05,32.76,59.43,21.5,3.31,1.23,26.73,59.4,31.28,1.24,0.94,276.46,7.375940617982224,WR,59.63,28.34,3.35,1.88,84.92,59.97,28.36,3.21,2.19,90.54,61.69,37.1,3.76,0.79,304.58,12.733302792284492,RB,55.53,31.07,3.09,3.48,81.08,55.73,30.86,2.74,4.23,80.5,58.6,37.13,3.16,1.21,338.1,13.200075757358364,TE,53.34,40.11,1.0,0.71,92.4,53.28,40.02,1.02,0.64,88.65,61.98,24.37,283.2,0.99,104.08,0.28,0,C
59.83,15.39,2.66,1.04,221.49,9.23575660138356,WR,58.2,21.09,2.87,0.7,22.04,58.5,21.17,3.01,1.14,20.88,61.75,16.71,2.81,0.69,210.02,7.646698634051169,WR,59.43,21.5,3.31,1.23,26.73,59.74,21.64,3.41,1.05,32.76,59.38,31.4,1.23,1.01,270.87,7.545767025293051,WR,59.63,28.34,3.35,1.88,84.92,59.97,28.36,3.21,2.19,90.54,58.55,37.44,3.02,1.3,337.51,13.55501752119856,TE,53.34,40.11,1.0,0.71,92.4,53.38,40.2,1.0,0.74,99.68,61.58,37.45,3.73,0.75,296.62,13.109160918990966,RB,53.49,40.46,0.87,0.6,108.37,53.46,40.38,0.95,0.51,104.2,62.07,24.35,281.89,0.97,103.34,0.09,0,C
59.71,15.15,2.54,1.18,223.09,9.503893938802136,WR,58.2,21.09,2.87,0.7,22.04,58.5,21.17,3.01,1.14,20.88,61.69,16.44,2.76,0.69,210.02,7.904587275753236,WR,59.43,21.5,3.31,1.23,26.73,59.74,21.64,3.41,1.05,32.76,59.37,31.53,1.23,0.9,267.94,7.725283166331191,WR,59.63,28.34,3.35,1.88,84.92,59.97,28.36,3.21,2.19,90.54,58.52,37.73,2.88,1.39,337.51,13.888214428068137,TE,53.34,40.11,1.0,0.71,92.4,53.38,40.2,1.0,0.74,99.68,61.47,37.81,3.68,0.82,298.01,13.49816283795688,RB,53.49,40.46,0.87,0.6,108.37,53.46,40.38,0.95,0.51,104.2,62.17,24.33,279.42,0.91,101.76,0.44,0,C
59.6,14.93,2.46,1.12,225.93,9.747148300913452,WR,58.2,21.09,2.87,0.7,22.04,57.92,21.03,2.76,0.99,23.88,61.62,16.17,2.73,0.6,208.02,8.16434320689668,WR,59.43,21.5,3.31,1.23,26.73,59.11,21.37,3.15,1.34,24.56,59.37,31.65,1.2,0.79,265.81,7.884795495128584,WR,59.63,28.34,3.35,1.88,84.92,59.97,28.36,3.21,2.19,90.54,58.49,38.01,2.75,1.43,338.1,14.206604098094658,TE,53.42,40.29,0.98,0.63,102.23,53.38,40.2,1.0,0.74,99.68,61.35,38.16,3.62,0.81,298.01,13.879211072679885,RB,53.49,40.46,0.87,0.6,108.37,53.51,40.55,0.82,0.81,122.03,62.25,24.31,276.91,0.84,99.52,0.69,0,C
59.49,14.71,2.41,0.96,231.31,10.001684858062664,WR,58.2,21.09,2.87,0.7,22.04,57.92,21.03,2.76,0.99,23.88,61.56,15.91,2.64,0.74,203.45,8.42525963991615,WR,59.43,21.5,3.31,1.23,26.73,59.11,21.37,3.15,1.34,24.56,59.37,31.77,1.16,0.76,262.92,8.035079339994098,WR,59.63,28.34,3.35,1.88,84.92,56.26,30.3,0.01,0.01,96.88,58.46,38.28,2.61,1.44,338.1,14.505767818354187,TE,53.46,40.38,0.95,0.51,104.2,53.42,40.29,0.98,0.63,102.23,61.23,38.49,3.49,1.1,290.71,14.232571798519059,RB,53.49,40.46,0.87,0.6,108.37,53.51,40.55,0.82,0.81,122.03,62.33,24.3,273.87,0.79,97.89,0.71,0,C
59.37,14.5,2.31,0.93,237.97,10.251131644847801,WR,57.92,21.03,2.76,0.99,23.88,58.2,21.09,2.87,0.7,22.04,61.5,15.66,2.6,0.67,205.45,8.677845354694908,WR,59.11,21.37,3.15,1.34,24.56,59.43,21.5,3.31,1.23,26.73,59.38,31.88,1.08,0.73,261.13,8.17245373189717,WR,56.26,30.3,0.01,0.01,96.88,56.26,30.3,0.01,0.01,95.83,58.44,38.53,2.48,1.42,336.81,14.783047723659694,TE,53.46,40.38,0.95,0.51,104.2,53.49,40.46,0.87,0.6,108.37,61.12,38.81,3.37,1.28,286.47,14.577191087448915,RB,53.49,40.46,0.87,0.6,108.37,53.51,40.55,0.82,0.81,122.03,62.41,24.29,271.45,0.75,95.27,0.65,0,C
59.27,14.31,2.22,0.92,243.92,10.474015466858924,WR,57.92,21.03,2.76,0.99,23.88,58.2,21.09,2.87,0.7,22.04,61.44,15.4,2.55,0.67,207.68,8.940693485407047,WR,59.11,21.37,3.15,1.34,24.56,59.43,21.5,3.31,1.23,26.73,59.39,31.98,1.0,0.7,257.39,8.296872904896155,WR,56.26,30.3,0.01,0.01,96.88,56.26,30.3,0.01,0.01,95.83,58.43,38.77,2.36,1.34,335.13,15.045351441558287,TE,53.49,40.46,0.87,0.6,108.37,53.46,40.38,0.95,0.51,104.2,60.99,39.12,3.25,1.39,281.6,14.914613638978379,RB,53.51,40.55,0.82,0.81,122.03,53.49,40.46,0.87,0.6,108.37,62.48,24.28,269.31,0.7,92.61,0.65,0,C
59.17,14.12,2.12,0.92,250.93,10.707474025184466,WR,57.92,21.03,2.76,0.99,23.88,58.2,21.09,2.87,0.7,22.04,61.38,15.16,2.53,0.63,216.35,9.194743063294373,WR,59.11,21.37,3.15,1.34,24.56,58.8,21.26,3.07,1.2,21.83,59.4,32.08,0.93,0.71,254.66,8.412044935685968,WR,56.26,30.3,0.01,0.01,96.88,56.26,30.3,0.01,0.01,95.83,58.42,39.0,2.24,1.24,335.13,15.28840410245621,TE,53.49,40.46,0.87,0.6,108.37,53.46,40.38,0.95,0.51,104.2,60.87,39.42,3.14,1.39,281.6,15.232924866879637,RB,53.51,40.55,0.82,0.81,122.03,53.52,40.62,0.73,0.96,134.15,62.55,24.28,268.31,0.62,92.08,0.64,0,C
59.07,13.94,2.02,0.94,255.82,10.929190271927745,WR,57.92,21.03,2.76,0.99,23.88,58.2,21.09,2.87,0.7,22.04,61.31,14.91,2.5,0.74,216.35,9.459751582361982,WR,59.11,21.37,3.15,1.34,24.56,58.8,21.26,3.07,1.2,21.83,59.4,32.17,0.9,0.63,253.62,8.51799272129297,WR,56.26,30.3,0.01,0.01,96.88,56.26,30.3,0.01,0.01,95.83,58.41,39.22,2.11,1.22,333.34,15.519136573920598,TE,53.49,40.46,0.87,0.6,108.37,53.51,40.55,0.82,0.81,122.03,60.75,39.71,3.05,1.27,279.86,15.541701966001021,RB,53.53,40.69,0.67,1.0,147.29,53.52,40.62,0.73,0.96,134.15,62.61,24.28,268.31,0.55,92.18,0.61,0,C
58.97,13.76,1.94,0.92,259.24,11.138949681186283,WR,57.92,21.03,2.76,0.99,23.88,57.64,21.0,2.58,1.79,25.59,61.24,14.68,2.39,0.96,216.35,9.6945603304121,WR,58.8,21.26,3.07,1.2,21.83,59.11,21.37,3.15,1.34,24.56,59.4,32.26,0.9,0.5,253.62,8.629466959204374,WR,56.26,30.3,0.01,0.01,96.88,56.26,30.3,0.01,0.01,95.83,58.4,39.42,2.0,1.14,331.83,15.737537926880432,TE,53.51,40.55,0.82,0.81,122.03,53.49,40.46,0.87,0.6,108.37,60.63,39.99,2.98,1.12,275.99,15.850529959594413,RB,53.53,40.69,0.67,1.0,147.29,53.52,40.62,0.73,0.96,134.15,62.66,24.27,268.31,0.47,96.42,0.63,0,C
58.88,13.6,1.82,0.97,260.7,11.32378028751883,WR,57.92,21.03,2.76,0.99,23.88,57.64,21.0,2.58,1.79,25.59,61.16,14.46,2.34,0.93,216.35,9.920262093311852,WR,58.8,21.26,3.07,1.2,21.83,59.11,21.37,3.15,1.34,24.56,59.4,32.35,0.91,0.4,253.62,8.737167733310379,WR,56.26,30.3,0.01,0.01,96.88,56.26,30.3,0.01,0.01,95.83,58.39,39.62,1.91,1.04,328.54,15.95323478169866,TE,53.51,40.55,0.82,0.81,122.03,53.49,40.46,0.87,0.6,108.37,60.52,40.25,2.83,1.22,268.8,16.13792117963153,RB,53.53,40.69,0.67,1.0,147.29,53.52,40.62,0.73,0.96,134.15,62.7,24.26,268.31,0.42,107.29,0.68,0,C
58.79,13.46,1.66,1.19,259.71,11.480892822424568,WR,57.92,21.03,2.76,0.99,23.88,57.64,21.0,2.58,1.79,25.59,61.09,14.24,2.26,1.03,218.0,10.135210900617706,WR,58.8,21.26,3.07,1.2,21.83,58.5,21.17,3.01,1.14,20.88,59.39,32.44,0.9,0.36,253.62,8.857906073107797,WR,56.26,30.3,0.01,0.01,96.88,56.26,30.3,0.01,0.01,95.83,58.38,39.8,1.79,1.04,325.03,16.159306915830268,TE,53.51,40.55,0.82,0.81,122.03,53.52,40.62,0.73,0.96,134.15,60.41,40.51,2.7,1.26,266.09,16.435990995373537,RB,53.53,40.69,0.67,1.0,147.29,53.52,40.62,0.73,0.96,134.15,62.74,24.24,265.26,0.41,111.58,0.55,0,C
58.7,13.32,1.57,1.08,256.55,11.64793973198694,WR,57.92,21.03,2.76,0.99,23.88,57.64,21.0,2.58,1.79,25.59,61.0,14.03,2.16,1.07,220.15,10.354148926879507,WR,58.8,21.26,3.07,1.2,21.83,58.5,21.17,3.01,1.14,20.88,59.38,32.53,0.85,0.39,254.65,8.969392398596462,WR,56.26,30.3,0.01,0.01,96.88,56.26,30.3,0.01,0.01,95.83,58.38,39.98,1.67,1.06,319.68,16.35305781803513,TE,53.53,40.69,0.67,1.0,147.29,53.52,40.62,0.73,0.96,134.15,60.32,40.75,2.49,1.54,261.01,16.702155549509172,RB,53.53,40.69,0.67,1.0,147.29,53.52,40.76,0.61,0.95,160.48,62.78,24.23,265.26,0.35,119.61,0.58,0,C
58.62,13.19,1.49,0.98,253.07,11.786127438645826,WR,57.92,21.03,2.76,0.99,23.88,57.64,21.0,2.58,1.79,25.59,60.92,13.83,2.11,0.89,221.58,10.548876717451957,WR,58.8,21.26,3.07,1.2,21.83,58.5,21.17,3.01,1.14,20.88,59.36,32.61,0.83,0.31,255.26,9.077092045363425,WR,56.26,30.3,0.01,0.01,96.88,56.26,30.3,0.01,0.01,95.83,58.37,40.13,1.49,1.23,312.91,16.52486913715204,TE,53.53,40.69,0.67,1.0,147.29,53.52,40.62,0.73,0.96,134.15,60.23,40.97,2.3,1.74,259.25,16.955898678630984,RB,53.53,40.69,0.67,1.0,147.29,53.52,40.76,0.61,0.95,160.48,62.8,24.21,264.39,0.27,126.21,0.61,0,C
58.54,13.06,1.4,0.92,249.84,11.92456707809554,WR,51.19,9.97,0.3,4.27,18.36,51.17,10.0,0.69,3.56,25.77,60.85,13.64,2.03,0.87,222.65,10.732352957296923,WR,58.5,21.17,3.01,1.14,20.88,58.8,21.26,3.07,1.2,21.83,59.36,32.68,0.72,0.48,255.26,9.167971422294029,WR,56.26,30.3,0.01,0.01,96.88,56.26,30.3,0.01,0.01,95.83,58.37,40.28,1.38,1.17,304.86,16.69402887262389,TE,53.53,40.69,0.67,1.0,147.29,53.52,40.62,0.73,0.96,134.15,60.14,41.17,2.11,1.83,261.36,17.19019487963996,RB,53.53,40.69,0.67,1.0,147.29,53.52,40.76,0.61,0.95,160.48,62.82,24.19,264.39,0.23,132.58,0.53,0,C
58.47,12.95,1.33,0.85,247.76,12.05030290075731,WR,51.19,9.97,0.3,4.27,18.36,51.17,10.0,0.69,3.56,25.77,60.77,13.45,1.94,0.9,225.12,10.92784516727795,WR,58.5,21.17,3.01,1.14,20.88,58.8,21.26,3.07,1.2,21.83,59.35,32.74,0.62,0.65,255.93,9.244117048155548,WR,56.26,30.3,0.01,0.01,96.88,56.26,30.3,0.01,0.01,95.83,58.36,40.41,1.29,1.1,300.84,16.836962315097104,TE,53.53,40.69,0.67,1.0,147.29,53.52,40.62,0.73,0.96,134.15,60.07,41.36,1.93,1.77,262.63,17.401876335613927,RB,53.53,40.69,0.67,1.0,147.29,53.52,40.76,0.61,0.95,160.48,62.84,24.18,264.39,0.17,139.69,0.55,0,C
58.41,12.83,1.26,0.85,245.71,12.174584181810896,WR,51.19,9.97,0.3,4.27,18.36,51.17,10.0,0.69,3.56,25.77,60.7,13.28,1.85,0.91,227.14,11.098274640681769,WR,58.5,21.17,3.01,1.14,20.88,58.2,21.09,2.87,0.7,22.04,59.35,32.8,0.55,0.72,257.79,9.30897416475091,WR,56.26,30.3,0.01,0.01,96.88,56.26,30.3,0.01,0.01,95.83,58.36,40.53,1.18,1.08,297.52,16.962311163281967,TE,53.53,40.69,0.67,1.0,147.29,53.52,40.62,0.73,0.96,134.15,60.01,41.53,1.73,1.76,265.51,17.5891585927241,RB,53.53,40.69,0.67,1.0,147.29,53.52,40.76,0.61,0.95,160.48,62.84,24.17,263.74,0.1,150.65,0.58,0,C
58.36,12.72,1.21,0.8,243.75,12.289576884498507,WR,51.19,9.97,0.3,4.27,18.36,51.17,10.0,0.69,3.56,25.77,60.63,13.11,1.78,0.84,229.3,11.270798552010413,WR,58.5,21.17,3.01,1.14,20.88,58.2,21.09,2.87,0.7,22.04,59.35,32.85,0.49,0.66,258.72,9.368356312608952,WR,56.26,30.3,0.01,0.01,96.88,56.26,30.3,0.01,0.01,95.83,58.34,40.65,1.04,1.16,293.11,17.09561932191987,TE,53.53,40.69,0.67,1.0,147.29,53.52,40.62,0.73,0.96,134.15,59.95,41.69,1.52,1.81,267.86,17.768255401136035,RB,53.52,40.76,0.61,0.95,160.48,53.53,40.69,0.67,1.0,147.29,62.85,24.16,263.74,0.09,174.55,0.47,0,C
58.32,12.61,1.1,0.85,242.9,12.39727792702898,WR,51.19,9.97,0.3,4.27,18.36,51.17,10.0,0.69,3.56,25.77,60.57,12.94,1.74,0.75,230.74,11.43951484985268,WR,58.5,21.17,3.01,1.14,20.88,58.2,21.09,2.87,0.7,22.04,59.35,32.9,0.46,0.49,259.56,9.424038412485382,WR,56.26,30.3,0.01,0.01,96.88,56.26,30.3,0.01,0.01,95.83,58.33,40.75,0.91,1.18,289.21,17.20437153749012,TE,53.53,40.69,0.67,1.0,147.29,53.52,40.76,0.61,0.95,160.48,59.91,41.82,1.33,1.75,265.24,17.912914335752294,RB,53.52,40.76,0.61,0.95,160.48,53.51,40.82,0.57,0.78,178.39,62.85,24.15,263.74,0.08,201.99,0.4,0,C
58.28,12.51,1.01,0.82,242.9,12.492017451156562,WR,51.19,9.97,0.3,4.27,18.36,51.17,10.0,0.69,3.56,25.77,60.5,12.78,1.66,0.78,231.49,11.5984999030047,WR,58.2,21.09,2.87,0.7,22.04,58.5,21.17,3.01,1.14,20.88,59.35,32.95,0.45,0.29,259.56,9.476085689777191,WR,56.26,30.3,0.01,0.01,96.88,56.26,30.3,0.01,0.01,95.83,58.32,40.83,0.85,0.98,286.96,17.291226098805137,TE,53.53,40.69,0.67,1.0,147.29,53.52,40.76,0.61,0.95,160.48,59.88,41.94,1.13,1.72,261.77,18.04443404487932,RB,53.51,40.82,0.57,0.78,178.39,53.52,40.76,0.61,0.95,160.48,62.84,24.14,264.51,0.07,221.56,0.3,0,C
58.24,12.42,0.89,1.0,242.9,12.581100905723632,WR,51.19,9.97,0.3,4.27,18.36,51.17,10.0,0.69,3.56,25.77,60.43,12.64,1.6,0.75,232.94,11.740025553634881,WR,58.2,21.09,2.87,0.7,22.04,58.5,21.17,3.01,1.14,20.88,59.35,32.99,0.44,0.18,260.56,9.522588933688153,WR,56.26,30.3,0.01,0.01,96.88,56.26,30.3,0.01,0.01,95.83,58.31,40.91,0.75,0.9,283.76,17.38071632585953,TE,53.53,40.69,0.67,1.0,147.29,53.52,40.76,0.61,0.95,160.48,59.85,42.05,1.05,1.36,260.17,18.167732384642832,RB,53.51,40.82,0.57,0.78,178.39,53.52,40.76,0.61,0.95,160.48,62.84,24.13,264.51,0.1,204.28,0.11,0,C
58.21,12.35,0.76,1.09,245.88,12.644259567092098,WR,51.19,9.97,0.3,4.27,18.36,51.17,10.0,0.69,3.56,25.77,60.36,12.49,1.58,0.64,234.32,11.889398639123849,WR,58.2,21.09,2.87,0.7,22.04,58.5,21.17,3.01,1.14,20.88,59.34,33.03,0.45,0.26,262.04,9.56912744193534,WR,56.26,30.3,0.01,0.01,96.88,56.26,30.3,0.01,0.01,95.83,58.3,40.98,0.62,0.97,278.3,17.457963798793944,TE,53.53,40.69,0.67,1.0,147.29,53.52,40.76,0.61,0.95,160.48,59.83,42.15,0.95,1.14,258.48,18.27788007401296,RB,53.51,40.82,0.57,0.78,178.39,53.5,40.86,0.47,0.74,191.26,62.83,24.12,264.51,0.11,218.11,0.11,0,C
58.18,12.28,0.69,1.0,245.88,12.70741909279772,WR,51.19,9.97,0.3,4.27,18.36,51.17,10.0,0.69,3.56,25.77,60.29,12.35,1.55,0.55,234.32,12.029068958152996,WR,58.2,21.09,2.87,0.7,22.04,57.92,21.03,2.76,0.99,23.88,59.33,33.08,0.47,0.39,264.09,9.625019480499766,WR,56.26,30.3,0.01,0.01,96.88,56.26,30.3,0.01,0.01,95.83,58.31,41.04,0.56,0.94,276.19,17.52041666171213,TE,53.53,40.69,0.67,1.0,147.29,53.52,40.76,0.61,0.95,160.48,59.82,42.24,0.81,1.11,255.06,18.3765312287167,RB,53.51,40.82,0.57,0.78,178.39,53.5,40.86,0.47,0.74,191.26,62.82,24.11,264.51,0.12,224.97,0.08,0,C
60.22,12.21,1.54,0.37,234.32,12.190492196790089,WR,58.2,21.09,2.87,0.7,22.04,57.92,21.03,2.76,0.99,23.88,58.15,12.22,0.62,0.84,247.19,12.783540198239299,WR,51.19,9.97,0.3,4.27,18.36,51.17,10.0,0.69,3.56,25.77,59.31,33.12,0.47,0.47,261.29,9.66023291644668,WR,56.26,30.3,0.01,0.01,96.88,56.26,30.3,0.01,0.01,95.83,58.32,41.1,0.53,0.89,273.71,17.56617203604701,TE,53.53,40.69,0.67,1.0,147.29,53.52,40.76,0.61,0.95,160.48,59.82,42.31,0.7,1.07,251.75,18.435728897985022,RB,53.51,40.82,0.57,0.78,178.39,53.5,40.86,0.47,0.74,191.26,62.82,24.12,264.51,0.07,248.09,0.07,0,C
60.16,12.07,1.53,0.27,234.32,12.32818315892492,WR,51.19,9.97,0.3,4.27,18.36,51.17,10.0,0.69,3.56,25.77,58.13,12.16,0.55,0.69,249.07,12.83374068617564,WR,51.19,9.97,0.3,4.27,18.36,51.17,10.0,0.69,3.56,25.77,59.29,33.16,0.42,0.39,257.42,9.710453130518678,WR,56.26,30.3,0.01,0.01,96.88,56.26,30.3,0.01,0.01,95.83,58.34,41.14,0.5,0.9,270.14,17.60686797814989,TE,53.53,40.69,0.67,1.0,147.29,53.52,40.76,0.61,0.95,160.48,59.82,42.38,0.62,0.97,249.61,18.51304945167057,RB,53.51,40.82,0.57,0.78,178.39,53.5,40.86,0.47,0.74,191.26,62.81,24.11,264.51,0.07,249.75,0.06,0,C
60.1,11.93,1.49,0.34,233.37,12.475672326572221,WR,51.19,9.97,0.3,4.27,18.36,51.17,10.0,0.69,3.56,25.77,58.12,12.11,0.51,0.57,251.17,12.880310555262245,WR,51.19,9.97,0.3,4.27,18.36,51.17,10.0,0.69,3.56,25.77,59.27,33.2,0.37,0.46,256.13,9.7513588796639,WR,56.26,30.3,0.01,0.01,96.88,56.26,30.3,0.01,0.01,95.83,58.37,41.19,0.48,0.86,267.84,17.64514947513905,TE,53.53,40.69,0.67,1.0,147.29,53.52,40.76,0.61,0.95,160.48,59.82,42.43,0.5,0.9,246.7,18.560786621261503,RB,53.5,40.86,0.47,0.74,191.26,53.51,40.82,0.57,0.78,178.39,62.8,24.11,264.51,0.08,261.06,0.05,0,C
60.03,11.79,1.48,0.32,233.96,12.627561126361652,WR,51.19,9.97,0.3,4.27,18.36,51.17,10.0,0.69,3.56,25.77,58.11,12.07,0.41,0.81,256.74,12.92121124353286,WR,51.19,9.97,0.3,4.27,18.36,51.17,10.0,0.69,3.56,25.77,59.25,33.22,0.27,0.64,254.14,9.777249101869092,WR,56.26,30.3,0.01,0.01,96.88,56.26,30.3,0.01,0.01,95.83,58.4,41.22,0.42,0.81,266.15,17.666694654065882,TE,53.53,40.69,0.67,1.0,147.29,53.52,40.76,0.61,0.95,160.48,59.82,42.47,0.39,0.92,242.92,18.60026881526178,RB,53.5,40.86,0.47,0.74,191.26,53.51,40.82,0.57,0.78,178.39,62.8,24.11,264.51,0.08,252.02,0.04,0,C
59.97,11.67,1.4,0.54,234.98,12.74587384214986,WR,51.19,9.97,0.3,4.27,18.36,51.17,10.0,0.69,3.56,25.77,58.12,12.03,0.38,0.75,261.36,12.94193957643135,WR,51.19,9.97,0.3,4.27,18.36,51.17,10.0,0.69,3.56,25.77,59.24,33.24,0.2,0.77,255.84,9.805207799939785,WR,56.26,30.3,0.01,0.01,96.88,56.26,30.3,0.01,0.01,95.83,58.43,41.24,0.41,0.52,264.39,17.685847449302507,TE,53.53,40.69,0.67,1.0,147.29,53.52,40.76,0.61,0.95,160.48,59.82,42.5,0.27,0.91,239.94,18.638157097739033,RB,53.5,40.86,0.47,0.74,191.26,53.51,40.82,0.57,0.78,178.39,62.79,24.1,264.51,0.09,249.4,0.05,0,C
59.91,11.54,1.45,0.21,233.5,12.86200606437425,WR,51.19,9.97,0.3,4.27,18.36,51.17,10.0,0.69,3.56,25.77,58.12,11.99,0.34,0.68,266.81,12.953401097781231,WR,51.19,9.97,0.3,4.27,18.36,51.17,10.0,0.69,3.56,25.77,59.23,33.26,0.12,0.81,255.84,9.838902377806177,WR,56.26,30.3,0.01,0.01,96.88,56.26,30.3,0.01,0.01,95.83,58.46,41.26,0.3,0.64,264.39,17.71238267427621,TE,53.53,40.69,0.67,1.0,147.29,53.52,40.76,0.61,0.95,160.48,59.82,42.52,0.15,0.93,239.94,18.67447723498573,RB,53.5,40.86,0.47,0.74,191.26,53.51,40.82,0.57,0.78,178.39,62.77,24.08,264.51,0.1,240.2,0.06,0,C
59.85,11.41,1.4,0.39,233.5,13.007397895044189,WR,51.19,9.97,0.3,4.27,18.36,51.17,10.0,0.69,3.56,25.77,58.13,11.96,0.29,0.52,271.13,12.980034668674808,WR,51.19,9.97,0.3,4.27,18.36,51.17,10.0,0.69,3.56,25.77,59.23,33.27,0.08,0.72,255.84,9.831724162119281,WR,56.26,30.3,0.01,0.01,96.88,56.26,30.3,0.01,0.01,95.83,58.48,41.27,0.24,0.65,263.24,17.702691885699195,TE,53.53,40.69,0.67,1.0,147.29,53.52,40.76,0.61,0.95,160.48,59.82,42.53,0.06,0.91,237.67,18.671328286975193,RB,53.5,40.86,0.47,0.74,191.26,53.51,40.82,0.57,0.78,178.39,62.75,24.09,264.51,0.11,253.24,0.07,0,C
59.78,11.29,1.3,0.8,234.86,13.14753589080479,WR,51.19,9.97,0.3,4.27,18.36,51.17,10.0,0.69,3.56,25.77,58.14,11.94,0.2,0.5,272.73,13.000984578100233,WR,51.19,9.97,0.3,4.27,18.36,51.17,10.0,0.69,3.56,25.77,59.23,33.28,0.06,0.68,254.27,9.828148350528702,WR,56.25,30.31,0.05,0.06,109.3,56.25,30.31,0.04,0.05,109.3,58.5,41.26,0.18,0.67,262.01,17.676062910048717,TE,53.53,40.69,0.67,1.0,147.29,53.52,40.76,0.61,0.95,160.48,59.82,42.53,0.04,0.92,236.47,18.659884779922947,RB,53.5,40.86,0.47,0.74,191.26,53.51,40.82,0.57,0.78,178.39,62.74,24.1,265.55,0.1,263.27,0.07,0,C
59.72,11.18,1.3,0.68,238.15,13.273466013065313,WR,51.19,9.97,0.3,4.27,18.36,51.17,10.0,0.69,3.56,25.77,58.14,11.93,0.11,0.59,275.11,13.01264000885293,WR,51.19,9.97,0.3,4.27,18.36,51.17,10.0,0.69,3.56,25.77,59.23,33.28,0.07,0.27,252.65,9.811676717055045,WR,56.25,30.31,0.05,0.06,109.3,56.25,30.31,0.04,0.05,109.3,58.52,41.26,0.16,0.54,261.25,17.656797557881212,TE,53.53,40.69,0.67,1.0,147.29,53.52,40.76,0.61,0.95,160.48,59.82,42.53,0.1,0.66,238.33,18.646887139680985,RB,53.5,40.86,0.47,0.74,191.26,53.51,40.82,0.57,0.78,178.39,62.72,24.11,265.55,0.11,272.68,0.08,0,C
59.64,11.07,1.25,0.66,242.09,13.401678999289604,WR,51.19,9.97,0.3,4.27,18.36,51.17,10.0,0.69,3.56,25.77,58.13,11.92,0.08,0.7,277.31,13.024346432738957,WR,51.19,9.97,0.3,4.27,18.36,51.17,10.0,0.69,3.56,25.77,59.23,33.29,0.07,0.13,252.65,9.80104586255977,WR,56.25,30.31,0.05,0.06,109.3,56.25,30.31,0.04,0.05,109.3,58.53,41.26,0.14,0.42,261.25,17.637607547510516,TE,53.53,40.69,0.67,1.0,147.29,53.52,40.76,0.61,0.95,160.48,59.83,42.52,0.15,0.51,240.75,18.62094519620312,RB,53.5,40.86,0.47,0.74,191.26,53.51,40.82,0.57,0.78,178.39,62.69,24.12,265.55,0.12,275.67,0.09,0,C
59.57,10.98,1.17,0.75,247.46,13.505883902951334,WR,51.19,9.97,0.3,4.27,18.36,51.17,10.0,0.69,3.56,25.77,58.12,11.92,0.14,0.77,278.37,13.023248442688944,WR,51.19,9.97,0.3,4.27,18.36,51.17,10.0,0.69,3.56,25.77,59.24,33.28,0.07,0.18,252.65,9.764763181972208,WR,56.26,30.3,0.01,0.01,96.88,56.26,30.3,0.01,0.01,95.83,58.54,41.25,0.09,0.33,261.25,17.606433483246967,TE,53.53,40.69,0.67,1.0,147.29,53.52,40.76,0.61,0.95,160.48,59.84,42.51,0.16,0.29,244.94,18.593560713322233,RB,53.5,40.86,0.47,0.74,191.26,53.51,40.82,0.57,0.78,178.39,62.65,24.13,266.4,0.14,280.05,0.11,0,C
59.5,10.89,1.08,0.89,249.38,13.612380394332213,WR,51.19,9.97,0.3,4.27,18.36,51.17,10.0,0.69,3.56,25.77,58.1,11.92,0.19,0.68,279.08,13.029151929423495,WR,51.19,9.97,0.3,4.27,18.36,51.17,10.0,0.69,3.56,25.77,59.25,33.28,0.09,0.13,252.65,9.741483459925393,WR,56.26,30.3,0.01,0.01,96.88,56.26,30.3,0.01,0.01,95.83,58.55,41.25,0.05,0.42,261.84,17.587410269849283,TE,53.53,40.69,0.67,1.0,147.29,53.52,40.76,0.61,0.95,160.48,59.85,42.5,0.19,0.2,246.37,18.56778123524725,RB,53.5,40.86,0.47,0.74,191.26,53.51,40.82,0.57,0.78,178.39,62.62,24.14,265.69,0.15,282.0,0.12,0,C
59.43,10.82,1.0,0.8,252.75,13.699434294889699,WR,51.19,9.97,0.3,4.27,18.36,51.17,10.0,0.69,3.56,25.77,58.09,11.93,0.22,0.53,280.72,13.022227152065808,WR,51.19,9.97,0.3,4.27,18.36,51.17,10.0,0.69,3.56,25.77,59.26,33.26,0.16,0.13,253.73,9.69953607137991,WR,56.26,30.3,0.01,0.01,96.88,56.26,30.3,0.01,0.01,95.83,58.55,41.25,0.04,0.33,262.46,17.570759801442854,TE,53.53,40.69,0.67,1.0,147.29,53.52,40.76,0.61,0.95,160.48,59.87,42.49,0.18,0.09,247.3,18.54060408940335,RB,53.5,40.86,0.47,0.74,191.26,53.51,40.82,0.57,0.78,178.39,62.59,24.15,265.69,0.15,283.08,0.12,0,C
59.37,10.75,0.89,0.83,256.3,13.774472766679674,WR,51.19,9.97,0.3,4.27,18.36,51.17,10.0,0.69,3.56,25.77,58.07,11.93,0.2,0.21,281.3,13.018774903960818,WR,51.19,9.97,0.3,4.27,18.36,51.17,10.0,0.69,3.56,25.77,59.26,33.25,0.14,0.06,253.73,9.679876032264053,WR,56.26,30.3,0.01,0.01,96.88,56.26,30.3,0.01,0.01,95.83,58.55,41.25,0.01,0.25,262.46,17.563886244222832,TE,53.53,40.69,0.67,1.0,147.29,53.52,40.76,0.61,0.95,160.48,59.89,42.48,0.2,0.04,249.11,18.523439205503927,RB,53.5,40.86,0.47,0.74,191.26,53.51,40.82,0.57,0.78,178.39,62.56,24.15,266.27,0.14,281.01,0.13,0,C
59.3,10.7,0.83,0.73,258.7,13.834742498507154,WR,51.19,9.97,0.3,4.27,18.36,51.17,10.0,0.69,3.56,25.77,58.06,11.93,0.18,0.09,280.37,13.015329423414528,WR,51.19,9.97,0.3,4.27,18.36,51.17,10.0,0.69,3.56,25.77,59.25,33.23,0.13,0.03,253.73,9.657665349348152,WR,56.26,30.3,0.01,0.01,96.88,56.26,30.3,0.01,0.01,95.83,58.56,41.25,0.02,0.21,263.18,17.55706125751118,TE,53.53,40.69,0.67,1.0,147.29,53.52,40.76,0.61,0.95,160.48,59.89,42.47,0.18,0.02,247.57,18.510669896035637,RB,53.5,40.86,0.47,0.74,191.26,53.51,40.82,0.57,0.78,178.39,62.54,24.15,266.27,0.13,280.58,0.13,0,C
59.24,10.64,0.77,0.66,261.66,13.909827461187287,WR,51.19,9.97,0.3,4.27,18.36,51.17,10.0,0.69,3.56,25.77,58.05,11.94,0.14,0.06,280.37,13.008458786497346,WR,51.19,9.97,0.3,4.27,18.36,51.17,10.0,0.69,3.56,25.77,59.24,33.23,0.11,0.02,253.73,9.64146254465576,WR,56.26,30.3,0.01,0.01,96.88,56.26,30.3,0.01,0.01,95.83,58.55,41.25,0.04,0.17,263.18,17.542796242332635,TE,53.53,40.69,0.67,1.0,147.29,53.52,40.76,0.61,0.95,160.48,59.9,42.47,0.14,0.05,247.57,18.495085833810016,RB,53.5,40.86,0.47,0.74,191.26,53.51,40.82,0.57,0.78,178.39,62.51,24.16,265.38,0.13,281.1,0.12,0,C
59.19,10.6,0.7,0.61,264.07,13.955772999013707,WR,51.19,9.97,0.3,4.27,18.36,51.17,10.0,0.69,3.56,25.77,58.04,11.95,0.14,0.05,280.37,12.99563772963836,WR,51.19,9.97,0.3,4.27,18.36,51.17,10.0,0.69,3.56,25.77,59.23,33.21,0.12,0.03,252.13,9.619256728042975,WR,56.26,30.3,0.01,0.01,96.88,56.26,30.3,0.01,0.01,95.83,58.56,41.24,0.0,0.05,263.77,17.52630308992744,TE,53.53,40.69,0.67,1.0,147.29,53.52,40.76,0.61,0.95,160.48,59.91,42.46,0.13,0.06,248.62,18.48097400030637,RB,53.5,40.86,0.47,0.74,191.26,53.51,40.82,0.57,0.78,178.39,62.49,24.16,265.38,0.12,281.16,0.12,0,C
59.13,10.57,0.6,0.72,268.04,14.004127962854382,WR,51.19,9.97,0.3,4.27,18.36,51.17,10.0,0.69,3.56,25.77,58.03,11.94,0.12,0.06,280.97,13.011014564591035,WR,51.19,9.97,0.3,4.27,18.36,51.17,10.0,0.69,3.56,25.77,59.22,33.2,0.13,0.05,250.62,9.59705163057905,WR,56.26,30.3,0.01,0.01,96.88,56.26,30.3,0.01,0.01,95.83,58.56,41.25,0.02,0.04,263.77,17.521829242405026,TE,53.53,40.69,0.67,1.0,147.29,53.52,40.76,0.61,0.95,160.48,59.93,42.45,0.14,0.07,249.6,18.455622449540954,RB,53.5,40.86,0.47,0.74,191.26,53.51,40.82,0.57,0.78,178.39,62.47,24.17,266.68,0.11,281.32,0.11,0,C
59.08,10.54,0.53,0.66,269.19,14.042838032249753,WR,51.19,9.97,0.3,4.27,18.36,51.17,10.0,0.69,3.56,25.77,58.02,11.95,0.12,0.06,280.97,13.001615284263723,WR,51.19,9.97,0.3,4.27,18.36,51.17,10.0,0.69,3.56,25.77,59.21,33.18,0.14,0.06,249.43,9.578235745689284,WR,56.26,30.3,0.01,0.01,96.88,56.26,30.3,0.01,0.01,95.83,58.55,41.23,0.07,0.04,263.77,17.50233413005248,TE,53.53,40.69,0.67,1.0,147.29,53.52,40.76,0.61,0.95,160.48,59.93,42.45,0.11,0.07,248.53,18.454248833263303,RB,53.5,40.86,0.47,0.74,191.26,53.51,40.82,0.57,0.78,178.39,62.46,24.17,266.68,0.1,281.07,0.11,0,C
59.04,10.52,0.47,0.58,270.95,14.069491817404069,WR,51.19,9.97,0.3,4.27,18.36,51.17,10.0,0.69,3.56,25.77,58.03,11.95,0.07,0.06,281.83,12.994798959583795,WR,51.19,9.97,0.3,4.27,18.36,51.17,10.0,0.69,3.56,25.77,59.21,33.16,0.13,0.07,248.8,9.556029510209767,WR,56.26,30.3,0.01,0.01,96.88,56.26,30.3,0.01,0.01,95.83,58.54,41.22,0.09,0.02,263.77,17.492587001355744,TE,53.53,40.69,0.67,1.0,147.29,53.52,40.76,0.61,0.95,160.48,59.94,42.44,0.1,0.07,248.53,18.441610558733743,RB,53.51,40.82,0.57,0.78,178.39,53.5,40.86,0.47,0.74,191.26,62.45,24.17,266.68,0.1,282.56,0.02,0,C
59.01,10.5,0.32,0.8,273.39,14.093750388026605,WR,51.19,9.97,0.3,4.27,18.36,51.17,10.0,0.69,3.56,25.77,58.03,11.94,0.05,0.05,283.19,13.000807667218218,WR,51.19,9.97,0.3,4.27,18.36,51.17,10.0,0.69,3.56,25.77,59.2,33.17,0.11,0.07,248.8,9.565437784022222,WR,56.26,30.3,0.01,0.01,96.88,56.26,30.3,0.01,0.01,95.83,58.54,41.22,0.07,0.01,263.02,17.490354484686694,TE,53.53,40.69,0.67,1.0,147.29,53.52,40.76,0.61,0.95,160.48,59.94,42.44,0.09,0.07,249.3,18.440252167473194,RB,53.51,40.82,0.57,0.78,178.39,53.5,40.86,0.47,0.74,191.26,62.44,24.17,266.68,0.1,281.03,0.04,0,C
58.99,10.49,0.2,0.89,276.92,14.105885296570365,WR,51.19,9.97,0.3,4.27,18.36,51.17,10.0,0.69,3.56,25.77,58.04,11.93,0.02,0.03,284.37,13.00344954233299,WR,51.19,9.97,0.3,4.27,18.36,51.17,10.0,0.69,3.56,25.77,59.2,33.17,0.09,0.06,248.8,9.562055218414082,WR,56.26,30.3,0.01,0.01,96.88,56.26,30.3,0.01,0.01,95.83,58.54,41.22,0.06,0.02,263.02,17.48812740118278,TE,53.53,40.69,0.67,1.0,147.29,53.52,40.76,0.61,0.95,160.48,59.94,42.45,0.07,0.06,251.08,18.448807549540973,RB,53.5,40.86,0.47,0.74,191.26,53.51,40.82,0.57,0.78,178.39,62.43,24.17,266.68,0.09,272.01,0.11,0,C
58.97,10.48,0.11,0.88,278.64,14.130166311830868,WR,51.19,9.97,0.3,4.27,18.36,51.17,10.0,0.69,3.56,25.77,58.05,11.94,0.01,0.02,285.07,13.000076922849342,WR,51.19,9.97,0.3,4.27,18.36,51.17,10.0,0.69,3.56,25.77,59.21,33.18,0.07,0.05,248.8,9.55868191750306,WR,56.26,30.3,0.01,0.01,96.88,56.26,30.3,0.01,0.01,95.83,58.53,41.22,0.05,0.02,263.02,17.48060639680443,TE,53.53,40.69,0.67,1.0,147.29,53.52,40.76,0.61,0.95,160.48,59.94,42.46,0.05,0.05,251.08,18.448807549540973,RB,53.5,40.86,0.47,0.74,191.26,53.51,40.82,0.57,0.78,178.39,62.43,24.18,266.68,0.07,268.87,0.14,0,C
58.97,10.48,0.04,0.78,279.68,14.118023941047843,WR,51.19,9.97,0.3,4.27,18.36,51.17,10.0,0.69,3.56,25.77,58.06,11.93,0.02,0.01,285.91,12.993352146386245,WR,51.19,9.97,0.3,4.27,18.36,51.17,10.0,0.69,3.56,25.77,59.21,33.2,0.04,0.03,248.8,9.583579706977973,WR,56.26,30.3,0.01,0.01,96.88,56.26,30.3,0.01,0.01,95.83,58.53,41.23,0.05,0.02,263.02,17.497877014083734,TE,53.53,40.69,0.67,1.0,147.29,53.52,40.76,0.61,0.95,160.48,59.95,42.46,0.05,0.05,252.61,18.45602882529175,RB,53.5,40.86,0.47,0.74,191.26,53.51,40.82,0.57,0.78,178.39,62.42,24.17,265.94,0.06,236.85,0.25,0,C
58.97,10.48,0.05,0.62,280.93,14.118023941047843,WR,51.19,9.97,0.3,4.27,18.36,51.17,10.0,0.69,3.56,25.77,58.06,11.91,0.03,0.02,285.91,13.012194280750654,WR,51.19,9.97,0.3,4.27,18.36,51.17,10.0,0.69,3.56,25.77,59.21,33.2,0.03,0.03,249.67,9.583579706977973,WR,56.26,30.3,0.01,0.01,96.88,56.26,30.3,0.01,0.01,95.83,58.53,41.21,0.05,0.03,263.02,17.478378071205576,TE,53.53,40.69,0.67,1.0,147.29,53.52,40.76,0.61,0.95,160.48,59.95,42.46,0.04,0.04,253.38,18.45602882529175,RB,53.5,40.86,0.47,0.74,191.26,53.51,40.82,0.57,0.78,178.39,62.42,24.17,265.94,0.06,185.84,0.39,0,C
58.98,10.47,0.1,0.45,281.79,14.1155835869439,WR,51.19,9.97,0.3,4.27,18.36,51.17,10.0,0.69,3.56,25.77,58.06,11.9,0.03,0.02,285.91,13.012194280750654,WR,51.19,9.97,0.3,4.27,18.36,51.17,10.0,0.69,3.56,25.77,59.2,33.21,0.03,0.02,249.67,9.605774305072966,WR,56.26,30.3,0.01,0.01,96.88,56.26,30.3,0.01,0.01,95.83,58.53,41.21,0.04,0.03,263.02,17.48812740118278,TE,53.53,40.69,0.67,1.0,147.29,53.52,40.76,0.61,0.95,160.48,59.96,42.45,0.04,0.04,253.38,18.454693170031305,RB,53.51,40.82,0.57,0.78,178.39,53.5,40.86,0.47,0.74,191.26,62.42,24.16,265.07,0.12,155.04,0.5,0,C
58.99,10.47,0.12,0.29,281.79,14.098631139227665,WR,51.19,9.97,0.3,4.27,18.36,51.17,10.0,0.69,3.56,25.77,58.05,11.9,0.03,0.02,286.79,13.003449542332987,WR,51.19,9.97,0.3,4.27,18.36,51.17,10.0,0.69,3.56,25.77,59.22,33.21,0.02,0.02,249.09,9.624619472997361,WR,56.26,30.3,0.01,0.01,96.88,56.26,30.3,0.01,0.01,95.83,58.53,41.21,0.03,0.02,263.02,17.512081543894205,TE,53.53,40.69,0.67,1.0,147.29,53.52,40.76,0.61,0.95,160.48,59.95,42.46,0.03,0.03,254.16,18.48844233568637,RB,53.5,40.86,0.47,0.74,191.26,53.51,40.82,0.57,0.78,178.39,62.44,24.14,265.81,0.21,146.24,0.49,0,C
58.99,10.47,0.1,0.11,280.52,14.081693790166012,WR,51.19,9.97,0.3,4.27,18.36,51.17,10.0,0.69,3.56,25.77,58.05,11.9,0.03,0.02,286.79,12.988009855247265,WR,51.19,9.97,0.3,4.27,18.36,51.17,10.0,0.69,3.56,25.77,59.23,33.2,0.02,0.02,248.12,9.634043803097434,WR,56.26,30.3,0.01,0.01,96.88,56.26,30.3,0.01,0.01,95.83,58.53,41.21,0.02,0.02,263.02,17.533810196303598,TE,53.53,40.69,0.67,1.0,147.29,53.52,40.76,0.61,0.95,160.48,59.95,42.46,0.03,0.03,254.16,18.509608315682964,RB,53.5,40.86,0.47,0.74,191.26,53.51,40.82,0.57,0.78,178.39,62.45,24.12,265.81,0.25,139.88,0.34,0,C
59.0,10.47,0.05,0.01,279.78,14.064771594306109,WR,51.19,9.97,0.3,4.27,18.36,51.17,10.0,0.69,3.56,25.77,58.05,11.89,0.03,0.02,286.79,12.985395642798107,WR,51.19,9.97,0.3,4.27,18.36,51.17,10.0,0.69,3.56,25.77,59.23,33.2,0.01,0.02,248.12,9.659585912449872,WR,56.26,30.3,0.01,0.01,96.88,56.26,30.3,0.01,0.01,95.83,58.53,41.23,0.01,0.01,263.02,17.577272257093814,TE,53.53,40.69,0.67,1.0,147.29,53.52,40.76,0.61,0.95,160.48,59.96,42.46,0.03,0.03,255.74,18.530777101891868,RB,53.5,40.86,0.47,0.74,191.26,53.51,40.82,0.57,0.78,178.39,62.47,24.1,266.51,0.29,135.2,0.21,0,C
58.99,10.47,0.01,0.06,278.95,14.067508663583611,WR,51.19,9.97,0.3,4.27,18.36,51.17,10.0,0.69,3.56,25.77,58.06,11.89,0.02,0.02,288.04,12.986242720664047,WR,51.19,9.97,0.3,4.27,18.36,51.17,10.0,0.69,3.56,25.77,59.22,33.2,0.01,0.01,248.79,9.685876315543165,WR,56.26,30.3,0.01,0.01,96.88,56.26,30.3,0.01,0.01,95.83,58.52,41.24,0.02,0.01,263.02,17.608026578807745,TE,53.53,40.69,0.67,1.0,147.29,53.52,40.76,0.61,0.95,160.48,59.96,42.47,0.02,0.02,256.65,18.55604753173477,RB,53.5,40.86,0.47,0.74,191.26,53.51,40.82,0.57,0.78,178.39,62.51,24.09,266.51,0.33,127.21,0.12,0,C
58.98,10.47,0.04,0.05,278.24,14.06789607581745,WR,51.19,9.97,0.3,4.27,18.36,51.17,10.0,0.69,3.56,25.77,58.05,11.89,0.02,0.02,288.04,12.990619692685948,WR,51.19,9.97,0.3,4.27,18.36,51.17,10.0,0.69,3.56,25.77,59.21,33.2,0.01,0.01,248.79,9.708928880159752,WR,56.26,30.3,0.01,0.01,96.88,56.26,30.3,0.01,0.01,95.83,58.52,41.24,0.02,0.01,263.02,17.624585101499555,TE,53.53,40.69,0.67,1.0,147.29,53.52,40.76,0.61,0.95,160.48,59.96,42.48,0.02,0.02,256.65,18.58,RB,53.5,40.86,0.47,0.74,191.26,53.51,40.82,0.57,0.78,178.39,62.54,24.08,267.13,0.34,120.7,0.04,0,C
58.97,10.47,0.06,0.03,278.24,14.058737496660216,WR,51.19,9.97,0.3,4.27,18.36,51.17,10.0,0.69,3.56,25.77,58.05,11.87,0.02,0.02,288.04,13.00101919081731,WR,51.19,9.97,0.3,4.27,18.36,51.17,10.0,0.69,3.56,25.77,59.21,33.2,0.01,0.01,248.79,9.738028547914617,WR,56.26,30.3,0.01,0.01,96.88,56.26,30.3,0.01,0.01,95.83,58.52,41.24,0.02,0.01,263.02,17.650917823161492,TE,53.53,40.69,0.67,1.0,147.29,53.52,40.76,0.61,0.95,160.48,59.96,42.48,0.02,0.02,257.26,18.603991507200814,RB,53.5,40.86,0.47,0.74,191.26,53.51,40.82,0.57,0.78,178.39,62.57,24.06,267.13,0.33,122.06,0.05,0,C
58.97,10.48,0.05,0.01,278.24,14.034885108186671,WR,51.19,9.97,0.3,4.27,18.36,51.17,10.0,0.69,3.56,25.77,58.05,11.88,0.02,0.02,289.07,12.979876732850741,WR,51.19,9.97,0.3,4.27,18.36,51.17,10.0,0.69,3.56,25.77,59.21,33.21,0.01,0.01,248.79,9.773090606353758,WR,56.26,30.3,0.01,0.01,96.88,56.26,30.3,0.01,0.01,95.83,58.52,41.24,0.02,0.01,263.02,17.67497949079433,TE,53.53,40.69,0.67,1.0,147.29,53.52,40.76,0.61,0.95,160.48,59.96,42.48,0.02,0.02,257.26,18.62660731319582,RB,53.5,40.86,0.47,0.74,191.26,53.51,40.82,0.57,0.78,178.39,62.59,24.04,267.13,0.32,122.49,0.1,0,C
58.98,10.49,0.04,0.0,278.9,13.98917438593143,WR,51.19,9.97,0.3,4.27,18.36,51.17,10.0,0.69,3.56,25.77,58.04,11.88,0.02,0.02,289.07,12.952964911555963,WR,51.19,9.97,0.3,4.27,18.36,51.17,10.0,0.69,3.56,25.77,59.21,33.21,0.01,0.01,248.79,9.817540425177786,WR,56.26,30.3,0.01,0.01,96.88,56.26,30.3,0.01,0.01,95.83,58.51,41.25,0.02,0.01,263.02,17.730552726861056,TE,53.53,40.69,0.67,1.0,147.29,53.52,40.76,0.61,0.95,160.48,59.97,42.48,0.01,0.02,257.26,18.667619023324853,RB,53.5,40.86,0.47,0.74,191.26,53.51,40.82,0.57,0.78,178.39,62.61,24.0,267.13,0.32,128.51,0.14,0,C
58.98,10.48,0.03,0.0,278.9,13.984723808499046,WR,51.19,9.97,0.3,4.27,18.36,51.17,10.0,0.69,3.56,25.77,58.05,11.88,0.01,0.01,289.07,12.93778961028506,WR,51.19,9.97,0.3,4.27,18.36,51.17,10.0,0.69,3.56,25.77,59.21,33.21,0.01,0.01,248.79,9.843236256435178,WR,56.26,30.3,0.01,0.01,96.88,56.26,30.3,0.01,0.01,95.83,58.51,41.25,0.01,0.01,263.02,17.754641646623007,TE,53.53,40.69,0.67,1.0,147.29,53.52,40.76,0.61,0.95,160.48,59.97,42.47,0.01,0.01,258.15,18.6803559923252,RB,53.5,40.86,0.47,0.74,191.26,53.51,40.82,0.57,0.78,178.39,62.63,23.98,267.13,0.3,129.81,0.16,0,C
58.97,10.49,0.03,0.01,278.9,13.953995843485119,WR,51.19,9.97,0.3,4.27,18.36,51.17,10.0,0.69,3.56,25.77,58.05,11.89,0.01,0.01,288.32,12.907501694751003,WR,51.19,9.97,0.3,4.27,18.36,51.17,10.0,0.69,3.56,25.77,59.2,33.21,0.01,0.01,248.79,9.88180651500524,WR,56.26,30.3,0.01,0.01,96.88,56.26,30.3,0.01,0.01,95.83,58.51,41.24,0.01,0.01,263.02,17.778742925190187,TE,53.53,40.69,0.67,1.0,147.29,53.52,40.76,0.61,0.95,160.48,59.97,42.47,0.01,0.01,258.77,18.71290463824363,RB,53.5,40.86,0.47,0.74,191.26,53.51,40.82,0.57,0.78,178.39,62.65,23.95,267.13,0.29,132.91,0.18,0,C
58.97,10.49,0.03,0.01,278.9,13.956636414265436,WR,51.19,9.97,0.3,4.27,18.36,51.17,10.0,0.69,3.56,25.77,58.05,11.89,0.01,0.01,288.32,12.911068894557102,WR,51.19,9.97,0.3,4.27,18.36,51.17,10.0,0.69,3.56,25.77,59.2,33.21,0.01,0.01,248.07,9.885302220974328,WR,56.26,30.3,0.01,0.01,96.88,56.26,30.3,0.01,0.01,95.83,58.52,41.24,0.01,0.01,263.02,17.778742925190183,TE,53.53,40.69,0.67,1.0,147.29,53.52,40.76,0.61,0.95,160.48,59.97,42.47,0.01,0.01,258.77,18.714339421951284,RB,53.5,40.86,0.47,0.74,191.26,53.51,40.82,0.57,0.78,178.39,62.66,23.95,267.13,0.26,131.32,0.18,0,C
58.97,10.49,0.03,0.01,278.9,13.952297301878284,WR,51.19,9.97,0.3,4.27,18.36,51.17,10.0,0.69,3.56,25.77,58.06,11.88,0.01,0.01,288.32,12.914642852204624,WR,51.19,9.97,0.3,4.27,18.36,51.17,10.0,0.69,3.56,25.77,59.2,33.21,0.01,0.01,248.07,9.901681675351918,WR,56.26,30.3,0.01,0.01,96.88,56.26,30.3,0.01,0.01,95.83,58.52,41.24,0.01,0.01,263.02,17.79313350705828,TE,53.53,40.69,0.67,1.0,147.29,53.52,40.76,0.61,0.95,160.48,59.97,42.47,0.01,0.01,259.85,18.7271193727172,RB,53.5,40.86,0.47,0.74,191.26,53.51,40.82,0.57,0.78,178.39,62.68,23.94,268.37,0.23,130.12,0.17,0,C
58.96,10.5,0.03,0.02,278.21,13.947992687121685,WR,51.19,9.97,0.3,4.27,18.36,51.17,10.0,0.69,3.56,25.77,58.06,11.88,0.01,0.01,288.32,12.918223562084686,WR,51.19,9.97,0.3,4.27,18.36,51.17,10.0,0.69,3.56,25.77,59.2,33.21,0.01,0.01,248.07,9.90520065420181,WR,56.26,30.3,0.01,0.01,96.88,56.26,30.3,0.01,0.01,95.83,58.52,41.24,0.01,0.01,263.02,17.79547414372542,TE,53.53,40.69,0.67,1.0,147.29,53.52,40.76,0.61,0.95,160.48,59.96,42.47,0.01,0.01,259.85,18.730024025611925,RB,53.5,40.86,0.47,0.74,191.26,53.51,40.82,0.57,0.78,178.39,62.69,23.94,268.37,0.2,129.26,0.16,0,C
58.97,10.5,0.03,0.02,278.21,13.945321796215389,WR,51.19,9.97,0.3,4.27,18.36,51.17,10.0,0.69,3.56,25.77,58.05,11.88,0.01,0.01,286.68,12.921811018584044,WR,51.19,9.97,0.3,4.27,18.36,51.17,10.0,0.69,3.56,25.77,59.2,33.21,0.0,0.01,248.07,9.90520065420181,WR,56.26,30.3,0.01,0.01,96.88,56.26,30.3,0.01,0.01,95.83,58.52,41.23,0.0,0.01,263.02,17.785752725144917,TE,53.53,40.69,0.67,1.0,147.29,53.52,40.76,0.61,0.95,160.48,59.95,42.48,0.0,0.01,257.49,18.741376683691083,RB,53.5,40.86,0.47,0.74,191.26,53.51,40.82,0.57,0.78,178.39,62.69,23.94,269.17,0.17,128.13,0.15,0,C
58.96,10.5,0.03,0.02,277.31,13.938357148530812,WR,51.19,9.97,0.3,4.27,18.36,51.17,10.0,0.69,3.56,25.77,58.04,11.88,0.01,0.01,285.76,12.91607525527782,WR,51.19,9.97,0.3,4.27,18.36,51.17,10.0,0.69,3.56,25.77,59.21,33.21,0.0,0.0,249.34,9.911044344568337,WR,56.26,30.3,0.01,0.01,96.88,56.26,30.3,0.01,0.01,95.83,58.52,41.24,0.0,0.0,263.02,17.805195870868708,TE,53.53,40.69,0.67,1.0,147.29,53.52,40.76,0.61,0.95,160.48,59.95,42.48,0.0,0.0,257.49,18.751269290370715,RB,53.5,40.86,0.47,0.74,191.26,53.51,40.82,0.57,0.78,178.39,62.69,23.93,269.86,0.13,130.39,0.43,0,C
58.96,10.52,0.03,0.03,277.31,13.91908761377699,WR,51.19,9.97,0.3,4.27,18.36,51.17,10.0,0.69,3.56,25.77,58.04,11.89,0.0,0.01,286.88,12.906746297963712,WR,51.19,9.97,0.3,4.27,18.36,51.17,10.0,0.69,3.56,25.77,59.2,33.21,0.0,0.0,249.34,9.914560000322757,WR,56.26,30.3,0.01,0.01,96.88,56.26,30.3,0.01,0.01,95.83,58.52,41.24,0.0,0.0,263.02,17.805195870868708,TE,53.53,40.69,0.67,1.0,147.29,53.52,40.76,0.61,0.95,160.48,59.95,42.48,0.0,0.0,256.57,18.751269290370715,RB,53.5,40.86,0.47,0.74,191.26,53.51,40.82,0.57,0.78,178.39,62.69,23.93,270.55,0.04,178.2,1.06,0,C
58.96,10.52,0.03,0.03,277.31,13.916411175299471,WR,51.19,9.97,0.3,4.27,18.36,51.17,10.0,0.69,3.56,25.77,58.04,11.9,0.0,0.0,288.3,12.893816347381406,WR,51.19,9.97,0.3,4.27,18.36,51.17,10.0,0.69,3.56,25.77,59.21,33.21,0.0,0.0,249.34,9.907537534624838,WR,56.26,30.3,0.01,0.01,96.88,56.26,30.3,0.01,0.01,95.83,58.51,41.24,0.0,0.0,263.02,17.805195870868708,TE,53.53,40.69,0.67,1.0,147.29,53.52,40.76,0.61,0.95,160.48,59.95,42.48,0.0,0.0,256.57,18.749810665710733,RB,53.5,40.86,0.47,0.74,191.26,53.51,40.82,0.57,0.78,178.39,62.68,23.93,269.74,0.12,293.88,1.06,0,C
58.97,10.54,0.04,0.03,277.31,13.898780522045811,WR,51.19,9.97,0.3,4.27,18.36,51.17,10.0,0.69,3.56,25.77,58.05,11.91,0.0,0.0,290.04,12.8830508809055,WR,51.19,9.97,0.3,4.27,18.36,51.17,10.0,0.69,3.56,25.77,59.21,33.21,0.0,0.0,249.34,9.891177887390358,WR,56.26,30.3,0.01,0.01,96.88,56.26,30.3,0.01,0.01,95.83,58.51,41.24,0.0,0.0,263.02,17.79079818333062,TE,53.53,40.69,0.67,1.0,147.29,53.52,40.76,0.61,0.95,160.48,59.95,42.47,0.0,0.0,256.57,18.7271193727172,RB,53.5,40.86,0.47,0.74,191.26,53.51,40.82,0.57,0.78,178.39,62.66,23.94,269.74,0.24,297.58,0.83,0,C
58.97,10.55,0.03,0.03,277.31,13.890845906567389,WR,51.19,9.97,0.3,4.27,18.36,51.17,10.0,0.69,3.56,25.77,58.05,11.91,0.0,0.0,290.04,12.881692435390624,WR,51.19,9.97,0.3,4.27,18.36,51.17,10.0,0.69,3.56,25.77,59.2,33.21,0.0,0.0,249.34,9.874841770884231,WR,56.26,30.3,0.01,0.01,96.88,56.26,30.3,0.01,0.01,95.83,58.51,41.24,0.0,0.0,263.02,17.774096320207118,TE,53.53,40.69,0.67,1.0,147.29,53.52,40.76,0.61,0.95,160.48,59.95,42.47,0.0,0.0,256.57,18.71290463824363,RB,53.5,40.86,0.47,0.74,191.26,53.51,40.82,0.57,0.78,178.39,62.63,23.95,269.74,0.32,293.81,0.57,0,C
58.97,10.54,0.02,0.02,277.31,13.921583961604371,WR,51.19,9.97,0.3,4.27,18.36,51.17,10.0,0.69,3.56,25.77,58.05,11.91,0.0,0.0,290.04,12.899124001264584,WR,51.19,9.97,0.3,4.27,18.36,51.17,10.0,0.69,3.56,25.77,59.21,33.2,0.0,0.0,248.69,9.823466801491216,WR,56.26,30.3,0.01,0.01,96.88,56.26,30.3,0.01,0.01,95.83,58.5,41.25,0.0,0.0,263.02,17.75001126760206,TE,53.53,40.69,0.67,1.0,147.29,53.52,40.76,0.61,0.95,160.48,59.95,42.48,0.0,0.0,256.57,18.688833564457678,RB,53.5,40.86,0.47,0.74,191.26,53.51,40.82,0.57,0.78,178.39,62.6,23.98,268.76,0.4,298.42,0.38,0,C
58.97,10.52,0.02,0.02,277.31,13.94019368588543,WR,51.19,9.97,0.3,4.27,18.36,51.17,10.0,0.69,3.56,25.77,58.05,11.91,0.0,0.0,288.78,12.894436784908445,WR,51.19,9.97,0.3,4.27,18.36,51.17,10.0,0.69,3.56,25.77,59.2,33.2,0.0,0.0,247.78,9.80375948297387,WR,56.26,30.3,0.01,0.01,96.88,56.26,30.3,0.01,0.01,95.83,58.5,41.25,0.0,0.0,263.02,17.731080057345636,TE,53.53,40.69,0.67,1.0,147.29,53.52,40.76,0.61,0.95,160.48,59.95,42.48,0.0,0.0,256.57,18.67330179695064,RB,53.5,40.86,0.47,0.74,191.26,53.51,40.82,0.57,0.78,178.39,62.56,23.99,268.76,0.41,294.77,0.19,0,C
58.97,10.52,0.01,0.01,277.31,13.93249798133845,WR,51.19,9.97,0.3,4.27,18.36,51.17,10.0,0.69,3.56,25.77,58.05,11.91,0.0,0.0,288.78,12.88397454204253,WR,51.19,9.97,0.3,4.27,18.36,51.17,10.0,0.69,3.56,25.77,59.2,33.2,0.0,0.0,247.78,9.793518264648311,WR,56.26,30.3,0.01,0.01,96.88,56.26,30.3,0.01,0.01,95.83,58.5,41.25,0.0,0.0,263.02,17.72423482128354,TE,53.53,40.69,0.67,1.0,147.29,53.52,40.76,0.61,0.95,160.48,59.95,42.48,0.0,0.0,258.49,18.66913227763947,RB,53.5,40.86,0.47,0.74,191.26,53.51,40.82,0.57,0.78,178.39,62.53,23.99,268.76,0.41,291.16,0.06,0,C
58.97,10.52,0.01,0.01,277.31,13.922330982992754,WR,51.19,9.97,0.3,4.27,18.36,51.17,10.0,0.69,3.56,25.77,58.05,11.91,0.0,0.0,288.78,12.870120434556936,WR,51.19,9.97,0.3,4.27,18.36,51.17,10.0,0.69,3.56,25.77,59.2,33.2,0.0,0.0,247.78,9.779989775045784,WR,56.26,30.3,0.01,0.01,96.88,56.26,30.3,0.01,0.01,95.83,58.5,41.24,0.0,0.0,263.02,17.70543984203725,TE,53.53,40.69,0.67,1.0,147.29,53.52,40.76,0.61,0.95,160.48,59.95,42.49,0.0,0.0,260.07,18.673553491502364,RB,53.5,40.86,0.47,0.74,191.26,53.51,40.82,0.57,0.78,178.39,62.49,23.99,268.07,0.39,285.86,0.04,0,C
58.97,10.51,0.01,0.01,277.99,13.919806033131353,WR,51.19,9.97,0.3,4.27,18.36,51.17,10.0,0.69,3.56,25.77,58.05,11.91,0.0,0.0,288.78,12.857285872220466,WR,51.19,9.97,0.3,4.27,18.36,51.17,10.0,0.69,3.56,25.77,59.2,33.2,0.0,0.0,247.15,9.78605129763788,WR,56.26,30.3,0.01,0.01,96.88,56.26,30.3,0.01,0.01,95.83,58.5,41.24,0.0,0.0,263.02,17.71293312808469,TE,53.53,40.69,0.67,1.0,147.29,53.52,40.76,0.61,0.95,160.48,59.95,42.49,0.0,0.0,260.07,18.68210373592867,RB,53.5,40.86,0.47,0.74,191.26,53.51,40.82,0.57,0.78,178.39,62.48,23.98,267.49,0.32,283.81,0.08,0,C
58.98,10.5,0.0,0.0,278.92,13.921953885859558,WR,51.19,9.97,0.3,4.27,18.36,51.17,10.0,0.69,3.56,25.77,58.05,11.92,0.0,0.0,288.78,12.841016314918381,WR,51.19,9.97,0.3,4.27,18.36,51.17,10.0,0.69,3.56,25.77,59.2,33.19,0.0,0.0,247.15,9.769938587319775,WR,56.26,30.3,0.01,0.01,96.88,56.26,30.3,0.01,0.01,95.83,58.5,41.24,0.0,0.0,262.44,17.708449960400262,TE,53.53,40.69,0.67,1.0,147.29,53.52,40.76,0.61,0.95,160.48,59.95,42.49,0.0,0.0,260.07,18.679405772133116,RB,53.5,40.86,0.47,0.74,191.26,53.51,40.82,0.57,0.78,178.39,62.46,23.98,267.49,0.29,282.77,0.12,0,C
58.97,10.5,0.0,0.0,278.92,13.929142112851027,WR,51.19,9.97,0.3,4.27,18.36,51.17,10.0,0.69,3.56,25.77,58.05,11.92,0.0,0.0,286.54,12.843558696872138,WR,51.19,9.97,0.3,4.27,18.36,51.17,10.0,0.69,3.56,25.77,59.2,33.19,0.0,0.0,247.15,9.753850521717048,WR,56.26,30.3,0.01,0.01,96.88,56.26,30.3,0.01,0.01,95.83,58.5,41.24,0.0,0.0,262.44,17.694239175505686,TE,53.53,40.69,0.67,1.0,147.29,53.52,40.76,0.61,0.95,160.48,59.95,42.48,0.0,0.0,260.07,18.656907567975995,RB,53.5,40.86,0.47,0.74,191.26,53.51,40.82,0.57,0.78,178.39,62.44,23.99,267.49,0.27,283.08,0.13,0,C
58.96,10.5,0.0,0.01,278.92,13.938827066866136,WR,51.19,9.97,0.3,4.27,18.36,51.17,10.0,0.69,3.56,25.77,58.04,11.92,0.0,0.0,286.54,12.85295685824861,WR,51.19,9.97,0.3,4.27,18.36,51.17,10.0,0.69,3.56,25.77,59.2,33.19,0.0,0.0,248.23,9.741098500682556,WR,56.26,30.3,0.01,0.01,96.88,56.26,30.3,0.01,0.01,95.83,58.49,41.25,0.0,0.0,262.44,17.694239175505682,TE,53.53,40.69,0.67,1.0,147.29,53.52,40.76,0.61,0.95,160.48,59.94,42.48,0.0,0.0,260.07,18.646997077277614,RB,53.5,40.86,0.47,0.74,191.26,53.51,40.82,0.57,0.78,178.39,62.43,24.0,267.49,0.24,284.27,0.14,0,C
58.95,10.5,0.01,0.01,277.22,13.929142112851027,WR,51.19,9.97,0.3,4.27,18.36,51.17,10.0,0.69,3.56,25.77,58.04,11.92,0.0,0.0,286.54,12.840144080188507,WR,51.19,9.97,0.3,4.27,18.36,51.17,10.0,0.69,3.56,25.77,59.18,33.19,0.0,0.0,248.23,9.753850521717052,WR,56.26,30.3,0.01,0.01,96.88,56.26,30.3,0.01,0.01,95.83,58.48,41.25,0.0,0.0,262.44,17.703988251238762,TE,53.53,40.69,0.67,1.0,147.29,53.52,40.76,0.61,0.95,160.48,59.94,42.48,0.0,0.0,260.07,18.655575574074362,RB,53.5,40.86,0.47,0.74,191.26,53.51,40.82,0.57,0.78,178.39,62.42,23.99,268.24,0.2,283.91,0.25,0,C
58.93,10.52,0.01,0.01,274.7,13.921953885859557,WR,51.19,9.97,0.3,4.27,18.36,51.17,10.0,0.69,3.56,25.77,58.03,11.92,0.0,0.0,286.54,12.84954473901702,WR,51.19,9.97,0.3,4.27,18.36,51.17,10.0,0.69,3.56,25.77,59.16,33.19,0.0,0.0,251.27,9.747748457977359,WR,56.26,30.3,0.01,0.01,96.88,56.26,30.3,0.01,0.01,95.83,58.47,41.25,0.03,0.54,261.7,17.694239175505682,TE,53.53,40.69,0.67,1.0,147.29,53.52,40.76,0.61,0.95,160.48,59.93,42.49,0.01,0.26,261.14,18.655575574074366,RB,53.5,40.86,0.47,0.74,191.26,53.51,40.82,0.57,0.78,178.39,62.41,24.0,270.41,0.14,287.73,0.75,0,C
58.92,10.52,0.03,0.5,274.7,13.924456901437843,WR,51.19,9.97,0.3,4.27,18.36,51.17,10.0,0.69,3.56,25.77,58.0,11.92,0.03,0.97,287.49,12.859801709202205,WR,51.19,9.97,0.3,4.27,18.36,51.17,10.0,0.69,3.56,25.77,59.13,33.18,0.0,0.0,252.36,9.74837422342823,WR,56.25,30.31,0.05,0.06,109.3,56.25,30.31,0.04,0.05,109.3,58.46,41.25,0.15,1.17,259.57,17.696468574266447,TE,53.53,40.69,0.67,1.0,147.29,53.52,40.76,0.61,0.95,160.48,59.91,42.49,0.12,1.2,260.12,18.65824482634956,RB,53.5,40.86,0.47,0.74,191.26,53.51,40.82,0.57,0.78,178.39,62.41,24.0,271.1,0.03,13.45,1.21,0,C
58.89,10.53,0.19,1.56,275.4,13.924862656414247,WR,51.19,9.97,0.3,4.27,18.36,51.17,10.0,0.69,3.56,25.77,57.98,11.92,0.28,2.99,288.34,12.870120434556936,WR,51.19,9.97,0.3,4.27,18.36,51.17,10.0,0.69,3.56,25.77,59.1,33.19,0.09,2.22,254.63,9.771310045229349,WR,56.24,30.32,0.06,0.07,113.98,56.24,30.32,0.06,0.07,111.79,58.41,41.26,0.48,2.5,257.72,17.719698078691973,TE,53.53,40.69,0.67,1.0,147.29,53.52,40.76,0.61,0.95,160.48,59.88,42.5,0.35,2.02,261.81,18.67355349150236,RB,53.5,40.86,0.47,0.74,191.26,53.51,40.82,0.57,0.78,178.39,62.42,24.0,274.4,0.22,97.43,1.68,0,C
58.84,10.57,0.63,3.26,272.42,13.897068036100274,WR,51.19,9.97,0.3,4.27,18.36,51.17,10.0,0.69,3.56,25.77,57.93,11.92,0.74,4.23,288.34,12.888572457801523,WR,51.19,9.97,0.3,4.27,18.36,51.17,10.0,0.69,3.56,25.77,59.06,33.19,0.54,5.29,251.18,9.80469785358019,WR,56.23,30.33,0.08,0.09,118.35,56.23,30.33,0.07,0.08,115.07,58.33,41.27,0.95,3.66,259.57,17.76436883201878,TE,53.53,40.69,0.67,1.0,147.29,53.52,40.76,0.61,0.95,160.48,59.82,42.5,0.71,2.88,264.86,18.695908643336917,RB,53.5,40.86,0.47,0.74,191.26,53.51,40.82,0.57,0.78,178.39,62.45,23.99,274.4,0.47,99.67,2.03,0,C
58.75,10.61,1.14,4.25,272.42,13.888646442328353,WR,51.19,9.97,0.3,4.27,18.36,51.17,10.0,0.69,3.56,25.77,57.8,11.91,1.45,5.68,283.43,12.956426976601227,WR,51.19,9.97,0.3,4.27,18.36,51.17,10.0,0.69,3.56,25.77,58.96,33.18,1.29,7.01,251.86,9.861161189231213,WR,56.23,30.33,0.08,0.09,118.35,56.23,30.33,0.07,0.08,115.07,58.2,41.29,1.51,5.04,262.82,17.838503300445357,TE,53.53,40.69,0.67,1.0,147.29,53.52,40.76,0.61,0.95,160.48,59.73,42.52,1.02,3.03,264.86,18.747266467407993,RB,53.5,40.86,0.47,0.74,191.26,53.51,40.82,0.57,0.78,178.39,62.51,23.98,277.27,0.7,100.23,2.06,0,C
58.61,10.69,1.74,5.02,274.58,13.863578181696095,WR,51.19,9.97,0.3,4.27,18.36,51.17,10.0,0.69,3.56,25.77,57.61,11.9,2.18,6.33,287.0,13.05700195297527,WR,51.19,9.97,0.3,4.27,18.36,51.17,10.0,0.69,3.56,25.77,58.79,33.17,2.18,7.99,252.58,9.953893710503447,WR,56.04,30.52,1.7,4.8,86.34,55.9,30.67,2.25,4.58,84.41,58.02,41.32,2.11,4.82,262.82,17.941778061273638,TE,53.53,40.69,0.67,1.0,147.29,53.52,40.76,0.61,0.95,160.48,59.63,42.54,1.25,2.51,266.57,18.8044276700994,RB,53.5,40.86,0.47,0.74,191.26,53.51,40.82,0.57,0.78,178.39,62.59,23.97,279.98,0.9,99.92,1.86,0,C
58.41,10.81,2.44,5.55,280.87,13.8194790060986,WR,51.19,9.97,0.3,4.27,18.36,51.17,10.0,0.69,3.56,25.77,57.36,11.9,2.85,6.16,289.28,13.176167879926242,WR,51.19,9.97,0.3,4.27,18.36,51.17,10.0,0.69,3.56,25.77,58.53,33.16,3.0,8.1,254.64,10.105924005255527,WR,55.9,30.67,2.25,4.58,84.41,55.73,30.86,2.74,4.23,80.5,57.76,41.37,2.72,4.65,262.82,18.10417907556153,TE,53.52,40.76,0.61,0.95,160.48,53.53,40.69,0.67,1.0,147.29,59.51,42.56,1.41,1.85,269.75,18.879737815976156,RB,53.5,40.86,0.47,0.74,191.26,53.51,40.82,0.57,0.78,178.39,62.69,23.95,284.75,1.12,97.55,1.73,0,C
58.18,10.96,3.05,5.33,279.27,13.781048581294531,WR,51.19,9.97,0.3,4.27,18.36,51.17,10.0,0.69,3.56,25.77,57.04,11.89,3.49,5.45,294.36,13.36021706410491,WR,51.19,9.97,0.3,4.27,18.36,51.17,10.0,0.69,3.56,25.77,58.19,33.12,3.76,6.86,253.44,10.27700345431488,WR,55.73,30.86,2.74,4.23,80.5,55.9,30.67,2.25,4.58,84.41,57.48,41.43,3.19,4.35,265.46,18.28411879200089,TE,53.52,40.76,0.61,0.95,160.48,53.51,40.82,0.57,0.78,178.39,59.4,42.58,1.29,0.5,264.18,18.949345635140013,RB,53.5,40.86,0.47,0.74,191.26,53.51,40.82,0.57,0.78,178.39,62.81,23.94,287.99,1.3,95.73,1.52,0,C
57.9,11.15,3.59,4.78,283.2,13.737903770226373,WR,51.19,9.97,0.3,4.27,18.36,51.17,10.0,0.69,3.56,25.77,56.64,11.89,4.15,5.05,290.79,13.588657034453403,WR,51.19,9.97,0.3,4.27,18.36,51.17,10.0,0.69,3.56,25.77,57.8,33.06,4.31,5.43,254.11,10.477428119533919,WR,55.53,31.07,3.09,3.48,81.08,55.73,30.86,2.74,4.23,80.5,57.13,41.52,3.75,4.19,268.99,18.524691630361897,TE,53.51,40.82,0.57,0.78,178.39,53.52,40.76,0.61,0.95,160.48,59.29,42.6,1.2,0.31,263.58,19.023443431723923,RB,53.5,40.86,0.47,0.74,191.26,53.51,40.82,0.57,0.78,178.39,62.94,23.93,292.24,1.39,93.53,1.12,0,C
57.59,11.38,4.08,4.17,288.96,13.698269963758193,WR,51.19,9.97,0.3,4.27,18.36,51.17,10.0,0.69,3.56,25.77,56.2,11.88,4.67,4.33,288.76,13.875766645486653,WR,51.19,9.97,0.3,4.27,18.36,51.17,10.0,0.69,3.56,25.77,57.37,32.96,4.66,4.05,251.58,10.683866341357891,WR,55.53,31.07,3.09,3.48,81.08,55.31,31.29,3.33,2.5,81.93,56.74,41.65,4.22,3.73,270.83,18.820042507922235,TE,53.5,40.86,0.47,0.74,191.26,53.51,40.82,0.57,0.78,178.39,59.2,42.62,1.01,1.04,272.37,19.08849129711408,RB,53.5,40.86,0.47,0.74,191.26,53.51,40.82,0.57,0.78,178.39,63.08,23.93,298.45,1.42,90.99,0.7,0,C
57.25,11.65,4.51,3.54,293.39,13.649908424601243,WR,51.19,9.97,0.3,4.27,18.36,51.17,10.0,0.69,3.56,25.77,55.7,11.89,5.12,3.65,287.94,14.190197320685852,WR,51.19,9.97,0.3,4.27,18.36,51.17,10.0,0.69,3.56,25.77,56.92,32.83,4.87,3.33,248.57,10.898353086590651,WR,55.31,31.29,3.33,2.5,81.93,55.53,31.07,3.09,3.48,81.08,56.32,41.81,4.67,3.53,273.05,19.16158918252868,TE,53.5,40.86,0.47,0.74,191.26,53.51,40.82,0.57,0.78,178.39,59.13,42.64,0.76,1.64,272.37,19.149686681509962,RB,53.5,40.86,0.47,0.74,191.26,53.51,40.82,0.57,0.78,178.39,63.21,23.93,306.44,1.32,88.11,0.5,0,C
55.17,11.9,5.5,2.92,286.02,14.539054302120203,WR,51.19,9.97,0.3,4.27,18.36,51.17,10.0,0.69,3.56,25.77,56.91,11.96,4.78,2.83,303.94,13.587071060386785,WR,51.19,9.97,0.3,4.27,18.36,51.17,10.0,0.69,3.56,25.77,56.46,32.66,4.94,3.34,243.61,11.09495380792547,WR,55.31,31.29,3.33,2.5,81.93,55.06,31.53,3.55,1.88,82.95,55.87,42.01,5.03,3.2,276.36,19.5455212261019,TE,53.5,40.86,0.47,0.74,191.26,53.48,40.9,0.43,0.63,195.51,59.09,42.66,0.45,2.17,257.13,19.191959253812517,RB,53.5,40.86,0.47,0.74,191.26,53.51,40.82,0.57,0.78,178.39,63.32,23.94,322.62,1.13,81.32,1.2,0,C
54.6,11.91,5.77,2.14,284.76,14.941084298001936,WR,51.19,9.97,0.3,4.27,18.36,51.17,10.0,0.69,3.56,25.77,56.55,12.29,4.99,2.18,310.48,13.550619912018787,WR,51.19,9.97,0.3,4.27,18.36,51.17,10.0,0.69,3.56,25.77,56.01,32.45,5.02,3.54,239.71,11.261372030085859,WR,55.06,31.53,3.55,1.88,82.95,55.31,31.29,3.33,2.5,81.93,55.4,42.24,5.36,2.92,279.51,19.9527767491144,TE,53.44,40.98,0.41,0.39,189.83,53.41,41.02,0.45,0.2,179.8,59.06,42.68,0.25,2.48,251.89,19.211290950896558,RB,53.5,40.86,0.47,0.74,191.26,53.51,40.82,0.57,0.78,178.39,63.42,23.97,325.48,0.96,72.95,1.66,0,C
54.02,11.93,5.96,1.46,282.47,15.339947848672756,WR,51.17,10.0,0.69,3.56,25.77,51.19,9.97,0.3,4.27,18.36,56.19,12.65,5.13,1.74,315.15,13.491912392244474,WR,51.19,9.97,0.3,4.27,18.36,51.17,10.0,0.69,3.56,25.77,55.6,32.18,4.92,4.18,221.23,11.379195929414344,WR,55.06,31.53,3.55,1.88,82.95,54.79,31.76,3.66,1.48,84.14,54.91,42.5,5.64,2.81,282.45,20.406082426570762,TE,53.16,41.38,0.59,0.21,105.24,53.22,41.29,0.51,0.01,117.58,59.07,42.71,0.33,2.53,240.47,19.237029396453085,RB,53.5,40.86,0.47,0.74,191.26,53.51,40.82,0.57,0.78,178.39,63.5,23.99,325.48,0.75,67.07,1.83,0,C
53.41,11.96,6.15,1.15,284.47,15.762807491053112,WR,51.17,10.0,0.69,3.56,25.77,51.19,9.97,0.3,4.27,18.36,55.85,13.02,5.02,1.22,337.27,13.43294829886574,WR,51.19,9.97,0.3,4.27,18.36,51.17,10.0,0.69,3.56,25.77,55.22,31.87,4.92,4.21,201.36,11.453300834257348,WR,55.06,31.53,3.55,1.88,82.95,54.79,31.76,3.66,1.48,84.14,59.11,42.74,0.56,2.37,225.82,19.241644940077244,RB,53.5,40.86,0.47,0.74,191.26,53.51,40.82,0.57,0.78,178.39,54.41,42.8,5.94,2.57,283.9,20.890449971218906,TE,52.93,41.67,1.19,1.16,99.38,53.0,41.58,1.02,1.0,99.38,63.56,24.02,325.48,0.62,57.99,1.79,0,C
52.79,12.02,6.2,1.05,285.49,16.18746428567489,WR,51.17,10.0,0.69,3.56,25.77,51.11,10.04,1.2,1.82,35.05,55.53,13.37,4.84,1.46,354.67,13.400093283257394,WR,50.15,13.05,1.9,2.85,74.57,50.16,12.88,1.55,2.94,74.57,54.86,31.54,4.92,3.93,168.29,11.511424759776698,WR,55.06,31.53,3.55,1.88,82.95,54.79,31.76,3.66,1.48,84.14,59.17,42.76,0.77,2.17,182.79,19.219875129667205,RB,53.5,40.86,0.47,0.74,191.26,53.51,40.82,0.57,0.78,178.39,53.89,43.13,6.26,2.58,280.3,21.40428228182389,TE,52.61,42.03,1.92,1.73,103.16,52.74,41.89,1.7,1.68,101.22,63.61,24.06,323.45,0.57,45.82,1.5,0,C
52.18,12.1,6.14,1.63,293.09,16.600027108411602,WR,50.13,12.62,0.84,2.77,74.9,50.15,12.73,1.21,3.01,73.05,55.23,13.72,4.57,2.05,9.87,13.365657484762956,WR,50.13,13.26,2.28,3.36,71.63,50.15,13.05,1.9,2.85,74.57,54.52,31.18,4.94,3.15,126.9,11.553497306010845,WR,54.79,31.76,3.66,1.48,84.14,55.06,31.53,3.55,1.88,82.95,59.25,42.79,0.95,1.74,157.58,19.200940081152275,RB,53.5,40.86,0.47,0.74,191.26,53.51,40.82,0.57,0.78,178.39,53.37,43.49,6.41,1.87,280.3,21.946537312295987,TE,52.3,42.33,2.32,1.48,104.25,52.47,42.17,2.12,1.59,102.46,63.65,24.1,322.27,0.55,36.7,1.13,0,C
51.58,12.21,6.06,2.13,301.42,16.99922351167841,WR,50.13,12.62,0.84,2.77,74.9,50.1,12.55,0.63,2.36,76.89,54.96,14.04,4.15,2.78,17.83,13.351048647952714,WR,50.13,13.26,2.28,3.36,71.63,50.09,13.51,2.7,3.26,67.7,54.2,30.8,4.91,2.42,111.56,11.579848876388672,WR,54.79,31.76,3.66,1.48,84.14,55.06,31.53,3.55,1.88,82.95,59.34,42.81,0.96,1.04,138.27,19.15805835673334,RB,53.5,40.86,0.47,0.74,191.26,53.51,40.82,0.57,0.78,178.39,52.83,43.86,6.55,1.17,278.49,22.4990355348846,TE,51.92,42.65,2.68,1.35,104.67,51.7,42.82,2.83,1.31,108.59,63.68,24.15,322.27,0.56,30.3,0.77,0,C
51.0,12.35,6.0,2.63,311.35,17.377186193397364,WR,50.13,12.62,0.84,2.77,74.9,50.1,12.55,0.63,2.36,76.89,54.72,14.35,3.8,3.26,28.81,13.335763945121405,WR,50.09,13.51,2.7,3.26,67.7,50.13,13.26,2.28,3.36,71.63,53.89,30.42,4.84,1.73,100.36,11.62414728055353,WR,54.66,29.66,0.28,0.8,110.71,54.64,29.64,0.21,0.62,113.65,59.42,42.83,0.92,0.36,139.9,19.11755737535525,RB,53.5,40.86,0.47,0.74,191.26,53.51,40.82,0.57,0.78,178.39,52.29,44.24,6.61,0.37,279.18,23.065515385527377,TE,51.47,43.0,2.97,1.1,111.44,51.22,43.17,3.09,0.94,113.69,63.71,24.2,322.27,0.58,29.26,0.4,0,C
50.42,12.53,5.92,3.16,321.19,17.7495718258216,WR,50.13,12.62,0.84,2.77,74.9,50.1,12.55,0.63,2.36,76.89,54.5,14.62,3.33,3.92,33.69,13.352879839195738,WR,50.03,13.8,3.11,3.01,63.94,50.09,13.51,2.7,3.26,67.7,53.59,30.05,4.76,1.27,97.83,11.698957218487465,WR,54.63,29.62,0.24,0.38,116.21,54.64,29.64,0.21,0.62,113.65,59.49,42.84,0.73,0.67,114.11,19.071856228484947,RB,53.5,40.86,0.47,0.74,191.26,53.51,40.82,0.57,0.78,178.39,51.74,44.62,6.73,0.35,269.94,23.646923689985552,TE,50.96,43.35,3.16,0.61,116.77,50.7,43.53,3.17,0.15,120.65,63.75,24.25,318.78,0.61,35.78,0.17,0,C
49.89,12.75,5.76,4.0,328.9,18.07242374447877,WR,49.8,12.59,1.07,0.43,83.37,49.89,12.55,0.96,0.51,81.55,54.32,14.86,2.84,4.05,32.34,13.37140605919961,WR,50.03,13.8,3.11,3.01,63.94,49.96,14.12,3.45,2.62,64.69,53.3,29.67,4.74,0.95,97.83,11.784608606143864,WR,54.63,29.62,0.24,0.38,116.21,54.63,29.59,0.25,0.33,117.27,59.55,42.85,0.53,1.2,5.0,19.028402455277217,RB,53.5,40.86,0.47,0.74,191.26,53.51,40.82,0.57,0.78,178.39,51.17,44.99,6.78,1.0,264.02,24.235108829959895,TE,50.22,43.89,2.89,1.09,135.01,50.45,43.71,3.09,0.37,125.14,63.79,24.3,318.78,0.73,39.72,0.59,0,C
49.38,13.02,5.67,4.32,337.36,18.382439990382128,WR,49.3,12.78,1.02,0.1,85.53,49.4,12.76,1.04,0.2,85.53,54.17,15.08,2.45,3.76,32.34,13.409436975503485,WR,49.96,14.12,3.45,2.62,64.69,49.89,14.48,3.83,2.35,65.33,53.0,29.3,4.75,0.85,103.2,11.908421389924026,WR,54.63,29.59,0.25,0.33,117.27,54.63,29.62,0.24,0.38,116.21,59.57,42.85,0.17,2.23,328.84,18.966900115727928,RB,53.5,40.86,0.47,0.74,191.26,53.51,40.82,0.57,0.78,178.39,50.59,45.35,6.86,1.19,257.1,24.81376432547065,TE,49.79,44.2,2.43,2.0,152.59,49.61,44.32,2.09,2.45,157.73,63.84,24.37,318.78,0.92,40.35,1.01,0,C
48.91,13.34,5.64,4.42,343.27,18.66633600897616,WR,48.61,13.26,1.4,0.46,121.63,48.59,13.4,1.43,0.53,120.08,54.04,15.27,2.17,3.2,31.65,13.479217336329285,WR,49.89,14.48,3.83,2.35,65.33,49.96,14.12,3.45,2.62,64.69,52.69,28.93,4.75,0.97,110.71,12.081340985172133,WR,51.1,29.84,5.52,2.45,187.23,51.35,30.31,5.21,2.97,187.23,59.57,42.83,0.26,2.9,282.2,18.88544413033487,RB,53.5,40.86,0.47,0.74,191.26,53.51,40.82,0.57,0.78,178.39,49.98,45.71,7.0,1.76,257.1,25.417169393935275,TE,49.45,44.4,1.73,2.95,177.97,49.3,44.46,1.41,3.2,188.43,63.91,24.45,321.17,1.12,40.04,1.26,0,C
48.48,13.71,5.71,4.5,353.35,18.930821429615783,WR,48.53,13.69,1.52,0.37,122.34,48.51,13.84,1.56,0.37,122.34,53.93,15.44,1.89,2.73,24.96,13.5792856954996,WR,49.89,14.48,3.83,2.35,65.33,49.8,14.87,4.12,2.03,62.34,52.38,28.57,4.83,1.14,114.34,12.295722833571027,WR,50.8,29.34,5.85,2.28,190.71,51.1,29.84,5.52,2.45,187.23,59.52,42.8,0.67,3.07,289.98,18.791830671863767,RB,53.5,40.86,0.47,0.74,191.26,53.51,40.82,0.57,0.78,178.39,49.36,46.04,7.01,2.09,253.03,26.002878686791583,TE,49.18,44.47,1.17,3.38,194.13,49.3,44.46,1.41,3.2,188.43,64.0,24.55,324.15,1.35,40.02,1.47,0,C
48.07,14.13,5.78,4.39,353.35,19.170845051796753,WR,48.48,14.15,1.58,0.29,125.9,48.47,14.31,1.61,0.11,128.67,53.82,15.6,1.74,1.96,9.98,13.695126870533185,WR,49.8,14.87,4.12,2.03,62.34,49.89,14.48,3.83,2.35,65.33,52.04,28.22,4.91,1.48,120.06,12.564875646022132,WR,50.8,29.34,5.85,2.28,190.71,50.47,28.84,6.13,2.17,192.93,59.45,42.76,1.07,3.02,285.95,18.68527762705173,RB,53.5,40.86,0.47,0.74,191.26,53.51,40.82,0.57,0.78,178.39,48.73,46.35,7.0,2.11,249.68,26.577917525645237,TE,49.18,44.47,1.17,3.38,194.13,49.07,44.44,1.13,3.81,199.21,64.09,24.66,325.7,1.5,40.43,1.42,0,C
47.7,14.57,5.82,4.03,356.18,19.38969055967629,WR,47.19,14.54,1.06,0.4,54.77,47.19,14.65,1.11,0.34,50.13,53.72,15.74,1.75,0.89,357.0,13.826127440465749,WR,49.8,14.87,4.12,2.03,62.34,49.89,14.48,3.83,2.35,65.33,51.68,27.87,5.0,1.4,117.58,12.88837072713227,WR,50.47,28.84,6.13,2.17,192.93,50.11,28.32,6.37,2.58,201.51,59.33,42.68,1.55,3.15,276.8,18.55768573933722,RB,53.5,40.86,0.47,0.74,191.26,53.51,40.82,0.57,0.78,178.39,48.1,46.64,6.96,2.19,249.68,27.151150988494024,TE,49.07,44.44,1.13,3.81,199.21,49.18,44.47,1.17,3.38,194.13,64.19,24.77,327.09,1.61,40.3,1.1,0,C
47.36,15.05,5.88,3.56,358.92,19.586919104341046,WR,47.2,15.11,1.2,0.41,45.01,47.2,14.99,1.18,0.4,45.01,53.62,15.88,1.79,0.31,352.01,13.971732176076099,WR,49.8,14.87,4.12,2.03,62.34,49.7,15.3,4.45,1.89,57.93,51.29,27.53,5.14,1.72,138.94,13.263366842547944,WR,50.11,28.32,6.37,2.58,201.51,50.47,28.84,6.13,2.17,192.93,59.18,42.59,1.97,3.27,273.07,18.41326152532463,RB,53.5,40.86,0.47,0.74,191.26,53.51,40.82,0.57,0.78,178.39,47.46,46.9,6.86,2.23,247.19,27.699258112808728,TE,49.07,44.44,1.13,3.81,199.21,48.97,44.36,1.36,3.96,213.09,64.29,24.9,327.68,1.62,40.58,0.54,0,C
47.06,15.55,5.89,3.19,2.46,19.75744163600136,WR,47.21,15.49,1.27,0.06,40.08,47.21,15.62,1.27,0.11,40.08,53.51,16.04,1.89,0.2,348.99,14.114974318077953,WR,49.7,15.3,4.45,1.89,57.93,49.8,14.87,4.12,2.03,62.34,50.86,27.2,5.39,2.12,190.15,13.714372023537942,WR,49.73,27.81,6.5,2.13,204.15,50.11,28.32,6.37,2.58,201.51,58.99,42.46,2.45,3.33,271.3,18.25983844397316,RB,53.5,40.86,0.47,0.74,191.26,53.51,40.82,0.57,0.78,178.39,46.82,47.14,6.76,2.3,245.46,28.255102194117086,TE,48.97,44.36,1.36,3.96,213.09,49.07,44.44,1.13,3.81,199.21,64.4,25.02,327.68,1.66,41.82,0.24,0,C
46.78,16.07,5.86,2.84,4.36,19.924168740502072,WR,47.2,16.12,1.21,0.29,40.4,47.2,15.99,1.22,0.27,41.67,53.4,16.2,2.04,0.55,347.23,14.26807625435188,WR,49.7,15.3,4.45,1.89,57.93,49.59,15.75,4.7,1.62,51.89,50.41,26.88,5.57,2.2,216.32,14.216880811204685,WR,49.73,27.81,6.5,2.13,204.15,49.31,27.3,6.55,1.95,209.25,58.77,42.31,2.8,2.91,271.3,18.107219554641734,RB,53.5,40.86,0.47,0.74,191.26,53.51,40.82,0.57,0.78,178.39,46.18,47.35,6.6,2.44,245.46,28.803466805230233,TE,48.97,44.36,1.36,3.96,213.09,49.07,44.44,1.13,3.81,199.21,64.52,25.14,328.39,1.69,42.15,0.11,0,C
53.27,16.38,2.2,0.77,337.85,14.425037261650308,WR,49.7,15.3,4.45,1.89,57.93,49.59,15.75,4.7,1.62,51.89,46.53,16.59,5.78,2.47,3.67,20.073674302429033,WR,47.21,16.62,1.22,0.08,41.41,47.21,16.5,1.25,0.12,42.11,49.93,26.57,5.79,2.18,229.75,14.757371039585603,WR,49.31,27.3,6.55,1.95,209.25,48.88,26.83,6.5,2.0,209.25,58.52,42.13,3.2,2.73,271.3,17.932978001436346,RB,53.5,40.86,0.47,0.74,191.26,53.51,40.82,0.57,0.78,178.39,45.56,47.54,6.41,2.69,248.41,29.31923941714723,TE,48.97,44.36,1.36,3.96,213.09,49.07,44.44,1.13,3.81,199.21,64.63,25.27,329.62,1.65,43.32,0.36,0,C
53.15,16.56,2.29,0.69,335.11,14.564357177712992,WR,49.59,15.75,4.7,1.62,51.89,49.7,15.3,4.45,1.89,57.93,46.3,17.12,5.68,2.18,1.58,20.205474505687807,WR,47.23,17.1,1.16,0.3,35.78,47.22,16.98,1.12,0.22,37.65,49.42,26.25,6.03,1.91,235.21,15.344683118266072,WR,48.88,26.83,6.5,2.0,209.25,48.44,26.39,6.28,2.4,200.75,58.25,41.93,3.53,2.43,274.12,17.777024497929904,RB,53.51,40.82,0.57,0.78,178.39,53.5,40.86,0.47,0.74,191.26,44.95,47.69,6.16,2.93,249.38,29.82247809958119,TE,48.97,44.36,1.36,3.96,213.09,48.88,44.23,1.68,3.69,218.43,64.74,25.38,329.62,1.56,44.11,0.66,0,C
53.0,16.75,2.39,0.63,329.48,14.724472825877328,WR,49.59,15.75,4.7,1.62,51.89,49.46,16.23,4.95,1.44,47.45,46.09,17.63,5.5,1.98,1.58,20.34003933132873,WR,47.25,17.44,1.14,0.23,36.59,47.27,17.55,1.11,0.45,36.59,48.89,25.92,6.33,1.75,233.5,15.96579155569807,WR,48.44,26.39,6.28,2.4,200.75,48.01,25.99,5.9,3.08,204.63,57.96,41.7,3.83,2.16,271.09,17.61352321371281,RB,53.51,40.82,0.57,0.78,178.39,53.52,40.76,0.61,0.95,160.48,44.36,47.82,5.91,2.93,251.48,30.306253480098786,TE,48.97,44.36,1.36,3.96,213.09,48.88,44.23,1.68,3.69,218.43,64.85,25.49,328.92,1.43,44.21,0.98,0,C
52.86,16.95,2.45,0.42,324.35,14.851801237560379,WR,49.46,16.23,4.95,1.44,47.45,49.59,15.75,4.7,1.62,51.89,45.88,18.11,5.14,2.5,7.14,20.475204516683096,WR,47.33,18.02,1.25,0.29,46.31,47.32,17.9,1.22,0.33,43.97,48.34,25.6,6.45,1.26,235.72,16.600003012047914,WR,48.01,25.99,5.9,3.08,204.63,47.6,25.65,5.42,4.02,214.15,57.64,41.44,4.13,1.95,269.75,17.450286530598856,RB,53.52,40.76,0.61,0.95,160.48,53.51,40.82,0.57,0.78,178.39,43.8,47.93,5.64,3.1,251.48,30.756709837042063,TE,48.97,44.36,1.36,3.96,213.09,48.88,44.23,1.68,3.69,218.43,64.94,25.59,330.12,1.31,44.87,1.16,0,C
52.71,17.15,2.47,0.22,320.69,14.984768933820769,WR,49.46,16.23,4.95,1.44,47.45,49.59,15.75,4.7,1.62,51.89,45.69,18.57,4.82,2.95,8.94,20.60552595785898,WR,47.37,18.4,1.31,0.14,45.32,47.38,18.53,1.29,0.19,43.49,47.77,25.26,6.61,0.85,243.66,17.26510932487831,WR,47.6,25.65,5.42,4.02,214.15,47.21,25.35,4.8,5.48,203.66,57.32,41.16,4.36,1.63,266.05,17.29377055474022,RB,53.53,40.69,0.67,1.0,147.29,53.52,40.76,0.61,0.95,160.48,43.25,48.01,5.37,3.14,250.57,31.192904641921373,TE,45.44,41.76,3.29,0.56,150.83,45.13,41.65,3.23,0.74,150.83,65.03,25.68,330.91,1.15,45.01,1.32,0,C
52.56,17.34,2.47,0.26,317.77,15.098996655407266,WR,49.46,16.23,4.95,1.44,47.45,49.31,16.72,5.17,1.34,36.04,45.51,19.0,4.48,3.27,10.01,20.720294399452914,WR,47.39,18.67,1.25,0.12,40.55,47.41,18.79,1.28,0.18,39.14,47.2,24.93,6.61,0.16,253.95,17.91877227937226,WR,46.84,25.08,4.16,6.63,221.59,47.21,25.35,4.8,5.48,203.66,56.98,40.86,4.55,1.28,270.52,17.153614779398538,RB,53.53,40.69,0.67,1.0,147.29,53.52,40.76,0.61,0.95,160.48,42.73,48.07,5.1,3.07,249.95,31.600621829324812,TE,45.13,41.65,3.23,0.74,150.83,44.82,41.53,3.29,0.67,149.72,65.1,25.75,328.92,0.97,42.52,1.47,0,C
52.4,17.53,2.43,0.42,314.08,15.211048616055368,WR,49.31,16.72,5.17,1.34,36.04,49.46,16.23,4.95,1.44,47.45,45.34,19.39,4.11,3.49,8.53,20.833837860557512,WR,47.44,19.04,1.23,0.31,38.12,47.46,19.16,1.18,0.36,37.52,46.65,24.63,6.38,1.1,261.0,18.54757396534652,WR,46.51,24.88,3.52,6.68,227.36,46.22,24.74,2.86,6.35,231.7,56.64,40.53,4.73,1.23,271.43,17.007904044884544,RB,53.53,40.69,0.67,1.0,147.29,53.52,40.62,0.73,0.96,134.15,42.24,48.1,4.83,3.01,249.95,31.971401283021674,TE,44.82,41.53,3.29,0.67,149.72,45.13,41.65,3.23,0.74,150.83,65.16,25.81,324.85,0.74,40.93,1.73,0,C
52.26,17.71,2.34,0.72,311.6,15.292681256078023,WR,49.31,16.72,5.17,1.34,36.04,49.16,17.23,5.37,1.27,19.77,45.17,19.75,3.77,3.51,9.38,20.941179527428726,WR,47.46,19.16,1.18,0.36,37.52,47.49,19.28,1.14,0.4,38.38,46.13,24.35,5.97,2.43,269.74,19.12968896767535,WR,45.87,24.2,4.03,4.0,95.43,45.99,24.65,2.1,6.17,226.69,56.29,40.19,4.88,1.07,272.62,16.87415183053655,RB,53.52,40.62,0.73,0.96,134.15,53.51,40.55,0.82,0.81,122.03,41.77,48.11,4.59,2.99,249.95,32.31141284438054,TE,44.52,41.4,3.26,0.82,154.39,44.82,41.53,3.29,0.67,149.72,65.2,25.86,321.77,0.53,37.6,1.81,0,C
52.11,17.89,2.27,0.84,309.61,15.363339480724884,WR,49.16,17.23,5.37,1.27,19.77,49.31,16.72,5.17,1.34,36.04,45.0,20.07,3.47,3.33,7.87,21.04369976976482,WR,47.06,21.61,6.62,1.53,341.34,47.51,19.39,1.11,0.49,39.69,45.61,24.07,5.71,2.85,272.36,19.69520246151331,WR,45.87,24.2,4.03,4.0,95.43,45.28,23.93,4.92,4.65,352.0,55.95,39.83,4.98,1.06,274.73,16.732537165654225,RB,53.49,40.46,0.87,0.6,108.37,53.51,40.55,0.82,0.81,122.03,41.32,48.1,4.34,3.0,249.95,32.61977927577071,TE,44.52,41.4,3.26,0.82,154.39,44.23,41.26,3.22,1.05,160.27,65.22,25.9,318.06,0.32,25.17,1.82,0,C
51.96,18.06,2.16,0.98,307.01,15.414512642312115,WR,49.16,17.23,5.37,1.27,19.77,49.31,16.72,5.17,1.34,36.04,44.83,20.35,3.17,3.06,7.87,21.137100084921773,WR,47.06,21.61,6.62,1.53,341.34,46.7,22.16,6.56,1.55,340.56,45.18,23.85,5.05,4.2,281.25,20.146625027532526,WR,45.28,23.93,4.92,4.65,352.0,44.97,24.26,4.28,5.13,346.52,55.62,39.46,5.02,1.07,274.73,16.597939631171094,RB,53.46,40.38,0.95,0.51,104.2,53.42,40.29,0.98,0.63,102.23,40.9,48.06,4.13,2.87,248.74,32.88832619638768,TE,44.23,41.26,3.22,1.05,160.27,44.52,41.4,3.26,0.82,154.39,65.22,25.92,312.36,0.17,337.81,1.87,0,C
51.82,18.21,2.07,1.02,306.02,15.456082944912007,WR,49.16,17.23,5.37,1.27,19.77,48.98,17.75,5.54,1.22,11.6,44.67,20.61,2.9,2.72,7.87,21.217775566727056,WR,46.7,22.16,6.56,1.55,340.56,47.06,21.61,6.62,1.53,341.34,44.93,23.67,3.62,7.18,296.91,20.40553846385828,WR,45.28,23.93,4.92,4.65,352.0,44.97,24.26,4.28,5.13,346.52,55.29,39.07,5.06,1.25,273.68,16.464082118356917,RB,53.34,40.11,1.0,0.71,92.4,53.38,40.2,1.0,0.74,99.68,40.51,48.0,3.9,2.95,242.88,33.123630537729404,TE,44.23,41.26,3.22,1.05,160.27,43.96,41.1,3.13,1.81,161.73,65.21,25.93,304.02,0.27,275.97,1.92,0,C
51.68,18.37,2.02,0.93,305.14,15.459062067279504,WR,49.16,17.23,5.37,1.27,19.77,48.98,17.75,5.54,1.22,11.6,44.53,20.85,2.62,2.5,8.81,21.253576169670836,WR,46.7,22.16,6.56,1.55,340.56,46.33,22.68,6.42,1.96,329.04,44.71,23.53,2.52,7.85,306.43,20.599118913196264,WR,45.28,23.93,4.92,4.65,352.0,44.97,24.26,4.28,5.13,346.52,54.97,38.68,5.03,1.14,273.68,16.335776687993746,RB,53.22,39.94,1.04,0.59,88.65,53.28,40.02,1.02,0.64,88.65,40.14,47.91,3.67,2.98,238.47,33.31757794318188,TE,44.23,41.26,3.22,1.05,160.27,43.96,41.1,3.13,1.81,161.73,65.17,25.92,297.56,0.45,259.35,1.82,0,C
51.55,18.51,1.92,0.92,304.44,15.456548773901636,WR,48.98,17.75,5.54,1.22,11.6,49.16,17.23,5.37,1.27,19.77,44.41,21.06,2.31,2.53,8.81,21.27032204739741,WR,46.33,22.68,6.42,1.96,329.04,46.7,22.16,6.56,1.55,340.56,44.57,23.43,1.46,8.23,311.43,20.699103845335916,WR,45.28,23.93,4.92,4.65,352.0,44.97,24.26,4.28,5.13,346.52,54.66,38.28,5.04,1.1,272.99,16.19964505784001,RB,53.14,39.86,1.09,0.46,88.65,53.22,39.94,1.04,0.59,88.65,39.8,47.81,3.5,2.93,234.0,33.47704288015894,TE,43.96,41.1,3.13,1.81,161.73,44.23,41.26,3.22,1.05,160.27,65.12,25.91,293.93,0.64,251.2,1.67,0,C
