x_0,y_0,vel_0,accel_0,orientation_0,dist_qb_0,receiver_type_0_WR,defensor_x_0_0,defensor_y_0_0,defensor_vel_0_0,defensor_accel_0_0,defensor_orientation_0_0,defensor_x_0_1,defensor_y_0_1,defensor_vel_0_1,defensor_accel_0_1,defensor_orientation_0_1,x_1,y_1,vel_1,accel_1,orientation_1,dist_qb_1,receiver_type_1_WR,defensor_x_1_0,defensor_y_1_0,defensor_vel_1_0,defensor_accel_1_0,defensor_orientation_1_0,defensor_x_1_1,defensor_y_1_1,defensor_vel_1_1,defensor_accel_1_1,defensor_orientation_1_1,x_2,y_2,vel_2,accel_2,orientation_2,dist_qb_2,receiver_type_2_TE,receiver_type_2_WR,defensor_x_2_0,defensor_y_2_0,defensor_vel_2_0,defensor_accel_2_0,defensor_orientation_2_0,defensor_x_2_1,defensor_y_2_1,defensor_vel_2_1,defensor_accel_2_1,defensor_orientation_2_1,x_3,y_3,vel_3,accel_3,orientation_3,dist_qb_3,receiver_type_3_TE,receiver_type_3_WR,defensor_x_3_0,defensor_y_3_0,defensor_vel_3_0,defensor_accel_3_0,defensor_orientation_3_0,defensor_x_3_1,defensor_y_3_1,defensor_vel_3_1,defensor_accel_3_1,defensor_orientation_3_1,qb_x,qb_y,qb_orientation,qb_speed,qb_direction,qb_accel,amount_of_players_causing_pressure_on_qb,result
91.08,28.34,2.5,0.51,275.29,0.9904039579888597,1,91.04,27.66,2.16,1.98,273.18,91.26,27.68,2.18,2.12,270.5,92.25,28.42,3.15,3.41,190.94,1.6337074401495535,1,92.26,28.49,2.5,3.51,223.87,92.16,28.28,2.34,3.28,235.38,90.5,29.39,2.02,0.66,249.33,0.3883297567789479,0,1,90.09,27.78,2.44,1.11,290.58,90.34,27.72,2.34,1.41,290.58,90.36,32.54,2.11,0.35,304.86,3.2715898275914723,1,0,90.13,32.33,3.71,1.92,161.9,90.47,32.11,3.79,2.06,153.42,90.88,29.31,17.84,0.18,104.1,0.14,0.0,1
91.06,28.09,2.48,0.59,263.99,1.2490396310766114,1,91.04,27.66,2.16,1.98,273.18,91.26,27.68,2.18,2.12,270.5,92.31,28.09,3.45,2.71,185.72,1.8701871564097567,1,92.16,28.28,2.34,3.28,235.38,92.03,28.08,2.26,3.01,245.89,90.45,29.19,2.09,0.44,244.79,0.48083261120684545,0,1,90.09,27.78,2.44,1.11,290.58,90.34,27.72,2.34,1.41,290.58,90.22,32.7,2.15,0.19,303.77,3.4399127895922055,1,0,90.13,32.33,3.71,1.92,161.9,89.78,32.49,3.69,2.1,159.12,90.91,29.33,18.51,0.17,96.39,0.14,0.0,1
92.37,27.74,3.7,2.1,183.55,2.1533694527414537,1,92.03,28.08,2.26,3.01,245.89,91.88,27.94,2.13,2.92,251.04,91.04,27.84,2.45,0.66,239.05,1.5133076356114794,1,91.04,27.66,2.16,1.98,273.18,91.26,27.68,2.18,2.12,270.5,90.4,28.99,2.13,0.31,239.87,0.6489992295835131,0,1,90.09,27.78,2.44,1.11,290.58,90.34,27.72,2.34,1.41,290.58,90.08,32.86,2.14,0.15,303.77,3.6138206928401946,1,0,89.78,32.49,3.69,2.1,159.12,90.13,32.33,3.71,1.92,161.9,90.94,29.35,15.02,0.17,90.41,0.15,0.0,1
92.41,27.36,3.88,1.59,180.74,2.47735746310459,1,91.88,27.94,2.13,2.92,251.04,92.03,28.08,2.26,3.01,245.89,91.01,27.6,2.38,0.87,231.73,1.7901117283566401,1,91.04,27.66,2.16,1.98,273.18,90.82,27.66,2.16,1.95,275.44,90.35,28.77,2.18,0.15,236.29,0.8910667763978197,0,1,90.09,27.78,2.44,1.11,290.58,90.34,27.72,2.34,1.41,290.58,89.94,33.02,2.14,0.23,303.77,3.7788093362857054,1,0,89.78,32.49,3.69,2.1,159.12,89.42,32.65,3.63,1.98,165.13,90.99,29.39,5.83,0.19,79.93,0.16,0.0,1
92.44,26.97,3.99,1.3,179.22,2.823118842698623,1,91.88,27.94,2.13,2.92,251.04,91.7,27.82,2.1,2.64,256.18,90.97,27.37,2.29,0.97,222.81,2.040612653102003,1,91.04,27.66,2.16,1.98,273.18,90.82,27.66,2.16,1.95,275.44,90.3,28.56,2.21,0.03,235.29,1.113956911195402,0,1,90.09,27.78,2.44,1.11,290.58,90.34,27.72,2.34,1.41,290.58,89.8,33.18,2.09,0.43,303.13,3.962486593037255,1,0,89.42,32.65,3.63,1.98,165.13,89.78,32.49,3.69,2.1,159.12,91.02,29.41,2.84,0.18,75.77,0.16,0.0,1
92.46,26.57,4.07,1.15,179.9,3.211245864146808,1,91.7,27.82,2.1,2.64,256.18,91.88,27.94,2.13,2.92,251.04,90.93,27.15,2.22,1.06,213.46,2.3136551169091755,1,91.04,27.66,2.16,1.98,273.18,90.82,27.66,2.16,1.95,275.44,90.25,28.35,2.19,0.26,232.16,1.3741178988718552,0,1,90.09,27.78,2.44,1.11,290.58,90.34,27.72,2.34,1.41,290.58,89.65,33.32,2.04,0.67,302.15,4.109464685333114,1,0,89.42,32.65,3.63,1.98,165.13,89.06,32.77,3.59,1.94,163.43,91.06,29.46,2.84,0.18,68.99,0.17,0.0,1
92.46,26.16,4.12,1.1,184.64,3.591559549833467,1,91.7,27.82,2.1,2.64,256.18,91.47,27.74,2.17,2.53,265.0,90.88,26.94,2.18,0.88,206.93,2.548666317900403,1,90.82,27.66,2.16,1.95,275.44,91.04,27.66,2.16,1.98,273.18,90.2,28.13,2.21,0.18,226.34,1.6169724796668634,0,1,90.09,27.78,2.44,1.11,290.58,90.34,27.72,2.34,1.41,290.58,89.5,33.46,2.03,0.79,301.41,4.285848807412601,1,0,89.42,32.65,3.63,1.98,165.13,89.06,32.77,3.59,1.94,163.43,91.09,29.48,1.77,0.18,66.12,0.17,0.0,1
92.46,25.74,4.13,1.05,187.91,3.985599076675925,1,91.7,27.82,2.1,2.64,256.18,91.47,27.74,2.17,2.53,265.0,90.83,26.73,2.1,0.86,203.21,2.7741665415039503,1,90.82,27.66,2.16,1.95,275.44,91.04,27.66,2.16,1.98,273.18,90.15,27.91,2.27,0.11,215.49,1.8487833837418548,0,1,90.09,27.78,2.44,1.11,290.58,90.34,27.72,2.34,1.41,290.58,89.34,33.59,2.01,0.68,300.07,4.465747417846202,1,0,89.06,32.77,3.59,1.94,163.43,89.42,32.65,3.63,1.98,165.13,91.11,29.49,352.43,0.19,62.46,0.31,0.0,1
92.43,25.33,4.15,1.2,190.85,4.377487864060854,1,91.47,27.74,2.17,2.53,265.0,91.7,27.82,2.1,2.64,256.18,90.77,26.53,2.03,0.85,201.07,3.0016662039607276,1,90.82,27.66,2.16,1.95,275.44,91.04,27.66,2.16,1.98,273.18,90.09,27.69,2.32,0.17,204.86,2.096187014557619,0,1,90.09,27.78,2.44,1.11,290.58,90.34,27.72,2.34,1.41,290.58,89.19,33.71,1.97,0.69,300.07,4.626402490056392,1,0,89.06,32.77,3.59,1.94,163.43,88.68,32.87,3.51,1.8,166.8,91.13,29.51,333.11,0.24,53.87,0.67,0.0,1
92.39,24.91,4.18,1.28,194.93,4.783513353174631,1,91.47,27.74,2.17,2.53,265.0,91.7,27.82,2.1,2.64,256.18,90.71,26.34,1.99,0.73,200.3,3.2202018570269813,1,90.82,27.66,2.16,1.95,275.44,90.58,27.68,2.28,1.65,283.43,90.03,27.46,2.4,0.3,199.29,2.353571753739412,0,1,90.09,27.78,2.44,1.11,290.58,90.34,27.72,2.34,1.41,290.58,89.03,33.83,1.93,0.7,298.12,4.794204835006531,1,0,88.68,32.87,3.51,1.8,166.8,89.06,32.77,3.59,1.94,163.43,91.15,29.53,316.81,0.29,44.6,0.7,0.0,1
92.33,24.49,4.18,1.32,196.59,5.193505559831435,1,91.47,27.74,2.17,2.53,265.0,91.26,27.68,2.18,2.12,270.5,90.65,26.15,1.96,0.67,197.15,3.438037230746637,1,90.82,27.66,2.16,1.95,275.44,90.58,27.68,2.28,1.65,283.43,89.97,27.22,2.52,0.5,196.4,2.6162950903902265,0,1,90.09,27.78,2.44,1.11,290.58,90.34,27.72,2.34,1.41,290.58,88.88,33.94,1.85,0.82,296.21,4.9467666207331815,1,0,88.88,34.96,5.29,1.05,135.22,89.38,34.84,5.1,1.8,139.13,91.16,29.55,308.3,0.29,39.08,0.42,0.0,1
92.25,24.08,4.21,1.29,196.59,5.585409564212816,1,91.26,27.68,2.18,2.12,270.5,91.47,27.74,2.17,2.53,265.0,90.58,25.97,1.92,0.6,195.99,3.638158875035559,1,90.82,27.66,2.16,1.95,275.44,90.58,27.68,2.28,1.65,283.43,89.9,26.96,2.73,0.94,195.77,2.8935963782117193,0,1,90.09,27.78,2.44,1.11,290.58,90.34,27.72,2.34,1.41,290.58,88.72,34.04,1.8,1.0,292.45,5.106162942954329,1,0,88.88,34.96,5.29,1.05,135.22,89.38,34.84,5.1,1.8,139.13,91.17,29.56,302.64,0.22,31.68,0.3,0.0,1
92.16,23.66,4.23,1.14,198.66,6.0005666399099304,1,88.56,25.54,0.91,2.68,17.6,88.51,25.47,1.09,2.88,13.98,90.51,25.79,1.85,0.68,198.9,3.8487660360172575,1,90.58,27.68,2.28,1.65,283.43,90.82,27.66,2.16,1.95,275.44,89.82,26.69,2.84,0.9,195.77,3.194010018769512,0,1,90.09,27.78,2.44,1.11,290.58,90.34,27.72,2.34,1.41,290.58,88.56,34.12,1.75,1.07,288.66,5.241755431150906,1,0,88.88,34.96,5.29,1.05,135.22,88.36,35.08,5.41,0.21,138.07,91.18,29.58,297.53,0.17,6.33,0.58,0.0,1
92.06,23.24,4.26,1.06,201.34,6.413462403413622,1,88.56,25.54,0.91,2.68,17.6,88.51,25.47,1.09,2.88,13.98,90.44,25.63,1.78,0.87,201.17,4.024922359499622,1,88.57,25.59,0.58,2.91,14.61,88.56,25.54,0.91,2.68,17.6,89.74,26.41,3.0,0.98,193.47,3.48264267475146,0,1,90.09,27.78,2.44,1.11,290.58,88.55,25.63,0.5,2.82,11.58,88.4,34.19,1.69,1.35,287.1,5.36447574325767,1,0,88.36,35.08,5.41,0.21,138.07,88.88,34.96,5.29,1.05,135.22,91.16,29.59,293.03,0.13,310.41,0.87,0.0,1
91.95,22.83,4.26,0.98,198.67,6.7984262884876525,1,88.51,25.47,1.09,2.88,13.98,88.56,25.54,0.91,2.68,17.6,90.36,25.47,1.75,0.85,203.63,4.183359893673983,1,88.57,25.59,0.58,2.91,14.61,88.56,25.54,0.91,2.68,17.6,89.65,26.11,3.18,1.0,189.86,3.7763739221639554,0,1,88.57,25.59,0.58,2.91,14.61,88.55,25.63,0.5,2.82,11.58,88.25,34.25,1.64,1.17,283.29,5.491903130973817,1,0,88.36,35.08,5.41,0.21,138.07,88.88,34.96,5.29,1.05,135.22,91.14,29.58,288.85,0.21,268.39,0.81,0.0,1
91.83,22.42,4.29,0.74,201.13,7.185165272977371,1,88.51,25.47,1.09,2.88,13.98,88.44,25.4,1.39,3.06,13.98,90.27,25.32,1.72,0.86,208.83,4.334166586553868,1,88.57,25.59,0.58,2.91,14.61,88.56,25.54,0.91,2.68,17.6,89.55,25.8,3.34,0.95,189.86,4.083846226292074,0,1,88.57,25.59,0.58,2.91,14.61,88.55,25.63,0.5,2.82,11.58,88.1,34.3,1.59,1.05,281.23,5.611889164978228,1,0,88.36,35.08,5.41,0.21,138.07,87.83,35.21,5.43,0.75,144.54,91.12,29.57,286.88,0.31,253.24,0.62,0.0,1
91.7,22.0,4.36,0.53,202.97,7.585380676010927,1,88.44,25.4,1.39,3.06,13.98,88.51,25.47,1.09,2.88,13.98,90.19,25.17,1.71,0.58,218.86,4.479307982266901,1,88.56,25.54,0.91,2.68,17.6,88.57,25.59,0.58,2.91,14.61,89.46,25.47,3.45,0.84,189.09,4.399147644714827,0,1,88.57,25.59,0.58,2.91,14.61,88.56,25.54,0.91,2.68,17.6,87.95,34.35,1.53,0.81,279.37,5.721975183448457,1,0,88.36,35.08,5.41,0.21,138.07,87.83,35.21,5.43,0.75,144.54,91.08,29.56,279.8,0.37,251.8,0.41,0.0,1
91.57,21.58,4.39,0.48,204.39,7.997580884242434,1,88.44,25.4,1.39,3.06,13.98,88.51,25.47,1.09,2.88,13.98,90.1,25.02,1.68,0.51,225.5,4.6362916215441,1,88.56,25.54,0.91,2.68,17.6,88.57,25.59,0.58,2.91,14.61,89.36,25.13,3.56,0.65,190.74,4.7378581658804455,0,1,88.56,25.54,0.91,2.68,17.6,88.57,25.59,0.58,2.91,14.61,87.8,34.39,1.49,0.62,276.57,5.816055364248184,1,0,87.83,35.21,5.43,0.75,144.54,88.36,35.08,5.41,0.21,138.07,91.04,29.56,279.8,0.41,253.86,0.23,0.0,1
91.43,21.16,4.39,0.48,209.61,8.411515915695576,1,88.44,25.4,1.39,3.06,13.98,88.32,25.32,1.68,3.19,15.81,89.26,24.78,3.68,0.63,192.47,5.083433878787049,1,88.51,25.47,1.09,2.88,13.98,88.44,25.4,1.39,3.06,13.98,90.01,24.88,1.7,0.44,233.17,4.781506038896111,0,1,88.56,25.54,0.91,2.68,17.6,88.57,25.59,0.58,2.91,14.61,87.66,34.43,1.44,0.57,273.55,5.899644057059714,1,0,87.83,35.21,5.43,0.75,144.54,88.36,35.08,5.41,0.21,138.07,90.99,29.56,277.75,0.43,257.07,0.1,0.0,1
91.29,20.74,4.37,0.55,211.38,8.817352210272654,1,88.32,25.32,1.68,3.19,15.81,88.44,25.4,1.39,3.06,13.98,89.17,24.42,3.74,0.38,196.79,5.4235136212606685,1,88.44,25.4,1.39,3.06,13.98,88.32,25.32,1.68,3.19,15.81,89.91,24.74,1.68,0.43,239.86,4.916960443200661,0,1,88.56,25.54,0.91,2.68,17.6,88.51,25.47,1.09,2.88,13.98,87.52,34.47,1.38,0.62,271.27,5.986192445954278,1,0,87.83,35.21,5.43,0.75,144.54,87.31,35.33,5.35,1.77,145.4,90.93,29.55,276.81,0.47,257.59,0.07,0.0,1
91.14,20.33,4.33,0.62,218.24,9.213956804760917,1,88.32,25.32,1.68,3.19,15.81,88.44,25.4,1.39,3.06,13.98,89.07,24.05,3.79,0.22,200.41,5.777551384453455,1,88.32,25.32,1.68,3.19,15.81,88.44,25.4,1.39,3.06,13.98,89.81,24.6,1.68,0.45,245.27,5.052444952693693,0,1,88.56,25.54,0.91,2.68,17.6,88.51,25.47,1.09,2.88,13.98,87.4,34.5,1.22,0.93,266.5,6.053304882458837,1,0,87.83,35.21,5.43,0.75,144.54,87.31,35.33,5.35,1.77,145.4,90.87,29.54,276.23,0.48,258.68,0.13,0.0,1
91.0,19.92,4.32,0.63,220.4,9.631874168613292,1,88.32,25.32,1.68,3.19,15.81,88.17,25.25,2.04,2.89,15.81,88.97,23.69,3.8,0.17,202.48,6.142084336770377,1,88.17,25.25,2.04,2.89,15.81,88.32,25.32,1.68,3.19,15.81,89.71,24.47,1.64,0.56,247.4,5.197730273879171,0,1,88.51,25.47,1.09,2.88,13.98,88.56,25.54,0.91,2.68,17.6,87.29,34.54,1.14,0.88,265.5,6.106594795792493,1,0,87.31,35.33,5.35,1.77,145.4,87.83,35.21,5.43,0.75,144.54,90.81,29.55,276.23,0.5,262.27,0.2,0.0,1
90.85,19.52,4.28,0.72,224.34,10.040602571559138,1,88.17,25.25,2.04,2.89,15.81,88.32,25.32,1.68,3.19,15.81,88.87,23.31,3.82,0.3,201.23,6.523756586507498,1,88.17,25.25,2.04,2.89,15.81,87.98,25.19,2.37,2.5,22.49,89.61,24.35,1.59,0.57,248.21,5.3311349635888945,0,1,88.51,25.47,1.09,2.88,13.98,88.44,25.4,1.39,3.06,13.98,87.18,34.57,1.08,0.79,264.14,6.146031239751384,1,0,87.31,35.33,5.35,1.77,145.4,87.83,35.21,5.43,0.75,144.54,90.74,29.56,267.01,0.51,265.95,0.14,0.0,1
90.7,19.12,4.28,0.6,224.34,10.450004784687899,1,88.17,25.25,2.04,2.89,15.81,88.32,25.32,1.68,3.19,15.81,88.78,22.95,3.76,0.58,203.85,6.890029027515051,1,87.98,25.19,2.37,2.5,22.49,88.17,25.25,2.04,2.89,15.81,89.5,24.23,1.59,0.54,250.8,5.470987113857973,0,1,88.44,25.4,1.39,3.06,13.98,88.51,25.47,1.09,2.88,13.98,87.08,34.59,1.0,0.8,262.48,6.183243485420903,1,0,87.31,35.33,5.35,1.77,145.4,86.79,35.45,5.21,3.12,143.22,90.69,29.57,265.21,0.53,271.22,0.46,0.0,1
90.55,18.72,4.24,0.66,224.34,10.850294926867196,1,88.17,25.25,2.04,2.89,15.81,87.98,25.19,2.37,2.5,22.49,88.68,22.59,3.65,0.95,207.58,7.247268450940669,1,87.98,25.19,2.37,2.5,22.49,88.17,25.25,2.04,2.89,15.81,89.39,24.11,1.57,0.49,251.49,5.599035631249367,0,1,88.44,25.4,1.39,3.06,13.98,88.32,25.32,1.68,3.19,15.81,86.98,34.6,0.93,0.95,262.48,6.214772723117068,1,0,87.31,35.33,5.35,1.77,145.4,86.79,35.45,5.21,3.12,143.22,90.63,29.57,263.76,0.57,277.41,0.68,0.0,1
90.4,18.32,4.2,0.67,221.68,11.261283230609198,1,88.17,25.25,2.04,2.89,15.81,87.98,25.19,2.37,2.5,22.49,88.59,22.24,3.54,1.21,213.56,7.602368052126913,1,87.98,25.19,2.37,2.5,22.49,88.17,25.25,2.04,2.89,15.81,89.29,23.99,1.55,0.42,250.69,5.734675230560137,0,1,88.32,25.32,1.68,3.19,15.81,88.44,25.4,1.39,3.06,13.98,86.89,34.6,0.89,0.96,262.48,6.2243714542112585,1,0,87.31,35.33,5.35,1.77,145.4,86.79,35.45,5.21,3.12,143.22,90.57,29.58,262.45,0.62,281.59,0.65,0.0,1
90.25,17.93,4.18,0.66,221.68,11.672895956017086,1,87.98,25.19,2.37,2.5,22.49,88.17,25.25,2.04,2.89,15.81,88.5,21.9,3.44,1.27,217.7,7.95802111080387,1,87.98,25.19,2.37,2.5,22.49,87.74,25.16,2.62,2.39,27.12,89.18,23.88,1.51,0.43,250.69,5.872588866930839,0,1,88.32,25.32,1.68,3.19,15.81,88.44,25.4,1.39,3.06,13.98,86.8,34.58,0.87,1.03,262.48,6.210032206035652,1,0,86.79,35.45,5.21,3.12,143.22,87.31,35.33,5.35,1.77,145.4,90.51,29.6,260.49,0.66,284.7,0.55,0.0,1
90.1,17.54,4.15,0.65,226.43,12.075073498741116,1,87.98,25.19,2.37,2.5,22.49,88.17,25.25,2.04,2.89,15.81,88.41,21.58,3.33,1.33,217.7,8.285076945931163,1,87.98,25.19,2.37,2.5,22.49,87.74,25.16,2.62,2.39,27.12,89.08,23.77,1.5,0.36,250.69,5.998541489395569,0,1,88.32,25.32,1.68,3.19,15.81,88.17,25.25,2.04,2.89,15.81,86.72,34.56,0.91,0.95,262.48,6.198015811531951,1,0,86.79,35.45,5.21,3.12,143.22,87.31,35.33,5.35,1.77,145.4,90.45,29.61,258.6,0.67,284.22,0.27,0.0,1
89.95,17.16,4.1,0.77,227.68,12.477760215679735,1,87.98,25.19,2.37,2.5,22.49,88.17,25.25,2.04,2.89,15.81,88.32,21.26,3.24,1.26,218.97,8.62216910063819,1,87.74,25.16,2.62,2.39,27.12,87.98,25.19,2.37,2.5,22.49,88.98,23.66,1.45,0.48,249.96,6.134248120185552,0,1,88.17,25.25,2.04,2.89,15.81,88.32,25.32,1.68,3.19,15.81,86.63,34.52,0.91,0.67,263.26,6.168443888048272,1,0,86.79,35.45,5.21,3.12,143.22,87.31,35.33,5.35,1.77,145.4,90.39,29.63,256.44,0.62,286.65,0.17,0.0,1
89.81,16.77,4.07,0.75,227.68,12.890899891008385,1,81.91,19.52,1.4,0.23,55.48,81.86,19.39,1.43,0.19,55.48,88.23,20.96,3.16,1.11,218.97,8.942494059265568,1,87.74,25.16,2.62,2.39,27.12,87.98,25.19,2.37,2.5,22.49,88.87,23.56,1.45,0.42,251.06,6.264902233874045,0,1,88.17,25.25,2.04,2.89,15.81,88.32,25.32,1.68,3.19,15.81,86.55,34.49,0.89,0.38,264.0,6.147332754943406,1,0,86.79,35.45,5.21,3.12,143.22,86.3,35.56,4.82,3.7,136.3,90.34,29.65,256.44,0.53,287.82,0.46,0.0,1
89.66,16.4,4.01,0.82,224.94,13.274957627051021,1,81.86,19.39,1.43,0.19,55.48,81.91,19.52,1.4,0.23,55.48,88.13,20.66,3.06,1.08,220.57,9.25557129517136,1,87.74,25.16,2.62,2.39,27.12,87.98,25.19,2.37,2.5,22.49,88.76,23.47,1.42,0.48,254.36,6.3762841843819995,0,1,88.17,25.25,2.04,2.89,15.81,87.98,25.19,2.37,2.5,22.49,86.47,34.47,0.83,0.27,265.03,6.142352969343267,1,0,86.79,35.45,5.21,3.12,143.22,86.3,35.56,4.82,3.7,136.3,90.29,29.66,256.44,0.46,289.56,0.62,0.0,1
89.51,16.02,4.03,0.62,230.09,13.680029239734832,1,81.71,19.0,1.34,1.49,60.83,81.76,19.13,1.35,0.82,56.97,88.05,20.37,2.93,1.17,224.13,9.566404758319607,1,87.74,25.16,2.62,2.39,27.12,87.98,25.19,2.37,2.5,22.49,88.66,23.38,1.36,0.7,255.08,6.497545690489604,0,1,88.17,25.25,2.04,2.89,15.81,87.98,25.19,2.37,2.5,22.49,86.4,34.45,0.7,0.72,265.03,6.129877649676215,1,0,86.79,35.45,5.21,3.12,143.22,86.3,35.56,4.82,3.7,136.3,90.25,29.68,257.43,0.37,289.72,0.76,0.0,1
89.37,15.64,4.0,0.65,232.77,14.076295677485609,1,81.71,19.0,1.34,1.49,60.83,81.66,18.89,1.2,1.81,65.12,87.96,20.1,2.78,1.33,227.48,9.85499873160824,1,87.74,25.16,2.62,2.39,27.12,87.47,25.16,2.83,2.25,30.44,88.55,23.3,1.31,0.72,256.11,6.607155212343662,0,1,87.98,25.19,2.37,2.5,22.49,88.17,25.25,2.04,2.89,15.81,86.33,34.44,0.63,0.97,265.03,6.145933615001061,1,0,86.79,35.45,5.21,3.12,143.22,86.3,35.56,4.82,3.7,136.3,90.23,29.69,256.29,0.28,301.09,0.82,0.0,1
89.22,15.26,3.99,0.63,229.78,14.47389719460519,1,81.66,18.89,1.2,1.81,65.12,81.61,18.79,0.98,2.05,69.03,87.88,19.84,2.63,1.49,229.11,10.131559603535873,1,87.74,25.16,2.62,2.39,27.12,82.91,21.77,1.85,0.77,71.9,88.44,23.22,1.29,0.7,256.11,6.7173878851827515,0,1,87.98,25.19,2.37,2.5,22.49,88.17,25.25,2.04,2.89,15.81,86.27,34.43,0.57,0.97,263.49,6.15601332032347,1,0,86.3,35.56,4.82,3.7,136.3,86.79,35.45,5.21,3.12,143.22,90.21,29.7,252.4,0.15,298.37,0.93,0.0,1
89.08,14.89,3.95,0.68,228.58,14.862260931634864,1,81.57,18.71,0.77,2.22,72.41,81.61,18.79,0.98,2.05,69.03,87.79,19.6,2.49,1.53,230.25,10.393276672926588,1,82.84,21.59,1.93,0.33,71.32,82.91,21.77,1.85,0.77,71.9,88.34,23.15,1.27,0.45,258.03,6.81859223007213,0,1,87.98,25.19,2.37,2.5,22.49,87.74,25.16,2.62,2.39,27.12,86.23,34.44,0.43,1.09,262.15,6.175257079668826,1,0,86.3,35.56,4.82,3.7,136.3,86.79,35.45,5.21,3.12,143.22,90.2,29.71,252.4,0.05,297.31,0.94,0.0,1
88.94,14.52,3.92,0.68,228.58,15.242168480895364,1,81.57,18.71,0.77,2.22,72.41,81.61,18.79,0.98,2.05,69.03,87.71,19.37,2.29,1.77,232.51,10.635586490645451,1,82.84,21.59,1.93,0.33,71.32,82.69,21.24,1.93,1.71,71.88,88.23,23.08,1.29,0.17,257.4,6.9164875478815135,0,1,87.98,25.19,2.37,2.5,22.49,87.74,25.16,2.62,2.39,27.12,86.19,34.43,0.34,0.94,263.78,6.193423931881301,1,0,86.3,35.56,4.82,3.7,136.3,86.79,35.45,5.21,3.12,143.22,90.2,29.71,250.53,0.05,128.16,0.91,0.0,1
88.8,14.15,3.95,0.5,228.58,15.613795182466049,1,81.57,18.71,0.77,2.22,72.41,81.61,18.79,0.98,2.05,69.03,87.62,19.18,2.05,2.05,234.2,10.834135867709982,1,82.69,21.24,1.93,1.71,71.88,82.76,21.42,2.0,1.19,69.98,88.12,23.0,1.29,0.17,255.98,7.018411501187427,0,1,87.74,25.16,2.62,2.39,27.12,87.98,25.19,2.37,2.5,22.49,86.17,34.45,0.23,1.06,267.2,6.235711667484312,1,0,86.3,35.56,4.82,3.7,136.3,86.79,35.45,5.21,3.12,143.22,90.21,29.7,248.06,0.15,128.84,0.88,0.0,1
88.65,13.78,3.91,0.58,223.52,15.986297257338862,1,81.57,18.71,0.77,2.22,72.41,81.61,18.79,0.98,2.05,69.03,87.54,19.0,1.82,2.24,236.39,11.018393712333934,1,82.69,21.24,1.93,1.71,71.88,82.61,21.07,1.75,2.05,73.79,88.02,22.93,1.26,0.32,255.98,7.10589192149726,0,1,87.74,25.16,2.62,2.39,27.12,87.98,25.19,2.37,2.5,22.49,86.16,34.46,0.15,1.11,268.68,6.257427586476728,1,0,86.3,35.56,4.82,3.7,136.3,86.79,35.45,5.21,3.12,143.22,90.21,29.69,249.88,0.16,141.73,0.56,0.0,1
88.51,13.42,3.88,0.64,222.82,16.34966972143474,1,81.57,18.71,0.77,2.22,72.41,81.52,18.67,0.54,1.42,75.96,87.45,18.85,1.65,2.22,238.59,11.178631401025797,1,82.61,21.07,1.75,2.05,73.79,82.69,21.24,1.93,1.71,71.88,87.92,22.85,1.24,0.35,255.09,7.20686478296908,0,1,87.74,25.16,2.62,2.39,27.12,87.98,25.19,2.37,2.5,22.49,86.17,34.47,0.14,1.04,268.68,6.272686824639021,1,0,86.3,35.56,4.82,3.7,136.3,86.79,35.45,5.21,3.12,143.22,90.22,29.68,251.48,0.2,156.97,0.4,0.0,1
88.37,13.06,3.83,0.73,222.82,16.702769231477756,1,79.78,14.8,2.81,0.57,169.04,79.72,14.53,2.78,0.55,155.27,87.35,18.73,1.49,2.15,240.58,11.300522111831825,1,82.61,21.07,1.75,2.05,73.79,82.69,21.24,1.93,1.71,71.88,87.82,22.78,1.16,0.55,256.85,7.286590423510849,0,1,87.74,25.16,2.62,2.39,27.12,87.47,25.16,2.83,2.25,30.44,86.18,34.48,0.21,0.98,269.47,6.2891970870692155,1,0,86.3,35.56,4.82,3.7,136.3,86.79,35.45,5.21,3.12,143.22,90.22,29.66,252.79,0.2,158.34,0.22,0.0,1
88.23,12.7,3.81,0.71,224.37,17.067586238247046,1,79.72,14.53,2.78,0.55,155.27,79.78,14.8,2.81,0.57,169.04,87.26,18.62,1.42,1.75,244.18,11.422863038660664,1,82.61,21.07,1.75,2.05,73.79,82.53,20.93,1.5,2.13,73.16,87.73,22.71,1.06,0.7,257.82,7.376557462665086,0,1,87.74,25.16,2.62,2.39,27.12,87.47,25.16,2.83,2.25,30.44,86.21,34.48,0.3,0.95,269.47,6.2840512410387035,1,0,86.3,35.56,4.82,3.7,136.3,86.79,35.45,5.21,3.12,143.22,90.23,29.65,253.48,0.19,159.92,0.09,0.0,1
88.09,12.35,3.75,0.78,228.01,17.42193158062561,1,79.66,14.26,2.76,0.56,141.49,79.6,13.99,2.71,0.61,128.7,87.15,18.53,1.32,1.71,246.51,11.529028580066926,1,82.61,21.07,1.75,2.05,73.79,82.53,20.93,1.5,2.13,73.16,87.64,22.66,1.02,0.76,260.66,7.445031900536089,0,1,87.74,25.16,2.62,2.39,27.12,87.47,25.16,2.83,2.25,30.44,86.24,34.46,0.4,0.97,269.47,6.257195857570712,1,0,86.3,35.56,4.82,3.7,136.3,86.79,35.45,5.21,3.12,143.22,90.23,29.64,254.1,0.15,166.19,0.02,0.0,1
87.96,12.01,3.63,1.01,231.67,17.76562129507437,1,79.6,13.99,2.71,0.61,128.7,79.66,14.26,2.76,0.56,141.49,87.05,18.45,1.28,1.36,248.55,11.623459037653122,1,82.61,21.07,1.75,2.05,73.79,82.53,20.93,1.5,2.13,73.16,87.55,22.62,0.98,0.94,260.66,7.504831776928781,0,1,87.47,25.16,2.83,2.25,30.44,87.74,25.16,2.62,2.39,27.12,86.29,34.44,0.53,0.79,270.57,6.21769249802529,1,0,86.3,35.56,4.82,3.7,136.3,86.79,35.45,5.21,3.12,143.22,90.23,29.63,254.1,0.13,165.48,0.03,0.0,1
87.82,11.68,3.52,1.14,237.37,18.09257582545946,1,79.6,13.99,2.71,0.61,128.7,79.53,13.73,2.66,0.71,110.44,86.94,18.39,1.25,1.24,250.36,11.695229796801769,1,82.53,20.93,1.5,2.13,73.16,82.46,20.81,1.25,2.12,71.61,87.45,22.59,0.99,0.98,259.55,7.554104844387583,0,1,87.47,25.16,2.83,2.25,30.44,87.74,25.16,2.62,2.39,27.12,86.35,34.43,0.58,0.47,270.57,6.193908297674418,1,0,86.79,35.45,5.21,3.12,143.22,86.3,35.56,4.82,3.7,136.3,90.24,29.61,254.93,0.13,164.47,0.05,0.0,1
87.69,11.35,3.43,1.13,244.04,18.427289545671115,1,79.47,13.47,2.58,0.86,99.28,79.53,13.73,2.66,0.71,110.44,86.82,18.35,1.2,1.14,252.33,11.758354476711443,1,82.53,20.93,1.5,2.13,73.16,82.46,20.81,1.25,2.12,71.61,87.36,22.57,0.99,0.93,258.52,7.597058641342713,0,1,87.47,25.16,2.83,2.25,30.44,87.18,25.17,3.04,1.96,33.65,86.39,34.39,0.59,0.26,271.26,6.145453604088143,1,0,86.79,35.45,5.21,3.12,143.22,86.3,35.56,4.82,3.7,136.3,90.24,29.6,255.53,0.12,165.6,0.06,0.0,1
87.57,11.04,3.31,1.22,248.29,18.74259587143681,1,79.47,13.47,2.58,0.86,99.28,79.4,13.23,2.48,1.05,87.37,86.71,18.32,1.16,0.86,254.34,11.812895496024675,1,82.46,20.81,1.25,2.12,71.61,82.53,20.93,1.5,2.13,73.16,87.26,22.56,0.95,0.86,257.58,7.639437152042027,0,1,87.47,25.16,2.83,2.25,30.44,87.18,25.17,3.04,1.96,33.65,86.44,34.36,0.6,0.11,271.26,6.104834150081394,1,0,86.79,35.45,5.21,3.12,143.22,86.3,35.56,4.82,3.7,136.3,90.25,29.59,255.53,0.12,159.36,0.07,0.0,1
87.44,10.74,3.21,1.2,252.56,19.058294782062745,1,79.4,13.23,2.48,1.05,87.37,79.47,13.47,2.58,0.86,99.28,86.6,18.29,1.1,0.75,255.82,11.874868420323656,1,82.11,20.1,1.03,0.73,57.7,81.99,19.77,1.25,0.69,58.09,87.17,22.56,0.89,0.72,257.58,7.675109119745465,0,1,87.18,25.17,3.04,1.96,33.65,87.47,25.16,2.83,2.25,30.44,86.47,34.31,0.56,0.13,272.16,6.04704886700943,1,0,86.79,35.45,5.21,3.12,143.22,86.3,35.56,4.82,3.7,136.3,90.25,29.59,255.53,0.09,160.42,0.06,0.0,1
87.32,10.46,3.05,1.32,257.66,19.343197770792706,1,79.4,13.23,2.48,1.05,87.37,79.32,13.0,2.39,1.13,76.88,86.5,18.26,0.98,0.81,258.75,11.9249696016384,1,81.99,19.77,1.25,0.69,58.09,81.95,19.65,1.35,0.44,55.48,87.08,22.56,0.81,0.62,256.55,7.702551525306403,0,1,87.18,25.17,3.04,1.96,33.65,87.47,25.16,2.83,2.25,30.44,86.48,34.28,0.49,0.18,272.85,6.025188793722567,1,0,86.79,35.45,5.21,3.12,143.22,86.3,35.56,4.82,3.7,136.3,90.25,29.58,254.58,0.09,160.09,0.07,0.0,1
87.2,10.19,2.9,1.42,261.38,19.629969434515175,1,79.25,12.77,2.29,1.18,65.21,79.32,13.0,2.39,1.13,76.88,86.41,18.25,0.86,0.96,260.1,11.966260903055726,1,81.99,19.77,1.25,0.69,58.09,81.95,19.65,1.35,0.44,55.48,87.01,22.55,0.68,0.87,255.26,7.744895092898287,0,1,87.18,25.17,3.04,1.96,33.65,87.47,25.16,2.83,2.25,30.44,86.49,34.27,0.4,0.21,272.85,6.017391461422476,1,0,86.79,35.45,5.21,3.12,143.22,86.3,35.56,4.82,3.7,136.3,90.26,29.58,254.58,0.07,157.77,0.06,0.0,1
87.08,9.94,2.69,1.67,269.51,19.895778446695672,1,79.25,12.77,2.29,1.18,65.21,79.17,12.56,2.19,1.16,59.46,86.33,18.23,0.73,1.13,262.14,12.011136499099493,1,81.91,19.52,1.4,0.23,55.48,81.95,19.65,1.35,0.44,55.48,86.95,22.55,0.56,0.98,253.64,7.770263830784639,0,1,87.18,25.17,3.04,1.96,33.65,86.88,25.2,3.2,1.52,45.44,86.45,34.28,0.26,0.18,273.73,6.050297513345939,1,0,86.79,35.45,5.21,3.12,143.22,86.3,35.56,4.82,3.7,136.3,90.26,29.58,253.17,0.05,156.67,0.05,0.0,1
86.96,9.7,2.52,1.77,273.76,20.14216721209513,1,79.1,12.36,2.09,1.1,56.2,79.17,12.56,2.19,1.16,59.46,86.27,18.22,0.56,1.29,264.26,12.030901878080467,1,81.91,19.52,1.4,0.23,55.48,81.95,19.65,1.35,0.44,55.48,86.9,22.54,0.46,0.97,252.54,7.791694295851192,0,1,87.18,25.17,3.04,1.96,33.65,86.88,25.2,3.2,1.52,45.44,86.46,34.27,0.22,0.17,275.34,6.04400529450464,1,0,86.79,35.45,5.21,3.12,143.22,86.3,35.56,4.82,3.7,136.3,90.26,29.57,253.17,0.06,153.2,0.05,0.0,1
86.85,9.49,2.31,1.86,272.33,20.377345263797242,1,79.1,12.36,2.09,1.1,56.2,79.17,12.56,2.19,1.16,59.46,86.23,18.21,0.39,1.47,265.22,12.063075892988486,1,81.91,19.52,1.4,0.23,55.48,81.95,19.65,1.35,0.44,55.48,86.86,22.53,0.35,0.92,252.54,7.8270364762149915,0,1,87.18,25.17,3.04,1.96,33.65,86.88,25.2,3.2,1.52,45.44,86.53,34.28,0.23,0.19,281.59,6.000241661799969,1,0,86.79,35.45,5.21,3.12,143.22,86.3,35.56,4.82,3.7,136.3,90.26,29.58,252.09,0.04,149.57,0.04,0.0,1
86.75,9.29,2.08,1.99,272.33,20.59136226673699,1,79.1,12.36,2.09,1.1,56.2,79.02,12.17,1.99,1.08,54.25,86.2,18.19,0.21,1.63,265.22,12.091968408824098,1,81.91,19.52,1.4,0.23,55.48,81.95,19.65,1.35,0.44,55.48,86.83,22.53,0.26,0.82,253.56,7.840114795077939,0,1,87.18,25.17,3.04,1.96,33.65,86.88,25.2,3.2,1.52,45.44,86.56,34.32,0.2,0.18,281.59,6.013118991006252,1,0,86.79,35.45,5.21,3.12,143.22,87.31,35.33,5.35,1.77,145.4,90.26,29.58,252.09,0.03,153.08,0.04,0.0,1
86.65,9.13,1.85,2.05,267.98,20.777776589423613,1,79.1,12.36,2.09,1.1,56.2,79.02,12.17,1.99,1.08,54.25,86.19,18.18,0.08,1.59,265.87,12.117528625920386,1,81.91,19.52,1.4,0.23,55.48,81.95,19.65,1.35,0.44,55.48,86.8,22.52,0.26,0.52,252.52,7.875646005249347,0,1,87.18,25.17,3.04,1.96,33.65,86.88,25.2,3.2,1.52,45.44,86.55,34.32,0.16,0.15,282.56,6.01758257109946,1,0,86.79,35.45,5.21,3.12,143.22,87.31,35.33,5.35,1.77,145.4,90.27,29.59,252.09,0.02,137.68,0.03,0.0,1
86.56,8.97,1.7,1.82,267.98,20.951097823264533,1,79.02,12.17,1.99,1.08,54.25,78.95,12.0,1.89,1.1,52.53,86.2,18.18,0.15,1.36,267.98,12.114165262204406,1,81.91,19.52,1.4,0.23,55.48,81.95,19.65,1.35,0.44,55.48,86.78,22.53,0.24,0.48,251.36,7.875512681724279,0,1,87.18,25.17,3.04,1.96,33.65,86.88,25.2,3.2,1.52,45.44,86.55,34.31,0.12,0.13,283.38,6.009725451299753,1,0,86.79,35.45,5.21,3.12,143.22,87.31,35.33,5.35,1.77,145.4,90.27,29.59,251.51,0.02,136.98,0.02,0.0,1
86.47,8.84,1.54,1.64,267.03,21.095082365328654,1,78.95,12.0,1.89,1.1,52.53,79.02,12.17,1.99,1.08,54.25,86.22,18.17,0.22,0.85,266.91,12.116884913210983,1,81.91,19.52,1.4,0.23,55.48,81.95,19.65,1.35,0.44,55.48,86.75,22.54,0.26,0.63,255.48,7.879904821760221,0,1,86.88,25.2,3.2,1.52,45.44,87.18,25.17,3.04,1.96,33.65,86.55,34.32,0.1,0.11,286.22,6.01758257109946,1,0,86.79,35.45,5.21,3.12,143.22,87.31,35.33,5.35,1.77,145.4,90.27,29.59,251.51,0.02,129.77,0.02,0.0,1
86.39,8.72,1.41,1.42,264.65,21.237438640288055,1,78.95,12.0,1.89,1.1,52.53,79.02,12.17,1.99,1.08,54.25,86.24,18.17,0.22,0.36,266.91,12.119645209328532,1,81.91,19.52,1.4,0.23,55.48,81.95,19.65,1.35,0.44,55.48,86.74,22.56,0.36,1.13,257.36,7.875436495839456,0,1,86.88,25.2,3.2,1.52,45.44,87.18,25.17,3.04,1.96,33.65,86.53,34.32,0.07,0.09,286.93,6.022125870487925,1,0,86.79,35.45,5.21,3.12,143.22,86.3,35.56,4.82,3.7,136.3,90.27,29.6,251.51,0.01,105.51,0.01,0.0,1
86.3,8.61,1.24,1.51,261.99,21.36213940596775,1,78.95,12.0,1.89,1.1,52.53,78.87,11.83,1.77,1.11,48.43,86.26,18.16,0.21,0.08,266.34,12.122446122792214,1,81.91,19.52,1.4,0.23,55.48,81.95,19.65,1.35,0.44,55.48,86.72,22.6,0.49,1.22,257.36,7.848726011270872,0,1,86.88,25.2,3.2,1.52,45.44,87.18,25.17,3.04,1.96,33.65,86.51,34.35,0.04,0.05,281.93,6.058060745816266,1,0,86.79,35.45,5.21,3.12,143.22,86.3,35.56,4.82,3.7,136.3,90.27,29.6,252.75,0.01,111.34,0.01,0.0,1
86.22,8.53,1.1,1.58,261.26,21.45570786527445,1,78.95,12.0,1.89,1.1,52.53,78.87,11.83,1.77,1.11,48.43,86.28,18.15,0.14,0.34,268.23,12.1252876254545,1,81.91,19.52,1.4,0.23,55.48,81.95,19.65,1.35,0.44,55.48,86.71,22.67,0.71,1.5,262.11,7.79092420705015,0,1,86.88,25.2,3.2,1.52,45.44,87.18,25.17,3.04,1.96,33.65,86.51,34.35,0.03,0.05,281.93,6.058060745816266,1,0,86.79,35.45,5.21,3.12,143.22,86.3,35.56,4.82,3.7,136.3,90.27,29.6,252.75,0.01,104.78,0.01,0.0,1
86.14,8.46,1.0,1.34,260.37,21.539649486470296,1,78.87,11.83,1.77,1.11,48.43,78.95,12.0,1.89,1.1,52.53,86.29,18.15,0.07,0.57,266.8,12.122000659957084,1,81.91,19.52,1.4,0.23,55.48,81.95,19.65,1.35,0.44,55.48,86.7,22.75,0.96,1.77,262.11,7.7244676191955115,0,1,86.88,25.2,3.2,1.52,45.44,87.18,25.17,3.04,1.96,33.65,86.46,34.37,0.01,0.02,275.21,6.104834150081391,1,0,86.79,35.45,5.21,3.12,143.22,86.3,35.56,4.82,3.7,136.3,90.27,29.6,252.75,0.01,110.12,0.01,0.0,1
86.06,8.4,0.91,1.12,259.59,21.604170893602927,1,78.87,11.83,1.77,1.11,48.43,78.95,12.0,1.89,1.1,52.53,86.29,18.16,0.04,0.66,266.8,12.103111170273532,1,81.91,19.52,1.4,0.23,55.48,81.95,19.65,1.35,0.44,55.48,86.69,22.87,1.26,2.14,272.2,7.6141184650621225,0,1,86.88,25.2,3.2,1.52,45.44,87.18,25.17,3.04,1.96,33.65,86.45,34.36,0.0,0.01,270.27,6.111080100931417,1,0,86.79,35.45,5.21,3.12,143.22,86.3,35.56,4.82,3.7,136.3,90.27,29.59,252.06,0.01,118.48,0.01,0.0,1
86.0,8.36,0.74,1.19,258.37,21.66496018920875,1,78.87,11.83,1.77,1.11,48.43,78.95,12.0,1.89,1.1,52.53,86.29,18.16,0.05,0.48,266.05,12.11255546942923,1,81.91,19.52,1.4,0.23,55.48,81.95,19.65,1.35,0.44,55.48,86.69,23.02,1.58,2.37,283.17,7.490847749086883,0,1,86.88,25.2,3.2,1.52,45.44,87.18,25.17,3.04,1.96,33.65,86.45,34.35,0.0,0.01,270.27,6.095481933366709,1,0,86.79,35.45,5.21,3.12,143.22,86.3,35.56,4.82,3.7,136.3,90.27,29.6,252.06,0.01,107.71,0.01,0.0,1
85.93,8.33,0.63,1.27,255.43,21.70825879705694,1,78.87,11.83,1.77,1.11,48.43,78.95,12.0,1.89,1.1,52.53,86.3,18.17,0.08,0.26,267.9,12.099826445036308,1,81.91,19.52,1.4,0.23,55.48,81.95,19.65,1.35,0.44,55.48,86.7,23.2,1.95,2.54,297.64,7.328362709364212,0,1,86.88,25.2,3.2,1.52,45.44,87.18,25.17,3.04,1.96,33.65,86.45,34.35,0.0,0.0,270.27,6.095481933366709,1,0,86.79,35.45,5.21,3.12,143.22,86.3,35.56,4.82,3.7,136.3,90.27,29.6,253.22,0.01,110.3,0.01,0.0,1
85.88,8.31,0.57,1.05,256.38,21.737897782444374,1,78.87,11.83,1.77,1.11,48.43,78.79,11.68,1.65,1.13,44.24,86.3,18.18,0.12,0.22,267.9,12.090380473748542,1,81.91,19.52,1.4,0.23,55.48,81.95,19.65,1.35,0.44,55.48,86.72,23.42,2.34,2.78,310.99,7.12705408987472,0,1,86.88,25.2,3.2,1.52,45.44,87.18,25.17,3.04,1.96,33.65,86.45,34.35,0.0,0.0,270.27,6.095481933366709,1,0,86.79,35.45,5.21,3.12,143.22,86.3,35.56,4.82,3.7,136.3,90.27,29.6,253.89,0.0,89.84,0.01,0.0,1
85.83,8.3,0.48,0.87,256.38,21.757839966320187,1,78.87,11.83,1.77,1.11,48.43,78.72,11.53,1.54,1.13,39.55,86.3,18.19,0.09,0.08,267.9,12.080935394248245,1,81.91,19.52,1.4,0.23,55.48,81.95,19.65,1.35,0.44,55.48,86.74,23.66,2.62,2.58,324.99,6.909739503049303,0,1,86.88,25.2,3.2,1.52,45.44,87.18,25.17,3.04,1.96,33.65,86.45,34.35,0.0,0.0,270.27,6.095481933366709,1,0,86.79,35.45,5.21,3.12,143.22,86.3,35.56,4.82,3.7,136.3,90.27,29.6,254.55,0.0,95.93,0.01,0.0,1
85.78,8.29,0.42,0.65,259.17,21.777883276388458,1,78.87,11.83,1.77,1.11,48.43,78.72,11.53,1.54,1.13,39.55,86.3,18.2,0.12,0.05,269.3,12.071491208628702,1,81.91,19.52,1.4,0.23,55.48,81.95,19.65,1.35,0.44,55.48,86.77,23.94,2.95,2.49,336.2,6.654742669705569,0,1,86.88,25.2,3.2,1.52,45.44,87.18,25.17,3.04,1.96,33.65,86.45,34.35,0.0,0.0,270.27,6.095481933366709,1,0,86.79,35.45,5.21,3.12,143.22,86.3,35.56,4.82,3.7,136.3,90.27,29.6,254.55,0.0,106.47,0.0,0.0,1
85.75,8.27,0.32,0.68,259.17,21.803653363599413,1,78.87,11.83,1.77,1.11,48.43,78.72,11.53,1.54,1.13,39.55,86.31,18.21,0.1,0.01,270.52,12.058760301125483,1,81.91,19.52,1.4,0.23,55.48,81.95,19.65,1.35,0.44,55.48,86.8,24.25,3.21,2.13,341.88,6.376786024322912,0,1,86.88,25.2,3.2,1.52,45.44,87.18,25.17,3.04,1.96,33.65,86.46,34.34,0.0,0.0,270.27,6.081422530954417,1,0,86.79,35.45,5.21,3.12,143.22,86.3,35.56,4.82,3.7,136.3,90.27,29.6,255.49,0.0,111.42,0.0,0.0,1
85.73,8.26,0.21,0.83,259.17,21.807808234666773,1,78.87,11.83,1.77,1.11,48.43,78.72,11.53,1.54,1.13,39.55,86.32,18.2,0.06,0.04,270.52,12.055480081688993,1,81.91,19.52,1.4,0.23,55.48,81.95,19.65,1.35,0.44,55.48,86.84,24.58,3.49,1.91,342.58,6.071655457945548,0,1,86.88,25.2,3.2,1.52,45.44,87.18,25.17,3.04,1.96,33.65,86.46,34.33,0.0,0.0,270.27,6.081422530954415,1,0,86.79,35.45,5.21,3.12,143.22,86.3,35.56,4.82,3.7,136.3,90.27,29.59,255.49,0.0,115.5,0.0,0.0,1
85.72,8.25,0.11,0.86,259.17,21.829452581317746,1,78.87,11.83,1.77,1.11,48.43,78.72,11.53,1.54,1.13,39.55,86.31,18.19,0.03,0.04,269.41,12.077652917682308,1,81.91,19.52,1.4,0.23,55.48,81.95,19.65,1.35,0.44,55.48,86.87,24.94,3.7,1.58,342.58,5.768500671751711,0,1,86.88,25.2,3.2,1.52,45.44,86.92,25.32,1.71,1.04,314.93,86.47,34.33,0.0,0.01,270.27,6.067363513091988,1,0,86.79,35.45,5.21,3.12,143.22,86.3,35.56,4.82,3.7,136.3,90.27,29.6,256.42,0.0,105.46,0.0,0.0,1
85.72,8.24,0.1,0.82,259.17,21.839233045141487,1,78.87,11.83,1.77,1.11,48.43,78.72,11.53,1.54,1.13,39.55,86.3,18.18,0.04,0.02,267.51,12.090380473748542,1,81.91,19.52,1.4,0.23,55.48,81.95,19.65,1.35,0.44,55.48,86.9,25.33,3.93,1.42,348.6,5.439650724081461,0,1,86.92,25.32,1.71,1.04,314.93,86.88,25.2,3.2,1.52,45.44,86.48,34.32,0.0,0.01,276.95,6.053304882458831,1,0,86.79,35.45,5.21,3.12,143.22,86.3,35.56,4.82,3.7,136.3,90.27,29.6,256.42,0.0,104.15,0.0,0.0,1
85.73,8.23,0.16,0.75,259.17,21.846933423251876,1,78.87,11.83,1.77,1.11,48.43,78.72,11.53,1.54,1.13,39.55,86.29,18.18,0.05,0.01,265.46,12.093667764578287,1,81.91,19.52,1.4,0.23,55.48,81.95,19.65,1.35,0.44,55.48,86.92,25.73,4.08,1.07,349.23,5.118534946642444,0,1,86.92,25.32,1.71,1.04,314.93,87.09,25.33,1.74,0.88,319.62,86.5,34.31,0.01,0.01,276.95,6.032992623897362,1,0,86.79,35.45,5.21,3.12,143.22,86.3,35.56,4.82,3.7,136.3,90.27,29.6,256.42,0.0,99.18,0.0,0.0,1
85.75,8.22,0.2,0.63,259.95,21.852569642950463,1,78.87,11.83,1.77,1.11,48.43,78.72,11.53,1.54,1.13,39.55,86.28,18.17,0.06,0.01,264.48,12.106403264388643,1,81.91,19.52,1.4,0.23,55.48,81.95,19.65,1.35,0.44,55.48,86.94,26.15,4.22,0.85,352.85,4.794934827502873,0,1,86.92,25.32,1.71,1.04,314.93,87.09,25.33,1.74,0.88,319.62,86.52,34.3,0.01,0.01,275.81,6.012694903285877,1,0,86.79,35.45,5.21,3.12,143.22,86.3,35.56,4.82,3.7,136.3,90.27,29.6,256.42,0.0,109.09,0.0,0.0,1
85.77,8.21,0.26,0.46,261.23,21.84844159202207,1,78.87,11.83,1.77,1.11,48.43,78.72,11.53,1.54,1.13,39.55,86.28,18.17,0.06,0.02,263.59,12.096962428642982,1,81.91,19.52,1.4,0.23,55.48,81.95,19.65,1.35,0.44,55.48,86.96,26.57,4.31,0.52,352.85,4.480680751850104,0,1,87.09,25.33,1.74,0.88,319.62,86.92,25.32,1.71,1.04,314.93,86.53,34.3,0.01,0.01,281.6,6.014291313197253,1,0,86.79,35.45,5.21,3.12,143.22,86.3,35.56,4.82,3.7,136.3,90.27,29.59,256.42,0.0,109.72,0.0,0.0,1
85.78,8.21,0.2,0.17,261.23,21.856170753359336,1,78.87,11.83,1.77,1.11,48.43,78.72,11.53,1.54,1.13,39.55,86.27,18.17,0.05,0.02,262.28,12.109702721371818,1,81.91,19.52,1.4,0.23,55.48,81.95,19.65,1.35,0.44,55.48,86.99,27.02,4.43,0.31,350.89,4.173104360065779,0,1,87.09,25.33,1.74,0.88,319.62,87.27,25.35,1.81,0.5,330.99,86.53,34.3,0.01,0.0,282.46,6.006463185602649,1,0,86.79,35.45,5.21,3.12,143.22,86.3,35.56,4.82,3.7,136.3,90.27,29.6,256.42,0.0,105.24,0.0,0.0,1
85.79,8.2,0.17,0.07,261.23,21.86595755964051,1,78.87,11.83,1.77,1.11,48.43,78.72,11.53,1.54,1.13,39.55,86.27,18.17,0.05,0.03,262.28,12.113009535206354,1,81.91,19.52,1.4,0.23,55.48,81.95,19.65,1.35,0.44,55.48,87.0,27.46,4.44,0.12,350.89,3.916375875730011,0,1,87.62,25.44,1.68,0.25,344.0,87.45,25.39,1.77,0.34,339.36,86.5,34.3,0.02,0.22,282.46,6.031450903389662,1,0,86.79,35.45,5.21,3.12,143.22,86.3,35.56,4.82,3.7,136.3,90.28,29.6,256.42,0.0,99.59,0.0,0.0,1
85.8,8.19,0.17,0.05,262.21,21.873694246743053,1,78.87,11.83,1.77,1.11,48.43,78.72,11.53,1.54,1.13,39.55,86.26,18.17,0.05,0.03,260.46,12.116323699868701,1,81.91,19.52,1.4,0.23,55.48,81.95,19.65,1.35,0.44,55.48,87.02,27.91,4.49,0.12,344.97,3.6720157951730052,0,1,87.93,25.54,1.54,0.85,355.04,87.62,25.44,1.68,0.25,344.0,86.49,34.29,0.08,0.59,269.71,6.029941956602901,1,0,86.79,35.45,5.21,3.12,143.22,86.3,35.56,4.82,3.7,136.3,90.28,29.6,256.42,0.0,90.92,0.0,0.0,1
85.8,8.2,0.07,0.1,259.54,21.86185948175498,1,78.87,11.83,1.77,1.11,48.43,78.72,11.53,1.54,1.13,39.55,86.25,18.16,0.05,0.04,260.46,12.125757708283635,1,81.91,19.52,1.4,0.23,55.48,81.95,19.65,1.35,0.44,55.48,87.04,28.36,4.51,0.28,346.77,3.459841036810787,0,1,87.93,25.54,1.54,0.85,355.04,88.08,25.58,1.34,1.06,0.47,86.47,34.28,0.2,1.04,255.94,6.0284658081472084,1,0,86.79,35.45,5.21,3.12,143.22,86.3,35.56,4.82,3.7,136.3,90.27,29.6,256.42,0.0,88.55,0.0,0.0,1
85.79,8.22,0.05,0.09,258.96,21.846384140172947,1,78.87,11.83,1.77,1.11,48.43,78.72,11.53,1.54,1.13,39.55,86.25,18.15,0.05,0.04,258.36,12.13850896939159,1,81.91,19.52,1.4,0.23,55.48,81.95,19.65,1.35,0.44,55.48,87.06,28.82,4.53,0.28,347.56,3.3131254126579623,0,1,83.96,28.32,0.72,0.15,124.04,83.97,28.23,0.8,0.1,121.72,86.46,34.27,0.27,1.05,255.94,6.033348987088354,1,0,86.79,35.45,5.21,3.12,143.22,86.3,35.56,4.82,3.7,136.3,90.28,29.6,256.42,0.0,95.1,0.0,0.0,1
85.79,8.22,0.05,0.06,258.96,21.846384140172947,1,78.87,11.83,1.77,1.11,48.43,78.72,11.53,1.54,1.13,39.55,86.25,18.16,0.04,0.03,258.36,12.12907663427023,1,81.91,19.52,1.4,0.23,55.48,81.95,19.65,1.35,0.44,55.48,87.07,29.27,4.53,0.42,347.56,3.226918034285974,0,1,83.88,29.21,0.31,0.43,52.3,83.88,29.17,0.34,0.44,39.0,86.43,34.25,0.37,0.93,255.94,6.036969438385451,1,0,86.79,35.45,5.21,3.12,143.22,86.3,35.56,4.82,3.7,136.3,90.28,29.6,257.38,0.0,101.98,0.0,0.0,1
85.79,8.22,0.04,0.04,260.63,21.834543732352177,1,78.87,11.83,1.77,1.11,48.43,78.72,11.53,1.54,1.13,39.55,86.25,18.15,0.04,0.03,259.09,12.125757708283635,1,81.91,19.52,1.4,0.23,55.48,81.95,19.65,1.35,0.44,55.48,87.09,29.73,4.56,0.44,349.65,3.1830802691732347,0,1,86.82,32.91,3.54,0.7,150.62,86.45,32.87,3.49,0.17,150.62,86.42,34.23,0.36,0.56,254.83,6.029270270936602,1,0,86.79,35.45,5.21,3.12,143.22,86.3,35.56,4.82,3.7,136.3,90.27,29.59,257.38,0.0,105.04,0.0,0.0,1
85.79,8.22,0.04,0.03,260.63,21.844331072385806,1,78.87,11.83,1.77,1.11,48.43,78.72,11.53,1.54,1.13,39.55,86.24,18.15,0.03,0.03,258.27,12.13850896939159,1,81.91,19.52,1.4,0.23,55.48,81.95,19.65,1.35,0.44,55.48,87.1,30.18,4.56,0.38,350.69,3.222623155133099,0,1,86.82,32.91,3.54,0.7,150.62,87.2,32.94,3.6,1.07,155.99,86.42,34.21,0.31,0.24,253.13,6.00621344942052,1,0,86.79,35.45,5.21,3.12,143.22,86.45,32.87,3.49,0.17,150.62,90.27,29.6,257.38,0.0,104.08,0.0,0.0,1
85.78,8.21,0.02,0.02,265.01,21.856170753359336,1,78.87,11.83,1.77,1.11,48.43,78.72,11.53,1.54,1.13,39.55,86.23,18.14,0.04,0.03,255.55,12.151263308808675,1,81.91,19.52,1.4,0.23,55.48,81.95,19.65,1.35,0.44,55.48,87.12,30.64,4.51,0.6,350.69,3.317242831026988,0,1,86.82,32.91,3.54,0.7,150.62,87.2,32.94,3.6,1.07,155.99,86.43,34.22,0.11,0.16,249.74,6.007495318350227,1,0,86.79,35.45,5.21,3.12,143.22,86.3,35.56,4.82,3.7,136.3,90.27,29.6,257.38,0.0,99.26,0.0,0.0,1
85.77,8.21,0.03,0.01,266.31,21.858227284022828,1,78.87,11.83,1.77,1.11,48.43,78.72,11.53,1.54,1.13,39.55,86.23,18.14,0.03,0.03,254.34,12.151263308808675,1,81.91,19.52,1.4,0.23,55.48,81.95,19.65,1.35,0.44,55.48,87.14,31.09,4.52,0.56,346.71,3.4665544853643895,0,1,86.82,32.91,3.54,0.7,150.62,87.2,32.94,3.6,1.07,155.99,86.42,34.21,0.09,0.14,249.74,6.00621344942052,1,0,86.79,35.45,5.21,3.12,143.22,86.45,32.87,3.49,0.17,150.62,90.27,29.6,257.38,0.0,90.12,0.0,0.0,1
85.77,8.22,0.03,0.0,268.13,21.848441592022077,1,78.87,11.83,1.77,1.11,48.43,78.72,11.53,1.54,1.13,39.55,86.22,18.14,0.03,0.03,253.52,12.154591724940826,1,81.91,19.52,1.4,0.23,55.48,81.95,19.65,1.35,0.44,55.48,87.15,31.55,4.57,0.46,344.39,3.679252641502067,0,1,87.2,32.94,3.6,1.07,155.99,86.82,32.91,3.54,0.7,150.62,86.4,34.16,0.24,0.08,250.77,5.9808444219859025,1,0,86.45,32.87,3.49,0.17,150.62,86.82,32.91,3.54,0.7,150.62,90.27,29.6,257.38,0.0,66.32,0.0,0.0,1
85.77,8.22,0.03,0.01,269.52,21.848441592022077,1,78.87,11.83,1.77,1.11,48.43,78.72,11.53,1.54,1.13,39.55,86.22,18.14,0.03,0.03,252.82,12.154591724940826,1,81.91,19.52,1.4,0.23,55.48,81.95,19.65,1.35,0.44,55.48,87.16,32.01,4.55,0.51,344.39,3.9344885309274926,0,1,87.2,32.94,3.6,1.07,155.99,86.82,32.91,3.54,0.7,150.62,86.33,34.25,0.21,0.1,250.77,6.094760044497238,1,0,86.79,35.45,5.21,3.12,143.22,86.3,35.56,4.82,3.7,136.3,90.27,29.6,257.38,0.0,54.62,0.0,0.0,1
85.77,8.2,0.02,0.01,270.49,21.87574455875731,1,78.87,11.83,1.77,1.11,48.43,78.72,11.53,1.54,1.13,39.55,86.22,18.13,0.03,0.03,252.14,12.170127361700043,1,81.91,19.52,1.4,0.23,55.48,81.95,19.65,1.35,0.44,55.48,87.16,32.46,4.54,0.53,346.31,4.210997506529784,0,1,87.2,32.94,3.6,1.07,155.99,86.82,32.91,3.54,0.7,150.62,86.31,34.25,0.21,0.11,250.77,6.093611408680408,1,0,86.79,35.45,5.21,3.12,143.22,86.3,35.56,4.82,3.7,136.3,90.26,29.61,257.38,0.0,23.98,0.0,0.0,1
85.76,8.21,0.03,0.01,271.55,21.868013169924694,1,78.87,11.83,1.77,1.11,48.43,78.72,11.53,1.54,1.13,39.55,86.22,18.14,0.02,0.02,252.14,12.160694881461339,1,81.91,19.52,1.4,0.23,55.48,81.95,19.65,1.35,0.44,55.48,87.17,32.92,4.55,0.53,347.06,4.528156357724415,0,1,87.2,32.94,3.6,1.07,155.99,86.82,32.91,3.54,0.7,150.62,86.38,34.31,0.11,0.07,248.49,6.0946205788383665,1,0,86.79,35.45,5.21,3.12,143.22,86.3,35.56,4.82,3.7,136.3,90.26,29.61,257.38,0.0,9.22,0.0,0.0,1
85.76,8.21,0.03,0.02,272.14,21.868013169924694,1,78.87,11.83,1.77,1.11,48.43,78.72,11.53,1.54,1.13,39.55,86.22,18.14,0.02,0.02,250.92,12.160694881461339,1,81.91,19.52,1.4,0.23,55.48,81.95,19.65,1.35,0.44,55.48,87.17,33.38,4.58,0.41,343.02,4.874525617944791,0,1,87.2,32.94,3.6,1.07,155.99,86.82,32.91,3.54,0.7,150.62,86.39,34.29,0.05,0.06,247.78,6.072832946821444,1,0,86.79,35.45,5.21,3.12,143.22,86.3,35.56,4.82,3.7,136.3,90.26,29.61,257.38,0.0,21.61,0.0,0.0,1
85.75,8.21,0.02,0.02,273.04,21.870073159456965,1,78.87,11.83,1.77,1.11,48.43,78.72,11.53,1.54,1.13,39.55,86.22,18.13,0.02,0.02,250.92,12.170127361700043,1,81.91,19.52,1.4,0.23,55.48,81.95,19.65,1.35,0.44,55.48,87.17,33.84,4.58,0.43,341.38,5.2384157910574505,0,1,87.2,32.94,3.6,1.07,155.99,87.57,32.95,3.57,1.38,155.99,86.55,34.27,0.12,0.09,236.7,5.956483862145527,1,0,86.79,35.45,5.21,3.12,143.22,87.31,35.33,5.35,1.77,145.4,90.26,29.61,258.03,0.0,1.54,0.0,0.0,1
85.74,8.22,0.03,0.02,274.46,21.862353487216332,1,78.87,11.83,1.77,1.11,48.43,78.72,11.53,1.54,1.13,39.55,86.22,18.13,0.01,0.02,251.52,12.170127361700043,1,81.91,19.52,1.4,0.23,55.48,81.95,19.65,1.35,0.44,55.48,86.57,34.27,0.12,0.11,234.62,5.944047442610138,1,0,86.79,35.45,5.21,3.12,143.22,87.31,35.33,5.35,1.77,145.4,87.17,34.29,4.58,0.49,341.38,5.608074535881279,0,1,87.31,35.33,5.35,1.77,145.4,87.83,35.21,5.43,0.75,144.54,90.26,29.61,258.03,0.0,348.34,0.0,0.0,1
85.74,8.23,0.03,0.02,276.77,21.85256964295046,1,78.87,11.83,1.77,1.11,48.43,78.72,11.53,1.54,1.13,39.55,86.23,18.14,0.01,0.01,252.48,12.157376361699098,1,81.91,19.52,1.4,0.23,55.48,81.95,19.65,1.35,0.44,55.48,86.58,34.27,0.11,0.11,233.52,5.93784472683482,1,0,86.79,35.45,5.21,3.12,143.22,87.31,35.33,5.35,1.77,145.4,87.16,34.75,4.56,0.62,341.38,6.002466159837976,0,1,87.31,35.33,5.35,1.77,145.4,86.79,35.45,5.21,3.12,143.22,90.26,29.61,258.03,0.0,337.78,0.0,0.0,1
85.74,8.23,0.02,0.02,277.68,21.85256964295046,1,78.87,11.83,1.77,1.11,48.43,78.72,11.53,1.54,1.13,39.55,86.23,18.14,0.01,0.01,252.48,12.157376361699098,1,81.91,19.52,1.4,0.23,55.48,81.95,19.65,1.35,0.44,55.48,86.64,34.26,0.13,0.13,224.66,5.892953419126951,1,0,86.79,35.45,5.21,3.12,143.22,87.31,35.33,5.35,1.77,145.4,87.14,35.21,4.54,0.78,339.39,6.410491400821005,0,1,87.31,35.33,5.35,1.77,145.4,86.79,35.45,5.21,3.12,143.22,90.26,29.61,258.03,0.0,332.75,0.0,0.0,1
85.74,8.23,0.02,0.02,278.51,21.85256964295046,1,78.87,11.83,1.77,1.11,48.43,78.72,11.53,1.54,1.13,39.55,86.23,18.14,0.01,0.01,254.1,12.157376361699098,1,81.91,19.52,1.4,0.23,55.48,81.95,19.65,1.35,0.44,55.48,86.67,34.26,0.13,0.13,221.21,5.874572324859063,1,0,86.79,35.45,5.21,3.12,143.22,87.31,35.33,5.35,1.77,145.4,87.12,35.66,4.57,0.63,341.61,6.816311319181362,0,1,87.31,35.33,5.35,1.77,145.4,86.79,35.45,5.21,3.12,143.22,90.26,29.61,258.61,0.0,344.06,0.0,0.0,1
85.74,8.22,0.02,0.02,279.12,21.862353487216332,1,78.87,11.83,1.77,1.11,48.43,78.72,11.53,1.54,1.13,39.55,86.23,18.14,0.01,0.01,255.12,12.157376361699098,1,81.91,19.52,1.4,0.23,55.48,81.95,19.65,1.35,0.44,55.48,86.69,34.27,0.12,0.12,220.52,5.8703066359433125,1,0,86.79,35.45,5.21,3.12,143.22,87.31,35.33,5.35,1.77,145.4,87.09,36.11,4.52,0.69,343.72,7.2317978400948135,0,1,86.79,35.45,5.21,3.12,143.22,87.31,35.33,5.35,1.77,145.4,90.26,29.61,258.61,0.0,346.65,0.0,0.0,1
85.75,8.21,0.01,0.01,280.27,21.870073159456965,1,78.87,11.83,1.77,1.11,48.43,78.72,11.53,1.54,1.13,39.55,86.24,18.15,0.01,0.01,256.02,12.144628442237337,1,81.91,19.52,1.4,0.23,55.48,81.95,19.65,1.35,0.44,55.48,86.71,34.27,0.11,0.12,219.02,5.858165241780068,1,0,86.79,35.45,5.21,3.12,143.22,87.31,35.33,5.35,1.77,145.4,87.06,36.56,4.45,0.85,342.75,7.651307077878919,0,1,86.79,35.45,5.21,3.12,143.22,87.31,35.33,5.35,1.77,145.4,90.26,29.61,259.57,0.0,327.18,0.0,0.0,1
85.74,8.22,0.01,0.01,280.27,21.862353487216332,1,78.87,11.83,1.77,1.11,48.43,78.72,11.53,1.54,1.13,39.55,86.23,18.15,0.0,0.01,257.14,12.147942212572467,1,81.91,19.52,1.4,0.23,55.48,81.95,19.65,1.35,0.44,55.48,86.63,34.23,0.07,0.08,203.71,5.875482958872406,1,0,86.79,35.45,5.21,3.12,143.22,87.31,35.33,5.35,1.77,145.4,87.03,37.0,4.44,0.76,336.15,8.065048046974056,0,1,86.79,35.45,5.21,3.12,143.22,86.3,35.56,4.82,3.7,136.3,90.26,29.61,260.32,0.0,326.16,0.0,0.0,1
85.74,8.22,0.01,0.01,280.27,21.862353487216332,1,78.87,11.83,1.77,1.11,48.43,78.72,11.53,1.54,1.13,39.55,86.23,18.16,0.0,0.01,257.14,12.138508969391587,1,81.91,19.52,1.4,0.23,55.48,81.95,19.65,1.35,0.44,55.48,86.61,34.25,0.05,0.06,203.71,5.903566718518564,1,0,86.79,35.45,5.21,3.12,143.22,87.31,35.33,5.35,1.77,145.4,86.99,37.44,4.35,0.95,334.23,8.485387439592847,0,1,86.79,35.45,5.21,3.12,143.22,86.3,35.56,4.82,3.7,136.3,90.26,29.61,261.2,0.0,316.78,0.0,0.0,1
85.74,8.22,0.01,0.01,280.27,21.860288195721484,1,78.87,11.83,1.77,1.11,48.43,78.72,11.53,1.54,1.13,39.55,86.23,18.16,0.0,0.0,258.21,12.135192623110683,1,81.91,19.52,1.4,0.23,55.48,81.95,19.65,1.35,0.44,55.48,86.64,34.21,0.05,0.14,196.92,5.847401132126991,1,0,86.79,35.45,5.21,3.12,143.22,87.31,35.33,5.35,1.77,145.4,86.95,37.86,4.18,1.29,324.23,8.885521931771931,0,1,86.3,35.56,4.82,3.7,136.3,86.79,35.45,5.21,3.12,143.22,90.25,29.61,261.2,0.0,297.05,0.0,0.0,1
85.74,8.23,0.01,0.01,281.01,21.85050342669477,1,78.87,11.83,1.77,1.11,48.43,78.72,11.53,1.54,1.13,39.55,86.23,18.16,0.0,0.0,258.82,12.135192623110683,1,81.91,19.52,1.4,0.23,55.48,81.95,19.65,1.35,0.44,55.48,86.66,34.17,0.06,0.2,198.92,5.80359371424293,1,0,86.82,32.91,3.54,0.7,150.62,86.79,35.45,5.21,3.12,143.22,86.92,38.27,4.09,1.3,319.39,9.27817331159534,0,1,86.3,35.56,4.82,3.7,136.3,85.85,35.67,4.35,4.35,129.81,90.25,29.61,261.2,0.0,284.84,0.0,0.0,1
85.75,8.23,0.01,0.01,283.29,21.846384140172944,1,78.87,11.83,1.77,1.11,48.43,78.72,11.53,1.54,1.13,39.55,86.23,18.17,0.0,0.0,260.2,12.12244612279221,1,81.91,19.52,1.4,0.23,55.48,81.95,19.65,1.35,0.44,55.48,86.66,34.16,0.07,0.15,198.92,5.789550932498993,1,0,86.82,32.91,3.54,0.7,150.62,86.79,35.45,5.21,3.12,143.22,86.87,38.67,3.96,1.41,317.08,9.666462641525078,0,1,86.3,35.56,4.82,3.7,136.3,85.85,35.67,4.35,4.35,129.81,90.24,29.61,261.2,0.0,282.4,0.0,0.0,1
85.75,8.23,0.01,0.01,284.84,21.846384140172944,1,78.87,11.83,1.77,1.11,48.43,78.72,11.53,1.54,1.13,39.55,86.23,18.17,0.0,0.0,260.2,12.12244612279221,1,81.91,19.52,1.4,0.23,55.48,81.95,19.65,1.35,0.44,55.48,86.67,34.16,0.07,0.1,198.06,5.783372718405752,1,0,86.82,32.91,3.54,0.7,150.62,86.79,35.45,5.21,3.12,143.22,86.83,39.06,3.81,1.5,314.12,10.046422248741091,0,1,85.85,35.67,4.35,4.35,129.81,86.3,35.56,4.82,3.7,136.3,90.24,29.61,262.08,0.0,286.68,0.0,0.0,1
85.74,8.23,0.01,0.01,284.84,21.846384140172944,1,78.87,11.83,1.77,1.11,48.43,78.72,11.53,1.54,1.13,39.55,86.23,18.17,0.0,0.0,261.22,12.11914188381339,1,81.91,19.52,1.4,0.23,55.48,81.95,19.65,1.35,0.44,55.48,86.68,34.15,0.08,0.06,198.06,5.763167531835247,1,0,86.82,32.91,3.54,0.7,150.62,86.45,32.87,3.49,0.17,150.62,86.78,39.43,3.69,1.45,310.28,10.40840525729086,0,1,85.85,35.67,4.35,4.35,129.81,85.45,35.77,3.84,5.16,123.42,90.23,29.61,262.08,0.0,285.87,0.0,0.0,1
85.74,8.24,0.01,0.01,284.84,21.83454373235218,1,78.87,11.83,1.77,1.11,48.43,78.72,11.53,1.54,1.13,39.55,86.23,18.17,0.0,0.0,261.93,12.115844997357796,1,81.91,19.52,1.4,0.23,55.48,81.95,19.65,1.35,0.44,55.48,86.72,34.13,0.13,0.03,198.06,5.716677356646956,1,0,86.82,32.91,3.54,0.7,150.62,87.2,32.94,3.6,1.07,155.99,86.72,39.79,3.61,1.28,306.23,10.76486878693837,0,1,85.85,35.67,4.35,4.35,129.81,85.45,35.77,3.84,5.16,123.42,90.22,29.61,262.08,0.0,283.79,0.0,0.0,1
85.74,8.24,0.01,0.01,284.84,21.83454373235218,1,78.87,11.83,1.77,1.11,48.43,78.72,11.53,1.54,1.13,39.55,86.23,18.17,0.0,0.0,262.95,12.115844997357796,1,81.91,19.52,1.4,0.23,55.48,81.95,19.65,1.35,0.44,55.48,86.76,34.11,0.18,0.02,199.38,5.676407314490386,1,0,86.82,32.91,3.54,0.7,150.62,87.2,32.94,3.6,1.07,155.99,86.66,40.14,3.49,1.34,303.35,11.115507185909244,0,1,85.45,35.77,3.84,5.16,123.42,85.85,35.67,4.35,4.35,129.81,90.22,29.61,262.08,0.0,280.94,0.0,0.0,1
85.73,8.25,0.01,0.01,284.84,21.824756585125982,1,78.87,11.83,1.77,1.11,48.43,78.72,11.53,1.54,1.13,39.55,86.23,18.17,0.0,0.0,263.58,12.112555469429227,1,81.91,19.52,1.4,0.23,55.48,81.95,19.65,1.35,0.44,55.48,86.79,34.1,0.19,0.05,199.38,5.644156269984021,1,0,86.82,32.91,3.54,0.7,150.62,87.2,32.94,3.6,1.07,155.99,86.6,40.47,3.34,1.37,300.17,11.444286784243044,0,1,85.45,35.77,3.84,5.16,123.42,85.1,35.86,3.24,5.44,120.9,90.21,29.61,262.92,0.0,281.26,0.0,0.0,1
85.73,8.24,0.01,0.01,284.84,21.834543732352177,1,78.87,11.83,1.77,1.11,48.43,78.72,11.53,1.54,1.13,39.55,86.22,18.17,0.0,0.0,263.58,12.115844997357796,1,81.91,19.52,1.4,0.23,55.48,81.95,19.65,1.35,0.44,55.48,86.75,34.11,0.12,0.05,197.59,5.676407314490386,1,0,86.82,32.91,3.54,0.7,150.62,87.2,32.94,3.6,1.07,155.99,86.54,40.79,3.19,1.45,298.96,11.766957975619693,0,1,85.1,35.86,3.24,5.44,120.9,85.45,35.77,3.84,5.16,123.42,90.21,29.61,262.92,0.0,279.62,0.0,0.0,1
85.72,8.24,0.01,0.01,284.84,21.83454373235218,1,78.87,11.83,1.77,1.11,48.43,78.72,11.53,1.54,1.13,39.55,86.23,18.17,0.0,0.0,263.58,12.1092733060246,1,81.91,19.52,1.4,0.23,55.48,81.95,19.65,1.35,0.44,55.48,86.68,34.13,0.04,0.09,195.9,5.728944056281227,1,0,86.82,32.91,3.54,0.7,150.62,86.45,32.87,3.49,0.17,150.62,86.47,41.1,3.03,1.52,298.11,12.080273175719169,0,1,83.88,36.39,0.44,0.63,118.48,83.92,36.36,0.51,0.67,115.43,90.2,29.61,262.92,0.0,278.1,0.0,0.0,1
85.72,8.24,0.0,0.01,284.84,21.83454373235218,1,78.87,11.83,1.77,1.11,48.43,78.72,11.53,1.54,1.13,39.55,86.23,18.18,0.0,0.0,264.51,12.099826445036308,1,81.91,19.52,1.4,0.23,55.48,81.95,19.65,1.35,0.44,55.48,86.65,34.15,0.06,0.27,195.9,5.763167531835247,1,0,86.82,32.91,3.54,0.7,150.62,86.45,32.87,3.49,0.17,150.62,86.41,41.38,2.86,1.55,296.04,12.36515264766271,0,1,83.88,36.39,0.44,0.63,118.48,83.92,36.36,0.51,0.67,115.43,90.2,29.61,262.92,0.0,277.8,0.0,0.0,1
85.72,8.25,0.0,0.01,284.84,21.832494131454613,1,78.87,11.83,1.77,1.11,48.43,78.72,11.53,1.54,1.13,39.55,86.23,18.17,0.0,0.0,264.51,12.115448815458713,1,81.91,19.52,1.4,0.23,55.48,81.95,19.65,1.35,0.44,55.48,86.55,34.19,0.21,0.36,195.9,5.842473791126493,1,0,86.79,35.45,5.21,3.12,143.22,86.82,32.91,3.54,0.7,150.62,86.36,41.66,2.7,1.57,294.57,12.634496428429582,0,1,83.88,36.39,0.44,0.63,118.48,83.84,36.4,0.38,0.59,120.75,90.19,29.62,262.92,0.0,277.52,0.0,0.0,1
85.72,8.25,0.0,0.01,285.89,21.832494131454613,1,78.87,11.83,1.77,1.11,48.43,78.72,11.53,1.54,1.13,39.55,86.23,18.17,0.0,0.0,264.51,12.115448815458713,1,81.91,19.52,1.4,0.23,55.48,81.95,19.65,1.35,0.44,55.48,86.5,34.18,0.28,0.24,195.9,5.865978179297974,1,0,86.79,35.45,5.21,3.12,143.22,86.82,32.91,3.54,0.7,150.62,86.32,41.91,2.52,1.67,294.57,12.88491365900447,0,1,83.88,36.39,0.44,0.63,118.48,83.84,36.4,0.38,0.59,120.75,90.19,29.62,262.92,0.0,281.1,0.0,0.0,1
85.72,8.26,0.0,0.0,285.89,21.822706065014028,1,78.87,11.83,1.77,1.11,48.43,78.72,11.53,1.54,1.13,39.55,86.23,18.17,0.0,0.0,265.45,12.115448815458713,1,81.91,19.52,1.4,0.23,55.48,81.95,19.65,1.35,0.44,55.48,86.5,34.16,0.24,0.1,196.68,5.850444427562742,1,0,86.82,32.91,3.54,0.7,150.62,86.45,32.87,3.49,0.17,150.62,86.29,42.16,2.38,1.62,296.0,13.132463592182535,0,1,83.88,36.39,0.44,0.63,118.48,83.84,36.4,0.38,0.59,120.75,90.19,29.62,262.92,0.0,280.03,0.0,0.0,1
85.72,8.26,0.0,0.0,286.48,21.822706065014028,1,78.87,11.83,1.77,1.11,48.43,78.72,11.53,1.54,1.13,39.55,86.23,18.17,0.0,0.0,265.45,12.115448815458713,1,81.91,19.52,1.4,0.23,55.48,81.95,19.65,1.35,0.44,55.48,86.52,34.16,0.17,0.02,195.66,5.83785063186786,1,0,86.82,32.91,3.54,0.7,150.62,86.45,32.87,3.49,0.17,150.62,86.27,42.38,2.2,1.65,296.0,13.348557974552907,0,1,83.88,36.39,0.44,0.63,118.48,83.84,36.4,0.38,0.59,120.75,90.19,29.62,262.92,0.0,282.52,0.0,0.0,1
85.72,8.25,0.0,0.0,289.66,21.83044891888392,1,78.87,11.83,1.77,1.11,48.43,78.72,11.53,1.54,1.13,39.55,86.23,18.18,0.0,0.0,266.14,12.10273109674011,1,81.91,19.52,1.4,0.23,55.48,81.95,19.65,1.35,0.44,55.48,86.54,34.15,0.12,0.04,195.66,5.811239110551207,1,0,86.82,32.91,3.54,0.7,150.62,86.45,32.87,3.49,0.17,150.62,86.26,42.59,2.05,1.64,294.8,13.549439102782081,0,1,83.88,36.39,0.44,0.63,118.48,83.84,36.4,0.38,0.59,120.75,90.18,29.62,262.92,0.0,284.96,0.0,0.0,1
85.72,8.25,0.0,0.0,289.66,21.83044891888392,1,78.87,11.83,1.77,1.11,48.43,78.72,11.53,1.54,1.13,39.55,86.23,18.18,0.0,0.0,266.14,12.10273109674011,1,81.91,19.52,1.4,0.23,55.48,81.95,19.65,1.35,0.44,55.48,86.52,34.16,0.13,0.05,195.66,5.831569257069664,1,0,86.82,32.91,3.54,0.7,150.62,86.45,32.87,3.49,0.17,150.62,86.25,42.79,1.84,1.78,292.63,13.743864085474652,0,1,83.88,36.39,0.44,0.63,118.48,83.84,36.4,0.38,0.59,120.75,90.18,29.62,262.92,0.0,287.67,0.0,0.0,1
85.71,8.25,0.0,0.0,290.24,21.842282389896898,1,78.87,11.83,1.77,1.11,48.43,78.72,11.53,1.54,1.13,39.55,86.23,18.17,0.0,0.0,266.14,12.121637678135738,1,81.91,19.52,1.4,0.23,55.48,81.95,19.65,1.35,0.44,55.48,86.49,34.16,0.15,0.07,196.52,5.842687737676905,1,0,86.45,32.87,3.49,0.17,150.62,86.82,32.91,3.54,0.7,150.62,86.25,42.96,1.61,1.91,290.31,13.897258722496321,0,1,83.88,36.39,0.44,0.63,118.48,83.84,36.4,0.38,0.59,120.75,90.18,29.63,262.92,0.0,290.07,0.0,0.0,1
85.71,8.25,0.0,0.0,290.24,21.842282389896898,1,78.87,11.83,1.77,1.11,48.43,78.72,11.53,1.54,1.13,39.55,86.23,18.17,0.0,0.0,266.9,12.121637678135738,1,81.91,19.52,1.4,0.23,55.48,81.95,19.65,1.35,0.44,55.48,86.46,34.16,0.17,0.09,198.18,5.8616806463675655,1,0,86.45,32.87,3.49,0.17,150.62,86.82,32.91,3.54,0.7,150.62,86.26,43.1,1.37,2.01,286.19,14.028802514826419,0,1,83.88,36.39,0.44,0.63,118.48,83.84,36.4,0.38,0.59,120.75,90.18,29.63,262.92,0.0,290.45,0.0,0.0,1
85.71,8.25,0.0,0.0,291.91,21.842282389896898,1,78.87,11.83,1.77,1.11,48.43,78.72,11.53,1.54,1.13,39.55,86.23,18.17,0.0,0.0,267.65,12.121637678135738,1,81.91,19.52,1.4,0.23,55.48,81.95,19.65,1.35,0.44,55.48,86.41,34.17,0.2,0.12,199.56,5.9012286856213345,1,0,86.45,32.87,3.49,0.17,150.62,86.82,32.91,3.54,0.7,150.62,86.26,43.23,1.13,2.1,280.1,14.153670901925054,0,1,83.88,36.39,0.44,0.63,118.48,83.84,36.4,0.38,0.59,120.75,90.18,29.63,263.77,0.0,293.0,0.0,0.0,1
85.72,8.25,0.0,0.0,294.93,21.84023809394028,1,78.87,11.83,1.77,1.11,48.43,78.72,11.53,1.54,1.13,39.55,86.24,18.18,0.0,0.0,270.29,12.108926459434796,1,81.91,19.52,1.4,0.23,55.48,81.95,19.65,1.35,0.44,55.48,86.36,34.17,0.21,0.14,203.0,5.9332958800316105,1,0,86.45,32.87,3.49,0.17,150.62,86.82,32.91,3.54,0.7,150.62,86.27,43.33,0.94,2.01,274.6,14.247038288711098,0,1,83.88,36.39,0.44,0.63,118.48,83.84,36.4,0.38,0.59,120.75,90.18,29.63,263.77,0.0,294.09,0.0,0.0,1
85.72,8.25,0.0,0.0,294.93,21.84023809394028,1,78.87,11.83,1.77,1.11,48.43,78.72,11.53,1.54,1.13,39.55,86.24,18.18,0.0,0.0,271.3,12.108926459434796,1,81.91,19.52,1.4,0.23,55.48,81.95,19.65,1.35,0.44,55.48,86.33,34.21,0.21,0.15,201.72,5.983218197592336,1,0,86.79,35.45,5.21,3.12,143.22,86.45,32.87,3.49,0.17,150.62,86.27,43.42,0.73,1.89,271.56,14.333603873415791,0,1,83.88,36.39,0.44,0.63,118.48,83.84,36.4,0.38,0.59,120.75,90.18,29.63,263.77,0.0,292.94,0.0,0.0,1
85.72,8.25,0.0,0.0,296.76,21.84023809394028,1,78.87,11.83,1.77,1.11,48.43,78.72,11.53,1.54,1.13,39.55,86.24,18.18,0.0,0.0,271.3,12.108926459434796,1,81.91,19.52,1.4,0.23,55.48,81.95,19.65,1.35,0.44,55.48,86.31,34.3,0.23,0.18,208.96,6.065129841973708,1,0,86.79,35.45,5.21,3.12,143.22,86.3,35.56,4.82,3.7,136.3,86.28,43.48,0.54,1.7,267.35,14.388623978685382,0,1,83.88,36.39,0.44,0.63,118.48,83.84,36.4,0.38,0.59,120.75,90.18,29.63,263.77,0.0,292.7,0.0,0.0,1
85.72,8.25,0.0,0.0,298.74,21.84023809394028,1,78.87,11.83,1.77,1.11,48.43,78.72,11.53,1.54,1.13,39.55,86.24,18.18,0.0,0.0,271.3,12.108926459434796,1,81.91,19.52,1.4,0.23,55.48,81.95,19.65,1.35,0.44,55.48,86.28,34.36,0.24,0.19,208.96,6.130489376876862,1,0,86.3,35.56,4.82,3.7,136.3,86.79,35.45,5.21,3.12,143.22,86.27,43.53,0.43,1.34,263.79,14.43946328642447,0,1,79.25,40.84,1.14,0.55,149.15,79.29,40.73,1.11,0.59,151.39,90.18,29.63,263.77,0.0,294.99,0.0,0.0,1
85.72,8.25,0.0,0.0,298.74,21.84023809394028,1,78.87,11.83,1.77,1.11,48.43,78.72,11.53,1.54,1.13,39.55,86.24,18.18,0.0,0.0,272.65,12.108926459434796,1,81.91,19.52,1.4,0.23,55.48,81.95,19.65,1.35,0.44,55.48,86.29,34.37,0.21,0.17,208.96,6.1318594243508215,1,0,86.3,35.56,4.82,3.7,136.3,86.79,35.45,5.21,3.12,143.22,86.27,43.57,0.32,1.08,263.79,14.477972924411763,0,1,79.25,40.84,1.14,0.55,149.15,79.29,40.73,1.11,0.59,151.39,90.18,29.63,263.77,0.0,294.18,0.0,0.0,1
85.72,8.25,0.0,0.0,297.97,21.84023809394028,1,78.87,11.83,1.77,1.11,48.43,78.72,11.53,1.54,1.13,39.55,86.24,18.18,0.0,0.0,273.32,12.108926459434796,1,81.91,19.52,1.4,0.23,55.48,81.95,19.65,1.35,0.44,55.48,86.29,34.38,0.18,0.16,208.27,6.1395928203749826,1,0,86.3,35.56,4.82,3.7,136.3,86.79,35.45,5.21,3.12,143.22,86.27,43.59,0.24,0.82,262.79,14.497230770047093,0,1,79.25,40.84,1.14,0.55,149.15,79.29,40.73,1.11,0.59,151.39,90.18,29.63,263.77,0.0,296.29,0.0,0.0,1
85.72,8.25,0.0,0.0,297.97,21.84023809394028,1,78.87,11.83,1.77,1.11,48.43,78.72,11.53,1.54,1.13,39.55,86.25,18.18,0.0,0.0,273.32,12.105676354504116,1,81.91,19.52,1.4,0.23,55.48,81.95,19.65,1.35,0.44,55.48,86.26,34.36,0.16,0.16,212.53,6.143232048360213,1,0,86.3,35.56,4.82,3.7,136.3,86.79,35.45,5.21,3.12,143.22,86.27,43.62,0.17,0.66,261.99,14.526121299231948,0,1,79.25,40.84,1.14,0.55,149.15,79.29,40.73,1.11,0.59,151.39,90.18,29.63,263.77,0.0,304.44,0.0,0.0,1
85.72,8.25,0.0,0.0,297.97,21.84023809394028,1,78.87,11.83,1.77,1.11,48.43,78.72,11.53,1.54,1.13,39.55,86.25,18.18,0.0,0.0,273.32,12.105676354504116,1,81.91,19.52,1.4,0.23,55.48,81.95,19.65,1.35,0.44,55.48,86.26,34.34,0.12,0.28,222.22,6.127846277445286,1,0,86.3,35.56,4.82,3.7,136.3,86.79,35.45,5.21,3.12,143.22,86.27,43.63,0.12,0.47,261.99,14.535752474502317,0,1,79.25,40.84,1.14,0.55,149.15,79.29,40.73,1.11,0.59,151.39,90.18,29.63,263.77,0.0,302.06,0.0,0.0,1
85.72,8.25,0.0,0.0,298.55,21.84023809394028,1,78.87,11.83,1.77,1.11,48.43,78.72,11.53,1.54,1.13,39.55,86.25,18.19,0.0,0.0,274.25,12.09621841734019,1,81.91,19.52,1.4,0.23,55.48,81.95,19.65,1.35,0.44,55.48,86.27,34.32,0.07,0.3,218.21,6.106078938238523,1,0,86.3,35.56,4.82,3.7,136.3,86.79,35.45,5.21,3.12,143.22,86.27,43.64,0.1,0.3,264.25,14.545384147556918,0,1,79.25,40.84,1.14,0.55,149.15,79.29,40.73,1.11,0.59,151.39,90.18,29.63,263.77,0.0,304.91,0.0,0.0,1
85.72,8.26,0.0,0.0,299.23,21.830448918883917,1,78.87,11.83,1.77,1.11,48.43,78.72,11.53,1.54,1.13,39.55,86.25,18.19,0.0,0.0,274.25,12.09621841734019,1,81.91,19.52,1.4,0.23,55.48,81.95,19.65,1.35,0.44,55.48,86.27,34.32,0.05,0.23,218.21,6.106078938238523,1,0,86.3,35.56,4.82,3.7,136.3,86.79,35.45,5.21,3.12,143.22,86.27,43.65,0.08,0.2,264.25,14.555016317407551,0,1,79.25,40.84,1.14,0.55,149.15,79.29,40.73,1.11,0.59,151.39,90.18,29.63,263.77,0.0,298.47,0.0,0.0,1
85.72,8.26,0.0,0.0,297.32,21.830448918883917,1,78.87,11.83,1.77,1.11,48.43,78.72,11.53,1.54,1.13,39.55,86.25,18.19,0.0,0.0,274.25,12.09621841734019,1,81.91,19.52,1.4,0.23,55.48,81.95,19.65,1.35,0.44,55.48,86.26,34.3,0.06,0.18,218.21,6.0971550742948954,1,0,86.3,35.56,4.82,3.7,136.3,86.79,35.45,5.21,3.12,143.22,86.27,43.66,0.06,0.17,264.25,14.56464898306856,0,1,79.25,40.84,1.14,0.55,149.15,79.29,40.73,1.11,0.59,151.39,90.18,29.63,264.58,0.0,286.29,0.0,0.0,1
85.71,8.26,0.0,0.0,296.37,21.83249413145461,1,78.87,11.83,1.77,1.11,48.43,78.72,11.53,1.54,1.13,39.55,86.25,18.19,0.0,0.0,274.85,12.09621841734019,1,81.91,19.52,1.4,0.23,55.48,81.95,19.65,1.35,0.44,55.48,86.25,34.3,0.07,0.13,212.32,6.103589108057655,1,0,86.3,35.56,4.82,3.7,136.3,86.79,35.45,5.21,3.12,143.22,86.27,43.66,0.03,0.16,263.1,14.56464898306856,0,1,79.25,40.84,1.14,0.55,149.15,79.29,40.73,1.11,0.59,151.39,90.18,29.63,264.58,0.0,218.99,0.0,0.0,1
85.71,8.26,0.0,0.0,295.22,21.822706065014028,1,78.87,11.83,1.77,1.11,48.43,78.72,11.53,1.54,1.13,39.55,86.25,18.19,0.0,0.0,274.85,12.086761352819044,1,81.91,19.52,1.4,0.23,55.48,81.95,19.65,1.35,0.44,55.48,86.25,34.29,0.07,0.09,212.32,6.103589108057655,1,0,86.3,35.56,4.82,3.7,136.3,86.79,35.45,5.21,3.12,143.22,86.27,43.66,0.03,0.1,263.1,14.574282143556848,0,1,79.25,40.84,1.14,0.55,149.15,79.29,40.73,1.11,0.59,151.39,90.18,29.62,264.58,0.0,187.26,0.0,0.0,1
85.71,8.26,0.0,0.0,296.03,21.822706065014028,1,78.87,11.83,1.77,1.11,48.43,78.72,11.53,1.54,1.13,39.55,86.25,18.19,0.0,0.0,274.85,12.086761352819044,1,81.91,19.52,1.4,0.23,55.48,81.95,19.65,1.35,0.44,55.48,86.22,34.34,0.05,0.07,213.39,6.161168720299752,1,0,86.3,35.56,4.82,3.7,136.3,86.79,35.45,5.21,3.12,143.22,86.27,43.66,0.01,0.09,264.04,14.574282143556848,0,1,79.25,40.84,1.14,0.55,149.15,79.29,40.73,1.11,0.59,151.39,90.18,29.62,264.58,0.0,182.95,0.0,0.0,1
85.71,8.26,0.0,0.0,295.05,21.822706065014028,1,78.87,11.83,1.77,1.11,48.43,78.72,11.53,1.54,1.13,39.55,86.26,18.19,0.0,0.0,274.85,12.083513561874295,1,81.91,19.52,1.4,0.23,55.48,81.95,19.65,1.35,0.44,55.48,86.22,34.36,0.05,0.06,218.23,6.176503865456578,1,0,86.3,35.56,4.82,3.7,136.3,86.79,35.45,5.21,3.12,143.22,86.27,43.67,0.02,0.06,263.22,14.583915797891873,0,1,79.25,40.84,1.14,0.55,149.15,79.29,40.73,1.11,0.59,151.39,90.18,29.62,264.58,0.0,196.34,0.0,0.0,1
85.7,8.26,0.0,0.0,295.05,21.824756585125986,1,78.87,11.83,1.77,1.11,48.43,78.72,11.53,1.54,1.13,39.55,86.26,18.19,0.0,0.0,275.52,12.083513561874295,1,81.91,19.52,1.4,0.23,55.48,81.95,19.65,1.35,0.44,55.48,86.2,34.38,0.07,0.07,218.88,6.204675656309526,1,0,86.3,35.56,4.82,3.7,136.3,86.79,35.45,5.21,3.12,143.22,86.27,43.67,0.03,0.05,263.22,14.583915797891873,0,1,79.25,40.84,1.14,0.55,149.15,79.29,40.73,1.11,0.59,151.39,90.18,29.62,264.58,0.0,241.06,0.1,0.0,1
85.7,8.26,0.0,0.0,295.05,21.824756585125986,1,78.87,11.83,1.77,1.11,48.43,78.72,11.53,1.54,1.13,39.55,86.26,18.19,0.0,0.0,275.52,12.083513561874295,1,81.91,19.52,1.4,0.23,55.48,81.95,19.65,1.35,0.44,55.48,86.17,34.31,0.08,0.06,218.88,6.170591543766291,1,0,86.3,35.56,4.82,3.7,136.3,86.79,35.45,5.21,3.12,143.22,86.27,43.67,0.02,0.04,263.22,14.583915797891873,0,1,79.25,40.84,1.14,0.55,149.15,79.29,40.73,1.11,0.59,151.39,90.18,29.62,264.58,0.03,262.97,0.35,0.0,1
85.7,8.26,0.0,0.0,295.05,21.832494131454606,1,78.87,11.83,1.77,1.11,48.43,78.72,11.53,1.54,1.13,39.55,86.26,18.19,0.0,0.0,275.52,12.089735315547646,1,81.91,19.52,1.4,0.23,55.48,81.95,19.65,1.35,0.44,55.48,86.18,34.3,0.07,0.05,221.1,6.142393670223355,1,0,86.3,35.56,4.82,3.7,136.3,86.79,35.45,5.21,3.12,143.22,86.27,43.67,0.0,0.03,263.22,14.57160251997014,0,1,79.25,40.84,1.14,0.55,149.15,79.29,40.73,1.11,0.59,151.39,90.17,29.63,264.58,0.09,284.41,0.51,0.0,1
85.7,8.26,0.0,0.0,295.05,21.830448918883913,1,78.87,11.83,1.77,1.11,48.43,78.72,11.53,1.54,1.13,39.55,86.26,18.19,0.0,0.0,275.52,12.086504871136233,1,81.91,19.52,1.4,0.23,55.48,81.95,19.65,1.35,0.44,55.48,86.17,34.3,0.07,0.05,218.44,6.142393670223355,1,0,86.3,35.56,4.82,3.7,136.3,86.79,35.45,5.21,3.12,143.22,86.27,43.66,0.01,0.02,261.71,14.559292565231317,0,1,79.25,40.84,1.14,0.55,149.15,79.29,40.73,1.11,0.59,151.39,90.16,29.63,264.58,0.14,286.63,0.54,0.0,1
85.7,8.26,0.0,0.0,295.05,21.828408095873595,1,78.87,11.83,1.77,1.11,48.43,78.72,11.53,1.54,1.13,39.55,86.26,18.19,0.0,0.0,276.4,12.083281838970734,1,81.91,19.52,1.4,0.23,55.48,81.95,19.65,1.35,0.44,55.48,86.18,34.28,0.06,0.05,214.44,6.114196594811129,1,0,86.3,35.56,4.82,3.7,136.3,86.79,35.45,5.21,3.12,143.22,86.27,43.66,0.02,0.01,260.07,14.556623921775268,0,1,79.25,40.84,1.14,0.55,149.15,79.29,40.73,1.11,0.59,151.39,90.15,29.63,265.29,0.18,291.31,0.47,0.0,1
85.69,8.26,0.0,0.0,293.79,21.83616266654927,1,78.87,11.83,1.77,1.11,48.43,78.72,11.53,1.54,1.13,39.55,86.26,18.19,0.0,0.0,276.4,12.086331122387799,1,81.91,19.52,1.4,0.23,55.48,81.95,19.65,1.35,0.44,55.48,86.2,34.28,0.05,0.04,206.23,6.080666081935428,1,0,86.3,35.56,4.82,3.7,136.3,86.79,35.45,5.21,3.12,143.22,86.27,43.66,0.02,0.0,260.07,14.541664278891872,0,1,79.25,40.84,1.14,0.55,149.15,79.29,40.73,1.11,0.59,151.39,90.13,29.64,265.29,0.19,285.34,0.27,0.0,1
85.7,8.26,0.0,0.0,293.79,21.822311976506978,1,78.87,11.83,1.77,1.11,48.43,78.72,11.53,1.54,1.13,39.55,86.26,18.19,0.0,0.0,276.4,12.073657275241828,1,81.91,19.52,1.4,0.23,55.48,81.95,19.65,1.35,0.44,55.48,86.22,34.27,0.04,0.03,206.23,6.06131998825339,1,0,86.3,35.56,4.82,3.7,136.3,86.79,35.45,5.21,3.12,143.22,86.28,43.65,0.03,0.01,260.07,14.536368184660157,0,1,79.25,40.84,1.14,0.55,149.15,79.29,40.73,1.11,0.59,151.39,90.12,29.63,266.1,0.19,279.66,0.11,0.0,1
85.69,8.26,0.0,0.0,293.79,21.82028872402929,1,78.87,11.83,1.77,1.11,48.43,78.72,11.53,1.54,1.13,39.55,86.26,18.19,0.0,0.0,276.4,12.06727806922505,1,81.91,19.52,1.4,0.23,55.48,81.95,19.65,1.35,0.44,55.48,86.23,34.26,0.04,0.03,203.47,6.034384807086793,1,0,86.3,35.56,4.82,3.7,136.3,86.79,35.45,5.21,3.12,143.22,86.28,43.65,0.02,0.01,260.07,14.53109768737379,0,1,79.25,40.84,1.14,0.55,149.15,79.29,40.73,1.11,0.59,151.39,90.1,29.63,266.1,0.18,275.28,0.04,0.0,1
85.69,8.26,0.0,0.0,292.2,21.82028872402929,1,78.87,11.83,1.77,1.11,48.43,78.72,11.53,1.54,1.13,39.55,86.26,18.19,0.0,0.0,276.4,12.06727806922505,1,81.91,19.52,1.4,0.23,55.48,81.95,19.65,1.35,0.44,55.48,86.23,34.25,0.04,0.03,203.47,6.02671552340078,1,0,86.3,35.56,4.82,3.7,136.3,86.79,35.45,5.21,3.12,143.22,86.28,43.66,0.01,0.01,259.41,14.54074619818391,0,1,79.25,40.84,1.14,0.55,149.15,79.29,40.73,1.11,0.59,151.39,90.1,29.63,266.1,0.13,272.3,0.05,0.0,1
85.69,8.26,0.0,0.0,292.2,21.818269867246578,1,78.87,11.83,1.77,1.11,48.43,78.72,11.53,1.54,1.13,39.55,86.26,18.19,0.0,0.0,276.4,12.064099634867077,1,81.91,19.52,1.4,0.23,55.48,81.95,19.65,1.35,0.44,55.48,86.27,34.28,0.03,0.03,197.11,6.017881687105528,1,0,86.3,35.56,4.82,3.7,136.3,86.79,35.45,5.21,3.12,143.22,86.29,43.65,0.02,0.01,259.41,14.52585281489524,0,1,79.25,40.84,1.14,0.55,149.15,79.29,40.73,1.11,0.59,151.39,90.09,29.63,267.1,0.11,267.2,0.07,0.0,1
85.69,8.26,0.0,0.0,292.2,21.818269867246578,1,78.87,11.83,1.77,1.11,48.43,78.72,11.53,1.54,1.13,39.55,86.26,18.19,0.0,0.0,277.09,12.064099634867077,1,81.91,19.52,1.4,0.23,55.48,81.95,19.65,1.35,0.44,55.48,86.27,34.28,0.03,0.02,196.16,6.017881687105528,1,0,86.3,35.56,4.82,3.7,136.3,86.79,35.45,5.21,3.12,143.22,86.28,43.66,0.01,0.01,259.41,14.538122299664423,0,1,79.25,40.84,1.14,0.55,149.15,79.29,40.73,1.11,0.59,151.39,90.09,29.63,267.99,0.09,271.78,0.07,0.0,1
85.69,8.26,0.0,0.0,291.34,21.818269867246578,1,78.87,11.83,1.77,1.11,48.43,78.72,11.53,1.54,1.13,39.55,86.26,18.19,0.0,0.0,277.09,12.064099634867077,1,81.91,19.52,1.4,0.23,55.48,81.95,19.65,1.35,0.44,55.48,86.27,34.31,0.02,0.02,198.99,6.041092616406414,1,0,86.3,35.56,4.82,3.7,136.3,86.79,35.45,5.21,3.12,143.22,86.27,43.66,0.0,0.0,259.41,14.540746198183914,0,1,79.25,40.84,1.14,0.55,149.15,79.29,40.73,1.11,0.59,151.39,90.09,29.63,267.99,0.06,275.61,0.07,0.0,1
85.68,8.25,0.0,0.0,290.6,21.839876373276475,1,78.87,11.83,1.77,1.11,48.43,78.72,11.53,1.54,1.13,39.55,86.26,18.2,0.0,0.0,277.09,12.06409963486708,1,81.91,19.52,1.4,0.23,55.48,81.95,19.65,1.35,0.44,55.48,86.25,34.36,0.01,0.01,204.48,6.084734998338055,1,0,86.3,35.56,4.82,3.7,136.3,86.79,35.45,5.21,3.12,143.22,86.26,43.65,0.01,0.01,259.41,14.524083447846198,0,1,79.25,40.84,1.14,0.55,149.15,79.29,40.73,1.11,0.59,151.39,90.09,29.64,268.72,0.05,291.5,0.06,0.0,1
85.68,8.25,0.0,0.0,290.6,21.839876373276475,1,78.87,11.83,1.77,1.11,48.43,78.72,11.53,1.54,1.13,39.55,86.26,18.2,0.0,0.0,277.97,12.06409963486708,1,81.91,19.52,1.4,0.23,55.48,81.95,19.65,1.35,0.44,55.48,86.2,34.37,0.01,0.01,210.66,6.124132591641038,1,0,86.3,35.56,4.82,3.7,136.3,86.79,35.45,5.21,3.12,143.22,86.24,43.65,0.02,0.02,260.23,14.52937025476328,0,1,79.25,40.84,1.14,0.55,149.15,79.29,40.73,1.11,0.59,151.39,90.09,29.64,268.72,0.03,287.21,0.05,0.0,1
85.68,8.25,0.0,0.0,289.58,21.834131537572084,1,78.87,11.83,1.77,1.11,48.43,78.72,11.53,1.54,1.13,39.55,86.26,18.2,0.0,0.0,277.97,12.060986692638375,1,81.91,19.52,1.4,0.23,55.48,81.95,19.65,1.35,0.44,55.48,86.14,34.39,0.02,0.03,217.37,6.198265886520198,1,0,86.3,35.56,4.82,3.7,136.3,86.79,35.45,5.21,3.12,143.22,86.23,43.65,0.05,0.59,260.23,14.546985942111855,0,1,79.25,40.84,1.14,0.55,149.15,79.29,40.73,1.11,0.59,151.39,90.11,29.63,269.69,0.0,66.83,0.03,0.0,1
85.67,8.25,0.01,0.25,287.76,21.83819818574783,1,78.87,11.83,1.77,1.11,48.43,78.72,11.53,1.54,1.13,39.55,86.26,18.2,0.0,0.0,277.97,12.064182525144421,1,81.91,19.52,1.4,0.23,55.48,81.95,19.65,1.35,0.44,55.48,86.13,34.4,0.06,0.6,218.83,6.218761934661921,1,0,86.3,35.56,4.82,3.7,136.3,86.79,35.45,5.21,3.12,143.22,86.2,43.64,0.23,1.62,269.14,14.548075474096224,0,1,79.25,40.84,1.14,0.55,149.15,79.29,40.73,1.11,0.59,151.39,90.12,29.63,269.69,0.03,93.46,0.01,0.0,1
85.66,8.25,0.15,1.73,290.43,21.846384140172944,1,78.87,11.83,1.77,1.11,48.43,78.72,11.53,1.54,1.13,39.55,86.25,18.2,0.02,0.51,279.58,12.077040200313984,1,81.91,19.52,1.4,0.23,55.48,81.95,19.65,1.35,0.44,55.48,86.07,34.41,0.3,2.31,232.73,6.2844888415844995,1,0,86.3,35.56,4.82,3.7,136.3,86.79,35.45,5.21,3.12,143.22,86.15,43.64,0.66,3.26,263.03,14.569835277037281,0,1,79.25,40.84,1.14,0.55,149.15,79.29,40.73,1.11,0.59,151.39,90.15,29.63,273.82,0.07,98.91,0.37,0.0,1
85.63,8.24,0.49,3.09,287.41,21.86857562805589,1,78.72,11.53,1.54,1.13,39.55,78.87,11.83,1.77,1.11,48.43,86.24,18.21,0.16,1.62,280.67,12.080562900792332,1,81.91,19.52,1.4,0.23,55.48,81.95,19.65,1.35,0.44,55.48,86.01,34.42,0.76,3.99,238.92,6.350826717837611,1,0,86.3,35.56,4.82,3.7,136.3,85.85,35.67,4.35,4.35,129.81,86.05,43.63,1.16,4.4,264.16,14.596468751037019,0,1,79.25,40.84,1.14,0.55,149.15,79.29,40.73,1.11,0.59,151.39,90.18,29.63,277.45,0.18,93.76,0.97,0.0,1
85.54,8.24,0.99,3.85,284.53,21.884087826546484,1,78.72,11.53,1.54,1.13,39.55,78.87,11.83,1.77,1.11,48.43,86.2,18.22,0.49,3.33,280.67,12.084705209478631,1,81.91,19.52,1.4,0.23,55.48,81.95,19.65,1.35,0.44,55.48,85.91,34.43,1.24,4.59,240.93,6.451829197987185,1,0,86.3,35.56,4.82,3.7,136.3,85.85,35.67,4.35,4.35,129.81,85.89,43.62,1.81,5.04,261.65,14.651361711458762,0,1,79.25,40.84,1.14,0.55,149.15,79.29,40.73,1.11,0.59,151.39,90.21,29.62,285.34,0.37,93.66,1.43,0.0,1
85.39,8.23,1.61,4.48,277.5,21.937388176353174,1,78.72,11.53,1.54,1.13,39.55,78.79,11.68,1.65,1.13,44.24,86.12,18.25,1.0,4.04,276.53,12.100268592060262,1,81.91,19.52,1.4,0.23,55.48,81.95,19.65,1.35,0.44,55.48,85.76,34.44,1.8,4.64,247.3,6.5941185915935705,1,0,85.85,35.67,4.35,4.35,129.81,86.3,35.56,4.82,3.7,136.3,85.67,43.61,2.46,5.06,262.68,14.723729147196371,0,1,79.25,40.84,1.14,0.55,149.15,79.2,40.94,1.18,0.49,147.74,90.26,29.62,287.36,0.6,94.18,1.8,0.0,1
85.2,8.23,2.12,4.43,269.37,21.998902245339426,1,78.72,11.53,1.54,1.13,39.55,78.65,11.4,1.45,1.03,34.71,85.96,18.29,1.71,4.93,275.94,12.147151929567693,1,81.91,19.52,1.4,0.23,55.48,81.95,19.65,1.35,0.44,55.48,85.52,34.45,2.57,5.19,249.65,6.823584102214912,1,0,85.85,35.67,4.35,4.35,129.81,85.45,35.77,3.84,5.16,123.42,85.38,43.61,3.1,4.95,262.68,14.843237517469024,0,1,79.25,40.84,1.14,0.55,149.15,79.2,40.94,1.18,0.49,147.74,90.34,29.62,293.03,0.84,94.11,1.87,0.0,1
84.92,8.21,2.8,4.65,269.37,22.097965969744816,1,78.72,11.53,1.54,1.13,39.55,78.65,11.4,1.45,1.03,34.71,85.74,18.37,2.36,4.97,278.38,12.179232323919274,1,81.91,19.52,1.4,0.23,55.48,81.95,19.65,1.35,0.44,55.48,85.23,34.47,3.19,5.75,252.79,7.117555760231178,1,0,85.45,35.77,3.84,5.16,123.42,85.85,35.67,4.35,4.35,129.81,85.04,43.62,3.58,4.46,260.85,15.011069249057508,0,1,78.65,44.14,0.98,0.89,140.51,78.64,44.04,1.08,0.81,139.24,90.43,29.61,301.99,1.03,93.57,1.72,0.0,1
84.59,8.19,3.38,4.77,262.16,22.22139959588505,1,78.53,11.16,1.26,0.88,27.09,78.59,11.28,1.35,0.95,30.08,85.45,18.46,3.08,4.96,281.45,12.24776306106548,1,81.91,19.52,1.4,0.23,55.48,81.95,19.65,1.35,0.44,55.48,84.89,34.49,3.76,5.09,255.61,7.4722553489559,1,0,85.1,35.86,3.24,5.44,120.9,85.45,35.77,3.84,5.16,123.42,84.66,43.6,4.02,3.62,263.19,15.184676486511002,0,1,78.65,44.14,0.98,0.89,140.51,78.64,44.04,1.08,0.81,139.24,90.54,29.6,308.46,1.13,92.67,1.28,0.0,1
84.21,8.17,3.97,4.45,255.73,22.37674015579571,1,78.53,11.16,1.26,0.88,27.09,78.59,11.28,1.35,0.95,30.08,85.07,18.55,3.81,4.98,284.45,12.378970070244138,1,81.91,19.52,1.4,0.23,55.48,81.95,19.65,1.35,0.44,55.48,84.48,34.51,4.29,4.27,262.04,7.885239374933394,1,0,83.32,34.86,1.24,0.44,57.71,83.35,34.97,1.19,0.63,58.76,84.25,43.58,4.29,2.63,261.09,15.375317882892698,0,1,78.65,44.14,0.98,0.89,140.51,78.64,44.04,1.08,0.81,139.24,90.65,29.6,319.35,1.2,90.47,0.83,0.0,1
83.78,8.14,4.46,3.94,255.73,22.576122341978923,1,78.53,11.16,1.26,0.88,27.09,78.59,11.28,1.35,0.95,30.08,84.67,18.65,4.37,4.89,285.36,12.538329234790417,1,81.91,19.52,1.4,0.23,55.48,81.95,19.65,1.35,0.44,55.48,84.03,34.53,4.73,3.54,265.3,8.33662401695075,1,0,83.28,34.74,1.28,0.26,56.12,83.32,34.86,1.24,0.44,57.71,83.83,43.53,4.36,1.78,259.95,15.549639867212363,0,1,78.64,44.04,1.08,0.81,139.24,78.65,44.14,0.98,0.89,140.51,90.76,29.61,327.73,1.17,87.76,0.37,0.0,1
83.3,8.11,4.98,3.59,257.09,22.799861841686674,1,77.85,9.56,0.36,0.73,45.98,77.86,9.6,0.44,0.64,41.57,84.2,18.77,4.93,4.59,290.15,12.730989749426396,1,81.91,19.52,1.4,0.23,55.48,81.95,19.65,1.35,0.44,55.48,83.54,34.54,5.1,2.92,267.03,8.819795916006214,1,0,83.24,34.61,1.25,0.38,56.12,83.28,34.74,1.28,0.26,56.12,83.4,43.45,4.36,1.89,252.39,15.71370421001999,0,1,78.64,44.04,1.08,0.81,139.24,78.65,44.14,0.98,0.89,140.51,90.86,29.62,335.94,1.04,84.26,0.59,0.0,1
82.78,8.07,5.39,3.23,253.98,23.056072952695132,1,77.85,9.56,0.36,0.73,45.98,77.86,9.6,0.44,0.64,41.57,83.68,18.88,5.48,4.18,288.73,12.977495906375774,1,81.91,19.52,1.4,0.23,55.48,81.86,19.39,1.43,0.19,55.48,83.02,34.54,5.35,2.08,269.67,9.327003806153405,1,0,83.2,34.49,1.3,0.25,57.08,83.15,34.37,1.31,0.16,59.03,82.99,43.35,4.27,2.64,240.92,15.861904047118687,0,1,78.64,44.04,1.08,0.81,139.24,78.62,43.93,1.21,0.57,137.88,90.95,29.63,344.26,0.92,79.69,0.97,0.0,1
82.21,8.03,5.77,2.66,255.39,23.349877944006476,1,77.85,9.56,0.36,0.73,45.98,77.86,9.6,0.44,0.64,41.57,83.12,18.99,5.92,3.7,288.02,13.274174173936395,1,81.91,19.52,1.4,0.23,55.48,81.86,19.39,1.43,0.19,55.48,82.46,34.53,5.61,1.73,269.67,9.86201297910321,1,0,83.11,34.25,1.36,0.37,59.03,83.15,34.37,1.31,0.16,59.03,82.59,43.2,4.2,3.8,222.23,15.963586689713564,0,1,78.59,43.68,1.33,0.49,130.96,78.57,43.54,1.37,0.41,129.14,91.03,29.65,351.68,0.72,71.9,1.46,0.0,1
81.61,7.99,6.13,2.22,256.92,23.663214067408504,1,77.85,9.56,0.36,0.73,45.98,77.86,9.6,0.44,0.64,41.57,82.52,19.09,6.24,3.06,284.34,13.610679630349102,1,81.86,19.39,1.43,0.19,55.48,81.81,19.26,1.43,0.56,55.48,81.89,34.5,5.78,1.39,268.95,10.36845215063463,1,0,81.03,34.2,1.87,0.3,323.75,80.97,34.38,1.88,0.2,327.81,82.22,43.01,4.13,3.94,201.39,16.00035624603402,0,1,79.04,41.27,1.27,0.22,142.01,78.98,41.38,1.27,0.12,142.67,91.07,29.68,358.85,0.5,58.17,1.81,0.0,1
80.98,7.94,6.38,1.61,254.31,24.00302064324405,1,77.85,9.56,0.36,0.73,45.98,77.83,9.53,0.32,0.72,48.72,81.89,19.17,6.46,2.49,278.8,13.990411001825501,1,81.81,19.26,1.43,0.56,55.48,81.76,19.13,1.35,0.82,56.97,81.31,34.45,5.92,1.54,264.07,10.868118512419711,1,0,80.97,34.38,1.88,0.2,327.81,81.03,34.2,1.87,0.3,323.75,81.92,42.73,4.14,5.25,177.45,15.925115384197376,0,1,79.1,41.16,1.23,0.24,144.19,79.04,41.27,1.27,0.22,142.01,91.09,29.71,3.64,0.33,18.52,2.22,0.0,1
80.3,7.89,6.73,1.46,261.48,24.364541859021276,1,77.83,9.53,0.32,0.72,48.72,77.85,9.56,0.36,0.73,45.98,81.24,19.23,6.59,2.14,274.57,14.397419907747361,1,81.16,18.76,0.58,0.75,86.18,81.11,18.77,0.61,0.64,84.63,80.71,34.35,6.01,1.94,260.88,11.348524133119694,1,0,80.97,34.38,1.88,0.2,327.81,80.92,34.56,1.86,0.33,333.91,81.65,42.41,4.26,5.36,161.91,15.79410649577873,0,1,79.1,41.16,1.23,0.24,144.19,79.15,41.05,1.2,0.32,146.15,91.08,29.74,2.28,0.39,331.54,2.29,0.0,1
79.6,7.82,7.02,1.5,265.47,24.770409766493575,1,77.43,8.95,0.12,0.73,89.77,77.42,8.94,0.2,0.87,84.34,80.58,19.26,6.63,2.05,267.6,14.849269342294257,1,80.23,19.15,2.74,0.41,189.3,80.24,19.42,2.64,0.43,182.07,80.12,34.23,6.09,2.26,256.27,11.810423362437094,1,0,79.33,34.0,1.37,0.34,47.11,79.38,33.87,1.4,0.39,42.42,81.41,42.03,4.45,5.1,152.7,15.594390016925962,0,1,79.15,41.05,1.2,0.32,146.15,79.2,40.94,1.18,0.49,147.74,91.06,29.78,354.83,0.57,318.8,2.03,0.0,1
78.89,7.75,7.2,1.28,268.73,25.18771128943636,1,77.33,8.77,0.09,0.32,41.09,77.33,8.78,0.15,0.31,41.09,79.93,19.26,6.56,2.16,258.82,15.31310876340921,1,80.23,19.15,2.74,0.41,189.3,80.24,19.42,2.64,0.43,182.07,79.53,34.06,6.09,3.07,245.74,12.23451265886795,1,0,79.33,34.0,1.37,0.34,47.11,79.38,33.87,1.4,0.39,42.42,81.23,41.6,4.77,5.04,143.08,15.302983369264965,0,1,79.25,40.84,1.14,0.55,149.15,79.29,40.73,1.11,0.59,151.39,91.01,29.83,348.55,0.72,312.65,1.67,0.0,1
78.17,7.67,7.34,0.83,268.03,25.62576828116574,1,77.33,8.77,0.09,0.32,41.09,77.33,8.78,0.15,0.31,41.09,79.29,19.22,6.36,2.83,247.93,15.806482847237076,1,79.41,19.33,2.46,0.85,5.15,79.43,19.09,2.4,0.86,7.64,78.97,33.83,6.08,3.68,232.41,12.636518507880245,1,0,78.91,33.78,0.46,1.67,101.28,78.86,33.78,0.61,1.87,102.76,81.07,41.14,5.06,4.78,144.14,15.000763313911733,0,1,79.33,40.63,1.08,0.51,151.39,79.36,40.52,1.1,0.5,148.67,90.97,29.87,337.75,0.74,308.07,1.06,0.0,1
77.42,7.59,7.5,0.69,266.52,26.071367436327535,1,77.33,8.77,0.09,0.32,41.09,77.31,8.77,0.18,0.75,39.02,78.68,19.14,6.1,3.61,235.66,16.289582560642852,1,79.43,19.09,2.4,0.86,7.64,79.41,19.33,2.46,0.85,5.15,78.43,33.56,6.07,3.97,222.25,13.005614172348793,1,0,78.66,33.87,1.1,3.17,116.19,78.74,33.82,0.93,2.68,113.15,80.95,40.63,5.37,4.49,139.71,14.6401673487703,0,1,79.39,40.41,1.07,0.34,145.48,79.4,40.3,1.08,0.29,143.99,90.91,29.9,326.48,0.7,300.54,0.59,0.0,1
76.66,7.49,7.68,0.83,266.52,26.56393231432425,1,76.37,8.82,2.53,2.58,1.5,76.61,8.86,2.21,2.61,6.26,78.1,19.02,5.8,4.21,222.43,16.794761087910725,1,79.43,19.09,2.4,0.86,7.64,79.41,19.33,2.46,0.85,5.15,77.9,33.25,6.1,4.42,209.88,13.376012111238529,1,0,77.07,33.71,1.44,0.48,175.64,77.14,33.83,1.45,0.49,174.86,80.85,40.08,5.69,3.67,136.44,14.248498166473547,0,1,79.42,40.09,1.07,0.13,142.67,79.42,39.98,1.03,0.24,146.47,90.86,29.94,314.88,0.61,301.8,0.34,0.0,1
75.9,7.39,7.76,0.74,269.06,27.064049955614543,1,75.53,8.64,3.21,1.72,356.54,75.83,8.71,3.02,2.03,356.54,77.57,18.86,5.45,4.69,205.2,17.291460320053943,1,79.43,19.09,2.4,0.86,7.64,79.45,18.85,2.31,0.9,9.79,77.41,32.88,6.12,4.42,196.26,13.722106252321469,1,0,76.77,33.19,1.54,0.32,175.53,76.85,33.32,1.5,0.22,175.53,80.77,39.5,5.96,2.62,135.83,13.850032490936618,0,1,79.51,39.22,0.81,0.6,151.19,79.53,39.14,0.82,0.64,150.53,90.82,29.97,310.52,0.53,301.98,0.57,0.0,1
75.13,7.27,7.84,0.68,269.06,27.58841967202906,1,74.85,8.46,3.79,1.64,352.5,74.47,8.36,4.03,1.5,351.52,77.1,18.66,5.04,5.45,173.05,17.762637754567876,1,79.45,18.85,2.31,0.9,9.79,79.43,19.09,2.4,0.86,7.64,76.96,32.47,6.12,4.8,171.71,14.040754965456815,1,0,76.51,32.82,1.48,0.41,179.88,76.42,32.7,1.48,0.43,181.62,80.69,38.9,6.15,1.44,140.05,13.460913787704017,0,1,80.37,38.05,0.42,0.72,165.33,80.34,38.06,0.34,0.81,156.88,90.78,29.99,304.8,0.41,300.82,0.87,0.0,1
74.35,7.14,7.91,0.79,269.06,28.142439482034963,1,74.06,8.25,4.29,1.47,347.18,73.64,8.13,4.47,1.17,344.65,76.7,18.39,4.79,6.34,157.83,18.232577985572966,1,79.47,18.63,2.21,0.94,11.48,79.45,18.85,2.31,0.9,9.79,76.54,32.03,6.1,4.49,155.02,14.352856858479424,1,0,76.12,32.36,1.53,0.37,183.47,76.23,32.47,1.53,0.35,185.22,80.6,38.29,6.23,0.9,140.05,13.098889265888161,0,1,80.41,38.03,0.52,0.58,169.68,80.46,38.0,0.6,0.45,172.5,90.75,30.01,299.06,0.29,301.11,1.0,0.0,1
73.56,7.01,7.97,0.81,275.68,28.716066931249475,1,73.2,8.02,4.56,0.83,342.83,73.64,8.13,4.47,1.17,344.65,76.35,18.07,4.63,6.53,141.87,18.704935177647634,1,79.49,18.41,2.15,0.83,12.97,79.51,18.2,2.09,0.78,15.4,76.17,31.55,6.1,4.09,146.65,14.650112627553407,1,0,75.81,32.05,1.38,0.67,177.47,75.7,31.97,1.3,0.82,172.73,80.48,37.68,6.24,1.27,134.22,12.804030615396067,0,1,80.68,37.84,0.73,0.81,176.34,80.63,37.89,0.71,0.57,178.24,90.74,30.02,292.3,0.11,287.34,1.22,0.0,1
72.78,6.86,7.94,0.78,281.71,29.30167401361226,1,72.34,7.81,4.36,0.91,338.33,72.77,7.91,4.54,0.24,340.42,76.07,17.7,4.64,6.7,123.98,19.14936030263153,1,79.52,17.43,1.79,0.96,24.17,79.53,17.61,1.85,1.02,22.09,75.82,31.05,6.1,3.72,143.55,14.945534450129253,1,0,75.42,31.79,0.92,1.4,139.81,75.5,31.84,1.11,1.06,151.63,80.34,37.09,5.98,2.48,127.16,12.567298834674062,0,1,80.83,37.07,1.43,0.8,109.29,80.81,36.93,1.52,0.87,95.51,90.73,30.02,290.56,0.05,187.42,1.24,0.0,1
72.0,6.72,7.91,0.93,283.01,29.88707078319989,1,71.93,7.73,4.12,1.68,338.33,71.55,7.67,3.83,2.26,338.33,75.85,17.29,4.71,6.31,119.13,19.5758218218291,1,79.51,17.25,1.76,0.72,26.52,79.51,17.07,1.71,0.64,28.38,75.52,30.52,6.1,3.42,145.0,15.218547893935224,1,0,75.34,31.76,0.79,1.43,132.08,75.27,31.75,0.6,1.64,124.51,80.19,36.53,5.67,3.37,120.72,12.393627394754134,0,1,80.77,36.44,1.75,0.53,66.97,80.78,36.61,1.65,0.73,78.0,90.73,30.01,288.88,0.12,136.68,1.03,0.0,1
71.22,6.58,7.91,0.91,285.74,30.488141957160984,1,71.2,7.63,3.5,2.78,335.57,70.9,7.63,2.99,4.0,333.62,75.69,16.84,4.87,5.84,116.66,19.992200979381934,1,79.49,16.75,1.53,0.77,35.07,79.49,16.6,1.44,0.89,37.97,75.24,29.98,6.06,2.89,145.0,15.500012903220437,1,0,75.27,31.75,0.6,1.64,124.51,75.23,31.76,0.45,1.88,114.95,80.01,36.0,5.43,3.65,118.07,12.293612162419953,0,1,80.76,36.08,1.82,0.57,38.8,80.76,35.9,1.87,0.56,29.02,90.74,30.0,288.12,0.18,140.26,0.76,0.0,1
70.44,6.44,7.82,1.29,288.47,31.098208951642214,1,70.62,7.66,2.6,4.14,331.57,70.9,7.63,2.99,4.0,333.62,75.58,16.36,5.01,5.03,109.84,20.393768656136118,1,79.45,15.93,0.79,1.01,33.32,79.46,16.01,0.88,1.13,37.13,74.99,29.43,5.97,2.51,147.41,15.769946100098128,1,0,75.27,31.75,0.6,1.64,124.51,75.23,31.76,0.45,1.88,114.95,79.85,35.59,4.61,4.82,114.27,12.254386969571353,0,1,80.76,35.71,1.86,0.68,20.62,80.77,35.52,1.89,0.68,10.31,90.75,29.99,290.2,0.19,148.49,0.42,0.0,1
69.67,6.32,7.72,1.57,291.12,31.681049540695458,1,70.41,7.74,2.26,4.46,337.15,70.22,7.86,2.14,4.28,338.07,75.52,15.85,5.16,4.23,102.34,20.768420739189587,1,79.45,15.85,0.67,1.02,28.01,79.45,15.8,0.5,1.12,28.01,74.76,28.89,5.83,2.3,151.25,16.02643129333539,1,0,75.27,31.75,0.6,1.64,124.51,75.23,31.76,0.45,1.88,114.95,79.69,35.2,4.01,5.1,111.79,12.23423475334686,0,1,79.0,34.57,1.22,1.16,79.78,79.09,34.48,1.3,0.88,79.0,90.75,29.97,287.98,0.23,181.11,0.48,0.0,1
68.91,6.21,7.62,1.71,295.39,32.2505581347052,1,70.22,7.86,2.14,4.28,338.07,70.05,8.01,2.2,3.98,335.73,75.49,15.33,5.25,3.36,97.16,21.12627984288763,1,79.45,15.75,0.4,1.01,28.01,79.45,15.8,0.5,1.12,28.01,74.55,28.36,5.59,2.35,159.63,16.276867020406602,1,0,77.64,27.65,1.77,2.54,289.2,77.68,27.46,2.04,2.67,296.43,79.54,34.88,3.44,5.2,107.29,12.250212243059297,0,1,79.09,34.48,1.3,0.88,79.0,79.0,34.57,1.22,1.16,79.78,90.75,29.94,287.98,0.31,198.41,0.78,0.0,1
68.17,6.1,7.45,1.95,299.35,32.800452740777835,1,70.05,8.01,2.2,3.98,335.73,70.22,7.86,2.14,4.28,338.07,75.49,14.81,5.25,2.58,93.68,21.453848139669496,1,79.45,15.75,0.4,1.01,28.01,79.46,15.72,0.33,0.88,25.78,74.36,27.84,5.32,2.63,166.0,16.500357571883107,1,0,77.64,27.65,1.77,2.54,289.2,77.68,27.46,2.04,2.67,296.43,79.41,34.61,2.83,5.17,108.46,12.256932732131649,0,1,79.09,34.48,1.3,0.88,79.0,79.16,34.37,1.35,0.72,77.03,90.73,29.91,286.37,0.4,214.21,0.95,0.0,1
67.44,6.0,7.27,2.14,305.6,33.33589656811408,1,70.05,8.01,2.2,3.98,335.73,69.91,8.19,2.31,3.72,341.66,75.52,14.29,5.19,2.05,89.92,21.759607073658298,1,79.32,13.0,2.39,1.13,76.88,79.4,13.23,2.48,1.05,87.37,74.19,27.36,4.99,2.99,173.65,16.701212530831413,1,0,77.64,27.65,1.77,2.54,289.2,77.68,27.46,2.04,2.67,296.43,79.31,34.4,2.19,5.28,104.58,12.254080952890755,0,1,79.16,34.37,1.35,0.72,77.03,79.23,34.25,1.38,0.53,71.46,90.7,29.88,284.34,0.52,225.18,1.09,0.0,1
66.73,5.91,7.04,2.35,311.31,33.84920235396987,1,69.91,8.19,2.31,3.72,341.66,70.05,8.01,2.2,3.98,335.73,75.55,13.79,5.02,1.81,84.98,22.050752821615866,1,79.17,12.56,2.19,1.16,59.46,79.1,12.36,2.09,1.1,56.2,74.03,26.91,4.56,3.49,183.49,16.887880269589783,1,0,76.45,24.5,1.58,0.21,218.5,76.34,24.39,1.58,0.17,215.81,79.23,34.23,1.65,4.96,96.79,12.240477931845627,0,1,79.23,34.25,1.38,0.53,71.46,79.28,34.13,1.37,0.37,55.42,90.66,29.85,284.34,0.61,237.2,1.16,0.0,1
66.04,5.83,6.84,2.4,315.1,34.31825898847434,1,69.91,8.19,2.31,3.72,341.66,69.8,8.4,2.46,3.19,345.87,75.6,13.31,4.8,2.04,80.08,22.292377621061426,1,78.79,11.68,1.65,1.13,44.24,78.87,11.83,1.77,1.11,48.43,73.88,26.5,4.1,3.89,201.7,17.034676398452664,1,0,76.12,24.16,1.56,0.22,211.97,76.23,24.27,1.58,0.17,214.12,79.18,34.09,1.19,4.5,91.66,12.186324302266042,0,1,79.28,34.13,1.37,0.37,55.42,79.23,34.25,1.38,0.53,71.46,90.59,29.81,285.06,0.78,244.37,1.32,0.0,1
65.37,5.75,6.58,2.61,319.31,34.77729862999713,1,69.91,8.19,2.31,3.72,341.66,69.8,8.4,2.46,3.19,345.87,75.65,12.85,4.54,2.36,77.72,22.526528804944626,1,78.46,11.06,1.24,0.65,21.72,78.65,11.4,1.45,1.03,34.71,73.75,26.14,3.65,4.09,214.96,17.150720101500116,1,0,72.99,23.21,0.33,0.96,112.38,72.96,23.21,0.36,1.12,116.27,79.16,33.99,0.83,3.85,91.66,12.10564331210862,0,1,79.33,34.0,1.37,0.34,47.11,79.28,34.13,1.37,0.37,55.42,90.51,29.78,285.06,0.96,250.94,1.42,0.0,1
64.73,5.68,6.31,2.71,322.24,35.203817974759495,1,69.8,8.4,2.46,3.19,345.87,69.91,8.19,2.31,3.72,341.66,75.7,12.42,4.23,2.63,75.98,22.738946765406705,1,78.4,10.95,1.16,0.63,18.98,78.29,10.76,1.05,0.53,16.0,73.63,25.82,3.15,4.18,228.89,17.236356923665745,1,0,72.99,23.21,0.33,0.96,112.38,72.96,23.21,0.36,1.12,116.27,79.16,33.92,0.62,3.23,95.1,11.994502907582289,0,1,79.33,34.0,1.37,0.34,47.11,79.38,33.87,1.4,0.39,42.42,90.41,29.76,285.06,1.11,256.2,1.38,0.0,1
64.12,5.61,6.0,2.92,327.31,35.59671052218168,1,69.8,8.4,2.46,3.19,345.87,69.91,8.19,2.31,3.72,341.66,75.75,12.01,3.92,2.8,72.78,22.92955516358745,1,78.14,10.51,0.9,0.48,13.63,78.24,10.68,1.01,0.49,14.96,73.52,25.56,2.64,4.22,242.38,17.28309289450243,1,0,72.99,23.21,0.33,0.96,112.38,72.96,23.21,0.36,1.12,116.27,79.19,33.87,0.52,2.73,98.23,11.843432779392982,0,1,79.38,33.87,1.4,0.39,42.42,79.33,34.0,1.37,0.34,47.11,90.29,29.74,280.45,1.23,261.42,1.31,0.0,1
63.54,5.55,5.65,3.15,334.49,35.95571303701263,1,69.8,8.4,2.46,3.19,345.87,69.7,8.64,2.63,2.72,350.07,75.8,11.64,3.59,2.97,70.59,23.08887177841308,1,78.01,10.3,0.77,0.47,13.15,77.97,10.23,0.72,0.49,13.15,73.42,25.35,2.14,4.28,258.88,17.30099708109333,1,0,72.99,23.21,0.33,0.96,112.38,72.96,23.21,0.36,1.12,116.27,79.23,33.85,0.5,2.2,99.96,11.684254362174759,0,1,79.38,33.87,1.4,0.39,42.42,79.33,34.0,1.37,0.34,47.11,90.16,29.72,277.69,1.37,264.79,1.26,0.0,1
63.0,5.5,5.26,3.37,339.02,36.28620674581458,1,69.8,8.4,2.46,3.19,345.87,69.7,8.64,2.63,2.72,350.07,75.85,11.3,3.28,2.9,68.63,23.23973536854497,1,77.97,10.23,0.72,0.49,13.15,77.94,10.17,0.69,0.48,13.15,73.32,25.18,1.71,4.06,272.74,17.306114526374778,1,0,72.99,23.21,0.33,0.96,112.38,72.96,23.21,0.36,1.12,116.27,79.27,33.84,0.54,1.74,99.96,11.512467155219165,0,1,79.38,33.87,1.4,0.39,42.42,79.33,34.0,1.37,0.34,47.11,90.02,29.72,276.03,1.48,268.16,1.12,0.0,1
62.5,5.47,4.83,3.61,342.58,36.55334731594358,1,69.8,8.4,2.46,3.19,345.87,69.7,8.64,2.63,2.72,350.07,75.91,10.99,3.05,2.63,65.53,23.346111025179333,1,77.91,10.11,0.67,0.48,14.14,77.94,10.17,0.69,0.48,13.15,73.23,25.07,1.26,3.9,286.86,17.265181725078943,1,0,72.99,23.21,0.33,0.96,112.38,72.96,23.21,0.36,1.12,116.27,79.33,33.85,0.62,1.31,100.54,11.314614443276449,0,1,79.38,33.87,1.4,0.39,42.42,79.33,34.0,1.37,0.34,47.11,89.86,29.71,273.01,1.59,268.1,0.85,0.0,1
62.05,5.44,4.38,3.75,347.07,36.79069719372005,1,69.7,8.64,2.63,2.72,350.07,69.8,8.4,2.46,3.19,345.87,75.97,10.7,2.78,2.58,66.49,23.449797440489764,1,76.37,8.82,2.53,2.58,1.5,76.11,8.77,2.75,2.14,359.69,73.16,25.0,0.88,3.65,296.92,17.19754924400568,1,0,72.99,23.21,0.33,0.96,112.38,72.96,23.21,0.36,1.12,116.27,79.39,33.87,0.7,1.02,107.12,11.11763014315551,0,1,79.38,33.87,1.4,0.39,42.42,79.42,33.73,1.45,0.41,35.37,89.7,29.71,270.74,1.66,268.68,0.6,0.0,1
61.64,5.43,3.87,4.13,355.23,36.97140787148901,1,69.7,8.64,2.63,2.72,350.07,69.8,8.4,2.46,3.19,345.87,76.03,10.45,2.53,2.48,66.49,23.511965039102964,1,76.37,8.82,2.53,2.58,1.5,76.11,8.77,2.75,2.14,359.69,73.1,24.96,0.58,3.44,307.91,17.10007309925897,1,0,72.99,23.21,0.33,0.96,112.38,72.96,23.21,0.36,1.12,116.27,79.44,33.88,0.64,0.56,107.12,10.921561243705046,0,1,79.38,33.87,1.4,0.39,42.42,79.42,33.73,1.45,0.41,35.37,89.53,29.7,268.87,1.72,266.44,0.45,0.0,1
61.29,5.43,3.35,4.4,358.5,37.100842308497526,1,69.7,8.64,2.63,2.72,350.07,69.8,8.4,2.46,3.19,345.87,76.11,10.22,2.32,2.36,66.49,23.55086834917133,1,76.37,8.82,2.53,2.58,1.5,76.61,8.86,2.21,2.61,6.26,73.05,24.97,0.51,3.15,316.94,16.979237320916393,1,0,72.99,23.21,0.33,0.96,112.38,72.96,23.21,0.36,1.12,116.27,79.5,33.91,0.66,0.41,107.12,10.725110722039188,0,1,79.38,33.87,1.4,0.39,42.42,79.33,34.0,1.37,0.34,47.11,89.36,29.69,268.87,1.75,265.92,0.34,0.0,1
60.98,5.44,2.85,4.38,4.11,37.193839543666364,1,69.7,8.64,2.63,2.72,350.07,69.8,8.4,2.46,3.19,345.87,76.2,10.02,2.15,2.38,66.49,23.563864284110956,1,76.37,8.82,2.53,2.58,1.5,76.61,8.86,2.21,2.61,6.26,73.01,25.02,0.64,2.89,326.12,16.83769580435517,1,0,72.99,23.21,0.33,0.96,112.38,72.96,23.21,0.36,1.12,116.27,79.51,33.92,0.42,0.58,100.01,10.567875850898318,0,1,79.38,33.87,1.4,0.39,42.42,79.33,34.0,1.37,0.34,47.11,89.19,29.68,268.87,1.73,265.47,0.29,0.0,1
