x_0,y_0,vel_0,accel_0,orientation_0,dist_qb_0,receiver_type_0_WR,receiver_type_0_TE,receiver_type_0_QB,receiver_type_0_RB,receiver_type_0_FB,route_ran_0_ANGLE,route_ran_0_CORNER,route_ran_0_CROSS,route_ran_0_FLAT,route_ran_0_GO,route_ran_0_HITCH,route_ran_0_IN,route_ran_0_OUT,route_ran_0_POST,route_ran_0_SCREEN,route_ran_0_SLANT,route_ran_0_WHEEL,defensor_x_0_0,defensor_y_0_0,defensor_vel_0_0,defensor_accel_0_0,defensor_orientation_0_0,defensor_x_0_1,defensor_y_0_1,defensor_vel_0_1,defensor_accel_0_1,defensor_orientation_0_1,x_1,y_1,vel_1,accel_1,orientation_1,dist_qb_1,receiver_type_1_WR,receiver_type_1_TE,receiver_type_1_QB,receiver_type_1_RB,receiver_type_1_FB,route_ran_1_ANGLE,route_ran_1_CORNER,route_ran_1_CROSS,route_ran_1_FLAT,route_ran_1_GO,route_ran_1_HITCH,route_ran_1_IN,route_ran_1_OUT,route_ran_1_POST,route_ran_1_SCREEN,route_ran_1_SLANT,route_ran_1_WHEEL,defensor_x_1_0,defensor_y_1_0,defensor_vel_1_0,defensor_accel_1_0,defensor_orientation_1_0,defensor_x_1_1,defensor_y_1_1,defensor_vel_1_1,defensor_accel_1_1,defensor_orientation_1_1,x_2,y_2,vel_2,accel_2,orientation_2,dist_qb_2,receiver_type_2_WR,receiver_type_2_TE,receiver_type_2_QB,receiver_type_2_RB,receiver_type_2_FB,route_ran_2_ANGLE,route_ran_2_CORNER,route_ran_2_CROSS,route_ran_2_FLAT,route_ran_2_GO,route_ran_2_HITCH,route_ran_2_IN,route_ran_2_OUT,route_ran_2_POST,route_ran_2_SCREEN,route_ran_2_SLANT,route_ran_2_WHEEL,defensor_x_2_0,defensor_y_2_0,defensor_vel_2_0,defensor_accel_2_0,defensor_orientation_2_0,defensor_x_2_1,defensor_y_2_1,defensor_vel_2_1,defensor_accel_2_1,defensor_orientation_2_1,x_3,y_3,vel_3,accel_3,orientation_3,dist_qb_3,receiver_type_3_WR,receiver_type_3_TE,receiver_type_3_QB,receiver_type_3_RB,receiver_type_3_FB,route_ran_3_ANGLE,route_ran_3_CORNER,route_ran_3_CROSS,route_ran_3_FLAT,route_ran_3_GO,route_ran_3_HITCH,route_ran_3_IN,route_ran_3_OUT,route_ran_3_POST,route_ran_3_SCREEN,route_ran_3_SLANT,route_ran_3_WHEEL,defensor_x_3_0,defensor_y_3_0,defensor_vel_3_0,defensor_accel_3_0,defensor_orientation_3_0,defensor_x_3_1,defensor_y_3_1,defensor_vel_3_1,defensor_accel_3_1,defensor_orientation_3_1,x_4,y_4,vel_4,accel_4,orientation_4,dist_qb_4,receiver_type_4_WR,receiver_type_4_TE,receiver_type_4_QB,receiver_type_4_RB,receiver_type_4_FB,route_ran_4_ANGLE,route_ran_4_CORNER,route_ran_4_CROSS,route_ran_4_FLAT,route_ran_4_GO,route_ran_4_HITCH,route_ran_4_IN,route_ran_4_OUT,route_ran_4_POST,route_ran_4_SCREEN,route_ran_4_SLANT,route_ran_4_WHEEL,defensor_x_4_0,defensor_y_4_0,defensor_vel_4_0,defensor_accel_4_0,defensor_orientation_4_0,defensor_x_4_1,defensor_y_4_1,defensor_vel_4_1,defensor_accel_4_1,defensor_orientation_4_1,qb_x,qb_y,qb_orientation,qb_speed,qb_direction,qb_accel,amount_of_players_causing_pressure_on_qb,result
0.37320735616669476,0.27606951871657753,0.03228962818003913,0.11330049261083741,0.2339018834379687,0.20293463037290305,1,0,0,0,0,0,0,0,0,1,0,0,0,0,0,0,0,0.39536286847095325,0.22735590118938692,0.005988023952095809,0.0034217279726261765,0.7859147103764411,0.3945848064154522,0.22585096596136145,0.0039447731755424065,0.02286401925391095,0.7906770008611829,0.34350377200335286,0.43694955964771814,0.006862745098039216,0.014634146341463414,0.2248520710059171,0.03763122866842443,0,0,0,1,0,0,0,0,1,0,0,0,0,0,0,0,0,0.3460210526315789,0.42261296258433845,0.34247967479674796,0.2683246073298429,0.13648235621005833,0.34795444959932514,0.4249999999999998,0.34153846153846157,0.21670428893905191,0.12808046008946183,0.37299790356394125,0.5080082135523614,0.027424094025465227,0.09011264080100126,0.2382222222222222,0.0899918970133988,0,1,0,0,0,0,0,0,0,1,0,0,0,0,0,0,0,0.37074250681198917,0.4794742163801819,0.3899497487437186,0.07547169811320754,0.6023001916826402,0.3680945096039435,0.48310742464090634,0.39597989949748746,0.10344827586206896,0.5953214424626326,0.37517665641366693,0.6372176246924625,0.015488867376573089,0.06319702602230483,0.3543368339167639,0.2256281792151977,1,0,0,0,0,0,1,0,0,0,0,0,0,0,0,0,0,0.4195411922304085,0.6247115586322634,0.15084915084915085,0.2349246231155779,0.7309284940110607,0.42089377043682397,0.6297836938435939,0.13649851632047477,0.2759067357512953,0.7211925866236907,0.37832138338253907,0.7526992287917736,0.022155085599194362,0.07975460122699386,0.24097758994606028,0.36095455979661883,1,0,0,0,0,0,0,0,0,0,0,1,0,0,0,0,0,0.43719662777825086,0.7275160599571735,0.054922279792746116,0.050913838120104436,0.7220199549762375,0.43815531497741034,0.7325757575757575,0.05416666666666667,0.055,0.7185728576192063,0.34536441120194816,0.4388748647673999,0.29060042788474894,0.030668127053669218,0.7601978437256863,0.1135303265940902,2.0,1
0.37362915471570773,0.2762923351158645,0.060665362035225046,0.1798029556650246,0.23034613034057447,0.20315173708079032,1,0,0,0,0,0,0,0,0,1,0,0,0,0,0,0,0,0.39536286847095325,0.22735590118938692,0.005988023952095809,0.0034217279726261765,0.7859147103764411,0.3945848064154522,0.22585096596136145,0.0039447731755424065,0.02286401925391095,0.7906770008611829,0.343419949706622,0.43694955964771814,0.00588235294117647,0.004878048780487804,0.23393616134677894,0.03762004291691927,0,0,0,1,0,0,0,0,1,0,0,0,0,0,0,0,0,0.3460210526315789,0.42261296258433845,0.34247967479674796,0.2683246073298429,0.13648235621005833,0.34795444959932514,0.4249999999999998,0.34153846153846157,0.21670428893905191,0.12808046008946183,0.3735010482180293,0.5082135523613963,0.06562193927522036,0.22277847309136423,0.23486111111111113,0.09098878395478656,0,1,0,0,0,0,0,0,0,1,0,0,0,0,0,0,0,0.37074250681198917,0.4794742163801819,0.3899497487437186,0.07547169811320754,0.6023001916826402,0.3680945096039435,0.48310742464090634,0.39597989949748746,0.10344827586206896,0.5953214424626326,0.3755091861335107,0.6367702974726012,0.04356243949661181,0.14374225526641882,0.36536644996388284,0.22562017307121485,1,0,0,0,0,0,1,0,0,0,0,0,0,0,0,0,0,0.4195411922304085,0.6247115586322634,0.15084915084915085,0.2349246231155779,0.7309284940110607,0.42089377043682397,0.6297836938435939,0.13649851632047477,0.2759067357512953,0.7211925866236907,0.37865879375790806,0.7524421593830333,0.0473313192346425,0.17668711656441716,0.24097758994606028,0.3610422168434367,1,0,0,0,0,0,0,0,0,0,0,1,0,0,0,0,0,0.43719662777825086,0.7275160599571735,0.054922279792746116,0.050913838120104436,0.7220199549762375,0.43815531497741034,0.7325757575757575,0.05416666666666667,0.055,0.7185728576192063,0.3450165246129761,0.4388748647673999,0.29718540746297684,0.04271631982475356,0.752806491052573,0.1259720062208398,2.0,1
0.37438839210393116,0.2762923351158645,0.09393346379647749,0.23275862068965514,0.23034613034057447,0.20371233828217156,1,0,0,0,0,0,0,0,0,1,0,0,0,0,0,0,0,0.39536286847095325,0.22735590118938692,0.005988023952095809,0.0034217279726261765,0.7859147103764411,0.3945848064154522,0.22585096596136145,0.0039447731755424065,0.02286401925391095,0.7906770008611829,0.343419949706622,0.43674939951961556,0.00588235294117647,0.004878048780487804,0.23646414979026026,0.03774810729406154,0,0,0,1,0,0,0,0,1,0,0,0,0,0,0,0,0,0.3460210526315789,0.42261296258433845,0.34247967479674796,0.2683246073298429,0.13648235621005833,0.34795444959932514,0.4249999999999998,0.34153846153846157,0.21670428893905191,0.12808046008946183,0.3742557651991614,0.5084188911704313,0.10186092066601371,0.330413016270338,0.24227777777777784,0.09236000310534069,0,1,0,0,0,0,0,0,0,1,0,0,0,0,0,0,0,0.37074250681198917,0.4794742163801819,0.3899497487437186,0.07547169811320754,0.6023001916826402,0.3680945096039435,0.48310742464090634,0.39597989949748746,0.10344827586206896,0.5953214424626326,0.3760911131432372,0.6360993066428091,0.06873184898354308,0.19330855018587362,0.37570150580652334,0.2256236303046043,1,0,0,0,0,0,1,0,0,0,0,0,0,0,0,0,0,0.4195411922304085,0.6247115586322634,0.15084915084915085,0.2349246231155779,0.7309284940110607,0.42089377043682397,0.6297836938435939,0.13649851632047477,0.2759067357512953,0.7211925866236907,0.37924926191480396,0.7521850899742928,0.08257804632426989,0.2638036809815951,0.24434187844074964,0.36126537171030104,1,0,0,0,0,0,0,0,0,0,0,1,0,0,0,0,0,0.43719662777825086,0.7275160599571735,0.054922279792746116,0.050913838120104436,0.7220199549762375,0.43815531497741034,0.7325757575757575,0.05416666666666667,0.055,0.7185728576192063,0.34458166637676113,0.4388748647673999,0.3116334639215359,0.06462212486308871,0.7600311214849393,0.17573872472783822,2.0,1
0.37556942804116755,0.27651515151515144,0.14090019569471623,0.3177339901477832,0.22009556086449247,0.20458536907958916,1,0,0,0,0,0,0,0,0,1,0,0,0,0,0,0,0,0.39536286847095325,0.22735590118938692,0.005988023952095809,0.0034217279726261765,0.7859147103764411,0.3945848064154522,0.22585096596136145,0.0039447731755424065,0.02286401925391095,0.7906770008611829,0.34325230511316,0.43614891913530823,0.023529411764705882,0.06707317073170731,0.24924299247159487,0.03829883740196949,0,0,0,1,0,0,0,0,1,0,0,0,0,0,0,0,0,0.3460210526315789,0.42261296258433845,0.34247967479674796,0.2683246073298429,0.13648235621005833,0.34795444959932514,0.4249999999999998,0.34153846153846157,0.21670428893905191,0.12808046008946183,0.37534591194968553,0.5084188911704313,0.13809990205680703,0.3516896120150188,0.2304444444444444,0.09407079701240009,0,1,0,0,0,0,0,0,0,1,0,0,0,0,0,0,0,0.37074250681198917,0.4794742163801819,0.3899497487437186,0.07547169811320754,0.6023001916826402,0.37455379908210096,0.4778474610560388,0.37085427135678395,0.04042806183115339,0.6235483691726399,0.3769224374428465,0.6347573249832251,0.1132623426911907,0.33705080545229243,0.3698394176807246,0.22522114355928055,1,0,0,0,0,0,1,0,0,0,0,0,0,0,0,0,0,0.4195411922304085,0.6247115586322634,0.15084915084915085,0.2349246231155779,0.7309284940110607,0.42089377043682397,0.6297836938435939,0.13649851632047477,0.2759067357512953,0.7211925866236907,0.3801771404470688,0.7519280205655525,0.1309164149043303,0.3570552147239264,0.22615803814713895,0.3615389015741759,1,0,0,0,0,0,0,0,0,0,0,1,0,0,0,0,0,0.43719662777825086,0.7275160599571735,0.054922279792746116,0.050913838120104436,0.7220199549762375,0.43815531497741034,0.7325757575757575,0.05416666666666667,0.055,0.7185728576192063,0.3439728648460602,0.43905517490082946,0.31685699202578416,0.07995618838992333,0.7683116594420363,0.18662519440124414,2.0,1
0.37708790281761434,0.2767379679144384,0.19275929549902152,0.40886699507389157,0.2359575531973998,0.20571901889998098,1,0,0,0,0,0,0,0,0,1,0,0,0,0,0,0,0,0.39536286847095325,0.22735590118938692,0.005988023952095809,0.0034217279726261765,0.7859147103764411,0.3945848064154522,0.22585096596136145,0.0039447731755424065,0.02286401925391095,0.7906770008611829,0.3430846605196982,0.43514811849479573,0.04705882352941176,0.12439024390243901,0.26060505042086834,0.03913943871462855,0,0,0,1,0,0,0,0,1,0,0,0,0,0,0,0,0,0.3460210526315789,0.42261296258433845,0.34247967479674796,0.2683246073298429,0.13648235621005833,0.34795444959932514,0.4249999999999998,0.34153846153846157,0.21670428893905191,0.12808046008946183,0.3770230607966457,0.5086242299794661,0.2047012732615083,0.4655819774718399,0.2529722222222222,0.09675092492784969,0,1,0,0,0,0,0,0,0,1,0,0,0,0,0,0,0,0.37074250681198917,0.4794742163801819,0.3899497487437186,0.07547169811320754,0.6023001916826402,0.37455379908210096,0.4778474610560388,0.37085427135678395,0.04042806183115339,0.6235483691726399,0.3780862914622994,0.6331916797137105,0.1606969990319458,0.3952912019826518,0.3698394176807246,0.22492857090361687,1,0,0,0,0,0,1,0,0,0,0,0,0,0,0,0,0,0.4195411922304085,0.6247115586322634,0.15084915084915085,0.2349246231155779,0.7309284940110607,0.42064224029512864,0.6239600665557403,0.1414441147378833,0.16968911917098448,0.7406151879741033,0.38152678194854495,0.7514138817480719,0.1772406847935549,0.4098159509202454,0.2232942223210811,0.3618883312160092,1,0,0,0,0,0,0,0,0,0,0,1,0,0,0,0,0,0.43719662777825086,0.7275160599571735,0.054922279792746116,0.050913838120104436,0.7220199549762375,0.43815531497741034,0.7325757575757575,0.05416666666666667,0.055,0.7185728576192063,0.3432770916681162,0.43923548503425897,0.3201633741768775,0.0985761226725082,0.7726186506613316,0.19440124416796264,2.0,1
0.3791125358528767,0.2771836007130124,0.24559686888454008,0.4470443349753694,0.23337407633757423,0.20715680327950792,1,0,0,0,0,0,0,0,0,1,0,0,0,0,0,0,0,0.39536286847095325,0.22735590118938692,0.005988023952095809,0.0034217279726261765,0.7859147103764411,0.3945848064154522,0.22585096596136145,0.0039447731755424065,0.02286401925391095,0.7906770008611829,0.34274937133277444,0.4333466773418735,0.08333333333333333,0.19999999999999996,0.26743895324610373,0.040542311277683506,0,0,0,1,0,0,0,0,1,0,0,0,0,0,0,0,0,0.3460210526315789,0.42261296258433845,0.34247967479674796,0.2683246073298429,0.13648235621005833,0.343061999156474,0.4168699186991869,0.3507692307692308,0.24153498871331833,0.15208512766371235,0.3791194968553459,0.508829568788501,0.2664054848188051,0.525657071339174,0.24408333333333335,0.10026473943241176,0,1,0,0,0,0,0,0,0,1,0,0,0,0,0,0,0,0.3739782016348774,0.47664307381193116,0.37085427135678395,0.04276729559748428,0.6235241825707698,0.37752847186809446,0.47501517297187934,0.3577889447236181,0.07847800237812129,0.6335222537089515,0.3796658076315571,0.6309550436144038,0.21200387221684414,0.43494423791821557,0.355920431182975,0.22457261757311314,1,0,0,0,0,0,1,0,0,0,0,0,0,0,0,0,0,0.4195411922304085,0.6247115586322634,0.15084915084915085,0.2349246231155779,0.7309284940110607,0.42064224029512864,0.6239600665557403,0.1414441147378833,0.16968911917098448,0.7406151879741033,0.38329818641923236,0.7511568123393314,0.23564954682779454,0.47730061349693254,0.24623255296669083,0.3627124349364617,1,0,0,0,0,0,0,0,0,0,0,1,0,0,0,0,0,0.43719662777825086,0.7275160599571735,0.054922279792746116,0.050913838120104436,0.7220199549762375,0.43815531497741034,0.7325757575757575,0.05416666666666667,0.055,0.7185728576192063,0.34240737519568615,0.4394157951676884,0.32780417326553857,0.12267250821467687,0.7700344559297543,0.21617418351477447,2.0,1
0.38155896743715206,0.27740641711229935,0.2974559686888454,0.46305418719211816,0.23337407633757423,0.20922867746723608,1,0,0,0,0,0,0,0,0,1,0,0,0,0,0,0,0,0.39536286847095325,0.22735590118938692,0.005988023952095809,0.0034217279726261765,0.7859147103764411,0.3945848064154522,0.22585096596136145,0.0039447731755424065,0.02286401925391095,0.7906770008611829,0.3424140821458508,0.4313450760608486,0.10784313725490194,0.2195121951219512,0.27341167319498844,0.04212664314579729,0,0,0,1,0,0,0,0,1,0,0,0,0,0,0,0,0,0.3460210526315789,0.42261296258433845,0.34247967479674796,0.2683246073298429,0.13648235621005833,0.343061999156474,0.4168699186991869,0.3507692307692308,0.24153498871331833,0.15208512766371235,0.3817190775681342,0.5092402464065708,0.32027424094025464,0.5156445556946183,0.2508611111111111,0.10502445443852111,0,1,0,0,0,0,0,0,0,1,0,0,0,0,0,0,0,0.376958446866485,0.4738119312436804,0.3577889447236181,0.0830188679245283,0.6334972358807679,0.37455379908210096,0.4778474610560388,0.37085427135678395,0.04042806183115339,0.6235483691726399,0.38157785352065837,0.6282710802952358,0.25943852855759925,0.4324659231722428,0.3534477968550314,0.22439577083277348,1,0,0,0,0,0,1,0,0,0,0,0,0,0,0,0,0,0.4195411922304085,0.6247115586322634,0.15084915084915085,0.2349246231155779,0.7309284940110607,0.42064224029512864,0.6239600665557403,0.1414441147378833,0.16968911917098448,0.7406151879741033,0.3855757064529735,0.7506426735218508,0.28801611278952666,0.4723926380368098,0.2417839070232998,0.3638150723259867,1,0,0,0,0,0,0,0,0,0,0,1,0,0,0,0,0,0.43719662777825086,0.7275160599571735,0.054922279792746116,0.050913838120104436,0.7220199549762375,0.4383258034268178,0.73510101010101,0.04791666666666667,0.0725,0.7258252750916971,0.3412767437815272,0.439596105301118,0.36400766858381267,0.1500547645125958,0.7696732244081359,0.2519440124416796,2.0,1
0.38451155728024294,0.2778520499108734,0.36007827788649704,0.5135467980295567,0.2244013556308684,0.21188040604125685,1,0,0,0,0,0,0,0,0,1,0,0,0,0,0,0,0,0.39536286847095325,0.22735590118938692,0.005988023952095809,0.0034217279726261765,0.7859147103764411,0.3945848064154522,0.22585096596136145,0.0039447731755424065,0.02286401925391095,0.7906770008611829,0.342078792958927,0.42834267413931143,0.14901960784313725,0.28048780487804875,0.280523376948079,0.044585400803681334,0,0,0,1,0,0,0,0,1,0,0,0,0,0,0,0,0,0.34349473684210524,0.4187282764260886,0.3475609756097561,0.28010471204188486,0.15212559044178936,0.34559257697174184,0.420731707317073,0.34564102564102567,0.23137697516930023,0.1364431972883616,0.3847379454926625,0.5098562628336756,0.36826640548481876,0.47183979974968715,0.2508611111111111,0.11079480447666207,0,1,0,0,0,0,0,0,0,1,0,0,0,0,0,0,0,0.376958446866485,0.4738119312436804,0.3577889447236181,0.0830188679245283,0.6334972358807679,0.38041815400305967,0.4719805785959943,0.32562814070351764,0.12247324613555291,0.6378840917930766,0.38398869398952534,0.6253634533661372,0.3107454017424976,0.4448574969021065,0.35533700061121304,0.22455945487938425,1,0,0,0,0,0,1,0,0,0,0,0,0,0,0,0,0,0.4195411922304085,0.6247115586322634,0.15084915084915085,0.2349246231155779,0.7309284940110607,0.42064224029512864,0.6239600665557403,0.1414441147378833,0.16968911917098448,0.7406151879741033,0.3881906368620835,0.7506426735218508,0.3363544813695871,0.46134969325153374,0.23316465550797985,0.3654665026965827,1,0,0,0,0,0,0,0,0,0,0,1,0,0,0,0,0,0.43719662777825086,0.7275160599571735,0.054922279792746116,0.050913838120104436,0.7220199549762375,0.4383258034268178,0.73510101010101,0.04791666666666667,0.0725,0.7258252750916971,0.3399721690728822,0.43995672556797694,0.3773721208079798,0.17196056955093098,0.7694509280871401,0.2503888024883359,2.0,1
0.38788594567234697,0.27829768270944727,0.41487279843444225,0.5332512315270935,0.23448524918051006,0.21513987225237274,1,0,0,0,0,0,0,0,0,1,0,0,0,0,0,0,0,0.39536286847095325,0.22735590118938692,0.005988023952095809,0.0034217279726261765,0.7859147103764411,0.3945848064154522,0.22585096596136145,0.0039447731755424065,0.02286401925391095,0.7906770008611829,0.34165968147527237,0.4249399519615692,0.18627450980392155,0.3963414634146341,0.2941634025057643,0.04736840978564798,0,0,0,1,0,0,0,0,1,0,0,0,0,0,0,0,0,0.34349473684210524,0.4187282764260886,0.3475609756097561,0.28010471204188486,0.15212559044178936,0.34053142134120623,0.4134146341463413,0.3569230769230769,0.2595936794582393,0.16000333398160757,0.3883438155136268,0.5106776180698152,0.42899118511263473,0.47434292866082606,0.26475,0.11798318914033587,0,1,0,0,0,0,0,0,0,1,0,0,0,0,0,0,0,0.37985354223433243,0.4707785642062689,0.32562814070351764,0.12955974842767295,0.6378587104480928,0.38305286418493967,0.4691482905118349,0.29849246231155785,0.18192627824019025,0.6417180641217981,0.38664893174827497,0.6222321628271079,0.3504356243949661,0.3965303593556382,0.345474245707618,0.22515824699323017,1,0,0,0,0,0,1,0,0,0,0,0,0,0,0,0,0,0.4195411922304085,0.6247115586322634,0.15084915084915085,0.2349246231155779,0.7309284940110607,0.42064224029512864,0.6239600665557403,0.1414441147378833,0.16968911917098448,0.7406151879741033,0.39122733024040485,0.7503856041131103,0.3867069486404834,0.4368098159509202,0.21753878663181903,0.3674494708860578,1,0,0,0,0,0,0,0,0,0,0,1,0,0,0,0,0,0.43719662777825086,0.7275160599571735,0.054922279792746116,0.050913838120104436,0.7220199549762375,0.4383258034268178,0.73510101010101,0.04791666666666667,0.0725,0.7258252750916971,0.3384936510697512,0.44031734583483595,0.38798588536022893,0.1949616648411829,0.7674224741580528,0.2426127527216174,2.0,1
0.39176649232326644,0.2789661319073083,0.4657534246575343,0.5012315270935961,0.23448524918051006,0.21902639004464114,1,0,0,0,0,0,0,0,0,1,0,0,0,0,0,0,0,0.39562144457852094,0.22735590118938692,0.01596806387225549,0.032506415739948676,0.790720933462981,0.3946710356126584,0.22585096596136145,0.005917159763313609,0.00842358604091456,0.7804261466233297,0.3412405699916177,0.4205364291433146,0.22941176470588237,0.40609756097560973,0.30977581465122084,0.05090493271586749,0,0,0,1,0,0,0,0,1,0,0,0,0,0,0,0,0,0.34349473684210524,0.4187282764260886,0.3475609756097561,0.28010471204188486,0.15212559044178936,0.34053142134120623,0.4134146341463413,0.3569230769230769,0.2595936794582393,0.16000333398160757,0.3922851153039832,0.5114989733059548,0.4838393731635651,0.49812265331664585,0.24747222222222215,0.12619192644846863,0,1,0,0,0,0,0,0,0,1,0,0,0,0,0,0,0,0.38487738419618533,0.4653185035389281,0.2542713567839196,0.21761006289308174,0.6604717059754979,0.38305286418493967,0.4691482905118349,0.29849246231155785,0.18192627824019025,0.6417180641217981,0.3898079640867903,0.6193245358980093,0.38528557599225555,0.3618339529120198,0.3120242262599322,0.22679621559651558,1,0,0,0,0,0,1,0,0,0,0,0,0,0,0,0,0,0.4195411922304085,0.6217747010698552,0.14285714285714285,0.16457286432160806,0.7405719367479088,0.42064224029512864,0.6268718801996671,0.1493570722057369,0.24222797927461143,0.7309733529689627,0.3946857865879376,0.75012853470437,0.42396777442094674,0.3717791411042945,0.21926263693488304,0.3700031369793023,1,0,0,0,0,0,0,0,0,0,0,1,0,0,0,0,0,0.43719662777825086,0.7275160599571735,0.054922279792746116,0.050913838120104436,0.7220199549762375,0.4383258034268178,0.73510101010101,0.04791666666666667,0.0725,0.7258252750916971,0.33684118977213423,0.4406779661016949,0.39790503181350895,0.21577217962760128,0.7696454373680115,0.21772939346811815,2.0,1
0.39598447781339635,0.2800802139037433,0.5136986301369862,0.45443349753694573,0.22962386799266626,0.2234364831890077,1,0,0,0,0,0,0,0,0,1,0,0,0,0,0,0,0,0.40199965523185666,0.2298719121683439,0.11277445109780439,0.05218135158254919,0.7517988609529102,0.40027593343105977,0.2279208831646734,0.10749506903353058,0.05054151624548736,0.7595077367558408,0.34065381391450117,0.41553242594075257,0.27647058823529413,0.4012195121951219,0.3182487429508014,0.05498840246298162,0,0,0,1,0,0,0,0,1,0,0,0,0,0,0,0,0,0.3409684210526316,0.4152525046002861,0.35365853658536583,0.3010471204188482,0.16004445679355378,0.343061999156474,0.4168699186991869,0.3507692307692308,0.24153498871331833,0.15208512766371235,0.3966457023060796,0.5125256673511294,0.5259549461312438,0.42678347934918653,0.2339444444444445,0.1354462983608289,0,1,0,0,0,0,0,0,0,1,0,0,0,0,0,0,0,0.3869209809264305,0.4630940343781596,0.21206030150753769,0.23018867924528302,0.6776398033169431,0.3854326024137345,0.46651830871940114,0.2542713567839196,0.20570749108204517,0.6604989720508974,0.39313326128522735,0.6168642361887721,0.4065827686350435,0.31102850061957865,0.2775462577096183,0.22921785160766764,1,0,0,0,0,0,1,0,0,0,0,0,0,0,0,0,0,0.4195411922304085,0.6217747010698552,0.14285714285714285,0.16457286432160806,0.7405719367479088,0.42064224029512864,0.6212562396006656,0.13748763600395647,0.15025906735751296,0.749951374030954,0.39831294812315476,0.75012853470437,0.44712990936555896,0.2638036809815951,0.21926263693488304,0.3729822331436785,1,0,0,0,0,0,0,0,0,0,0,1,0,0,0,0,0,0.43728178489312786,0.7285867237687366,0.04766839378238342,0.07571801566579633,0.7261888218782135,0.43841104765152167,0.736111111111111,0.042708333333333334,0.07125,0.7258252750916971,0.3351017568272742,0.4412188965019834,0.40551804617821124,0.23001095290251916,0.7684505946426587,0.17262830482115085,2.0,1
0.4006242618525392,0.28141711229946514,0.550880626223092,0.3903940886699507,0.22215123062392358,0.22838530245574734,1,0,0,0,0,0,0,0,0,1,0,0,0,0,0,0,0,0.40734356145492157,0.23673376029277218,0.12475049900199602,0.06244653550042772,0.720600083344909,0.407346727601966,0.2373505059797607,0.12228796844181458,0.10589651022864019,0.7120315581854044,0.3400670578373847,0.4093274619695756,0.3225490196078431,0.38414634146341464,0.3182487429508014,0.059788722380119196,0,0,0,1,0,0,0,0,1,0,0,0,0,0,0,0,0,0.3409684210526316,0.4152525046002861,0.35365853658536583,0.3010471204188482,0.16004445679355378,0.33774778574441167,0.41036585365853645,0.358974358974359,0.2878103837471783,0.16942183202289332,0.4014255765199161,0.5137577002053388,0.5700293829578844,0.37171464330413023,0.2339444444444445,0.14592397011532024,0,1,0,0,0,0,0,0,0,1,0,0,0,0,0,0,0,0.4258344686648502,0.5094034378159756,0.12361809045226131,0.03270440251572327,0.7972331027585632,0.4262281149073602,0.5081934048148897,0.12663316582914574,0.0380499405469679,0.8133855642607102,0.3967079557735473,0.6150749273093268,0.42594385285575986,0.31226765799256506,0.24167916875034726,0.23296866862841387,1,0,0,0,0,0,1,0,0,0,0,0,0,0,0,0,0,0.4195411922304085,0.6190476190476191,0.13886113886113885,0.1457286432160804,0.7499096795709086,0.42064224029512864,0.6239600665557403,0.1414441147378833,0.16968911917098448,0.7406151879741033,0.40219316743989886,0.7496143958868892,0.4642497482376637,0.17177914110429446,0.23722404493132407,0.37632443810246946,1,0,0,0,0,0,0,0,0,0,0,1,0,0,0,0,0,0.43736694200800486,0.7296573875802997,0.042487046632124346,0.07441253263707572,0.7261888218782135,0.4383258034268178,0.73510101010101,0.04791666666666667,0.0725,0.7258252750916971,0.33327535223517135,0.44157951676884244,0.4079908866105415,0.23877327491785322,0.7669778815160608,0.1181959564541213,2.0,1
0.4055171250210899,0.28319964349376114,0.5929549902152642,0.3842364532019704,0.21270626145896987,0.23379680617443216,1,0,0,0,0,0,0,0,0,1,0,0,0,0,0,0,0,0.41010170660231,0.24611161939615728,0.12974051896207586,0.07271171941830624,0.673037921933602,0.40872639475726474,0.24218031278748842,0.1252465483234714,0.09987966305655835,0.685918270967025,0.3393964794635373,0.40252201761409123,0.3607843137254902,0.3658536585365853,0.3182487429508014,0.06500491127125374,0,0,0,1,0,0,0,0,1,0,0,0,0,0,0,0,0,0.33818947368421054,0.412185647106931,0.3556910569105691,0.3337696335078534,0.1694637399277577,0.34053142134120623,0.4134146341463413,0.3569230769230769,0.2595936794582393,0.16000333398160757,0.4066247379454927,0.5149897330595483,0.6190009794319294,0.35043804755944935,0.26283333333333336,0.1574458463599245,0,1,0,0,0,0,0,0,0,1,0,0,0,0,0,0,0,0.4258344686648502,0.5094034378159756,0.12361809045226131,0.03270440251572327,0.7972331027585632,0.42648308686044534,0.5128464495245801,0.10753768844221107,0.06896551724137931,0.7801022392620993,0.4003657826918281,0.6137329456497427,0.4356243949661181,0.3680297397769517,0.21125743179418793,0.2376025557146864,1,0,0,0,0,0,1,0,0,0,0,0,0,0,0,0,0,0.4195411922304085,0.6190476190476191,0.13886113886113885,0.1457286432160804,0.7499096795709086,0.42064224029512864,0.6239600665557403,0.1414441147378833,0.16968911917098448,0.7406151879741033,0.4060733867566428,0.7491002570694085,0.4672708962739175,0.08588957055214723,0.2521826169159762,0.3800365957326225,1,0,0,0,0,0,0,0,0,0,0,1,0,0,0,0,0,0.43736694200800486,0.7296573875802997,0.042487046632124346,0.07441253263707572,0.7261888218782135,0.4383258034268178,0.73510101010101,0.04791666666666667,0.0725,0.7258252750916971,0.33136197599582534,0.4419401370357014,0.4113806229335111,0.24205914567360354,0.7660053351117038,0.05598755832037324,2.0,1
0.41074742702885103,0.285650623885918,0.6203522504892368,0.3485221674876847,0.2030668370465026,0.2396927492669793,1,0,0,0,0,0,0,0,0,1,0,0,0,0,0,0,0,0.4111360110325807,0.2516010978956999,0.13972055888223553,0.07527801539777589,0.6397555216002223,0.41070966629300676,0.2534498620055197,0.14891518737672582,0.09386281588447654,0.6131622079617746,0.33872590108968986,0.39471577261809443,0.4009803921568627,0.34512195121951217,0.3235269605800484,0.07092808184203497,0,0,0,1,0,0,0,0,1,0,0,0,0,0,0,0,0,0.33818947368421054,0.412185647106931,0.3556910569105691,0.3337696335078534,0.1694637399277577,0.3348797975537747,0.4079268292682926,0.3569230769230769,0.335214446952596,0.18245214347234184,0.41207547169811315,0.5166324435318275,0.6523016650342801,0.2991239048811014,0.26052777777777786,0.16988100081615917,0,1,0,0,0,0,0,0,0,1,0,0,0,0,0,0,0,0.42608991825613085,0.5136501516683517,0.09949748743718594,0.09685534591194969,0.7682862460760619,0.42648308686044534,0.5128464495245801,0.10753768844221107,0.06896551724137931,0.7801022392620993,0.4041898744700307,0.6130619548199507,0.44433688286544043,0.33085501858736055,0.20136689448241374,0.24333887655241287,1,0,0,0,0,0,1,0,0,0,0,0,0,0,0,0,0,0.4195411922304085,0.6190476190476191,0.13886113886113885,0.1457286432160804,0.7499096795709086,0.42064224029512864,0.6239600665557403,0.1414441147378833,0.16968911917098448,0.7406151879741033,0.40986925347954456,0.7478149100257069,0.4541792547834845,0.12515337423312883,0.2672524050492132,0.3835959185859128,1,0,0,0,0,0,0,0,0,0,0,1,0,0,0,0,0,0.43736694200800486,0.7296573875802997,0.042487046632124346,0.07441253263707572,0.7261888218782135,0.4383258034268178,0.73510101010101,0.04791666666666667,0.0725,0.7258252750916971,0.32936162810923636,0.4423007573025604,0.4113806229335111,0.2464403066812705,0.7648382794264755,0.021772939346811817,2.0,1
0.4160620887464147,0.28854723707664875,0.6477495107632094,0.32019704433497537,0.19362186788154906,0.2458104805305162,1,0,0,0,0,0,0,0,0,1,0,0,0,0,0,0,0,0.4119117393552836,0.25823421774931377,0.1536926147704591,0.0855431993156544,0.6037783025420198,0.41070966629300676,0.2534498620055197,0.14891518737672582,0.09386281588447654,0.6131622079617746,0.33797150041911145,0.3863090472377902,0.4362745098039215,0.30365853658536585,0.3214712337139206,0.07719341117207766,0,0,0,1,0,0,0,0,1,0,0,0,0,0,0,0,0,0.3353263157894737,0.4097321611122469,0.35365853658536583,0.38874345549738226,0.182495137538205,0.33774778574441167,0.41036585365853645,0.358974358974359,0.2878103837471783,0.16942183202289332,0.4177777777777778,0.5184804928131417,0.6767874632713026,0.22778473091364207,0.25150000000000006,0.18284009950922567,0,1,0,0,0,0,0,0,0,1,0,0,0,0,0,0,0,0.42626021798365127,0.5154701718907987,0.08341708542713568,0.1421383647798742,0.7535350168069561,0.4265680775114738,0.5148695124418369,0.09949748743718594,0.09155766944114149,0.7683224981941436,0.40818023110815527,0.6144039364795347,0.45788964181994185,0.449814126394052,0.19108740345613145,0.2507498845241779,1,0,0,0,0,0,1,0,0,0,0,0,0,0,0,0,0,0.4195411922304085,0.6190476190476191,0.13886113886113885,0.1457286432160804,0.7499096795709086,0.42064224029512864,0.6239600665557403,0.1414441147378833,0.16968911917098448,0.7406151879741033,0.41332770982707717,0.7457583547557838,0.42598187311178254,0.2539877300613497,0.2517655563587834,0.38663888246266415,1,0,0,0,0,0,0,0,0,0,0,1,0,0,0,0,0,0.43736694200800486,0.7296573875802997,0.042487046632124346,0.07441253263707572,0.7261888218782135,0.4383258034268178,0.73510101010101,0.04791666666666667,0.0725,0.7258252750916971,0.3274482518698904,0.4426613775694194,0.4080742407824177,0.23986856516977,0.7641158163832388,0.05132192846034214,2.0,1
0.42162982959338624,0.29233511586452754,0.6682974559686888,0.3152709359605911,0.18842713484082455,0.2521163874634141,1,0,0,0,0,0,0,0,0,1,0,0,0,0,0,0,0,0.4126874676779866,0.2653247941445563,0.17265469061876249,0.08468776732249786,0.5829142936518961,0.41148572906786235,0.2603495860165592,0.15976331360946747,0.12755716004813478,0.5924104786509986,0.33721709974853303,0.3769015212169735,0.4715686274509803,0.27073170731707313,0.30044170347528965,0.08409295089374377,0,0,0,1,0,0,0,0,1,0,0,0,0,0,0,0,0,0.3353263157894737,0.4097321611122469,0.35365853658536583,0.38874345549738226,0.182495137538205,0.33201180936313784,0.4060975609756096,0.3476923076923077,0.3803611738148985,0.20309504625899483,0.4237316561844863,0.5203285420944559,0.703232125367287,0.17897371714643304,0.24383333333333326,0.19622432029799583,0,1,0,0,0,0,0,0,0,1,0,0,0,0,0,0,0,0.42660081743869216,0.5183013144590495,0.06030150753768845,0.15974842767295597,0.723560296691391,0.42724800271970087,0.5203317823184301,0.043216080402010054,0.17479191438763375,0.7123687281213537,0.41217058774627985,0.6166405725788413,0.46660212971926424,0.4708798017348203,0.16597210646218816,0.25887591504752505,1,0,0,0,0,0,1,0,0,0,0,0,0,0,0,0,0,0.4195411922304085,0.6217747010698552,0.14285714285714285,0.16457286432160806,0.7405719367479088,0.42064224029512864,0.6212562396006656,0.13748763600395647,0.15025906735751296,0.749951374030954,0.4164487557992409,0.7426735218508995,0.3907351460221551,0.4049079754601227,0.2994494800645054,0.3889674227549433,1,0,0,0,0,0,0,0,0,0,0,1,0,0,0,0,0,0.43736694200800486,0.7296573875802997,0.042487046632124346,0.07441253263707572,0.7261888218782135,0.4383258034268178,0.73510101010101,0.04791666666666667,0.0725,0.7258252750916971,0.3256218472777875,0.4430219978362784,0.4080742407824177,0.22891566265060243,0.7595587418028231,0.10886469673405907,2.0,1
0.42728193015016025,0.29679144385026734,0.6956947162426614,0.3017241379310345,0.1805933662981276,0.25825758406221844,1,0,0,0,0,0,0,0,0,1,0,0,0,0,0,0,0,0.44518186519565595,0.2275846294602013,0.21357285429141717,0.1300256629597947,0.8665370190304208,0.44321807363973437,0.22263109475620965,0.19132149901380668,0.1756919374247894,0.8174292302136289,0.3365465213746856,0.3670936749399519,0.4931372549019607,0.21097560975609753,0.27935661305108755,0.09096074134153584,0,0,0,1,0,0,0,0,1,0,0,0,0,0,0,0,0,0.3324631578947368,0.4078920466162338,0.34451219512195125,0.4410994764397906,0.20313976104473463,0.3348797975537747,0.4079268292682926,0.3569230769230769,0.335214446952596,0.18245214347234184,0.429853249475891,0.5223819301848049,0.7267384916748286,0.165206508135169,0.25005555555555553,0.20991156334517944,0,1,0,0,0,0,0,0,0,1,0,0,0,0,0,0,0,0.43145435967302453,0.5249747219413549,0.04623115577889448,0.0025157232704402514,0.6835569630802566,0.431667516573177,0.5266032773619259,0.04522613065326633,0.034482758620689655,0.6708340278935377,0.41607781195444343,0.6199955267278013,0.47725072604065827,0.4708798017348203,0.1580263377229538,0.26779972533798924,1,0,0,0,0,0,1,0,0,0,0,0,0,0,0,0,0,0.4195411922304085,0.6247115586322634,0.15084915084915085,0.2349246231155779,0.7309284940110607,0.42064224029512864,0.6239600665557403,0.1414441147378833,0.16968911917098448,0.7406151879741033,0.4193167439898778,0.7388174807197943,0.36052366565961735,0.4957055214723926,0.3311738864483124,0.39098336286539837,1,0,0,0,0,0,0,0,0,0,0,1,0,0,0,0,0,0.43736694200800486,0.7296573875802997,0.042487046632124346,0.07441253263707572,0.7261888218782135,0.4383258034268178,0.73510101010101,0.04791666666666667,0.0725,0.7258252750916971,0.3239693859801704,0.4430219978362784,0.4199105331888528,0.20591456736035046,0.7511114816049794,0.20995334370139968,2.0,1
0.43310275012653965,0.30169340463458105,0.7113502935420744,0.24014778325123148,0.18584365798099883,0.26463812846629636,1,0,0,0,0,0,0,0,0,1,0,0,0,0,0,0,0,0.4480262023789002,0.23490393412625787,0.23652694610778446,0.07698887938408897,0.9416307820530629,0.4488229714581357,0.23689052437902483,0.23175542406311636,0.11552346570397111,0.9362169069644691,0.3358759430008382,0.35688550840672534,0.5088235294117646,0.15853658536585363,0.2530210850904241,0.09803223110595001,0,0,0,1,0,0,0,0,1,0,0,0,0,0,0,0,0,0.3324631578947368,0.4078920466162338,0.34451219512195125,0.4410994764397906,0.20313976104473463,0.3348797975537747,0.4079268292682926,0.3569230769230769,0.335214446952596,0.18245214347234184,0.4361425576519916,0.5248459958932239,0.7463271302644465,0.13391739674593242,0.25005555555555553,0.22379766215473887,0,1,0,0,0,0,0,0,0,1,0,0,0,0,0,0,0,0.4334979564032697,0.5215369059656217,0.040201005025125636,0.08427672955974844,0.7286440536711393,0.4337922828488866,0.5235686829860409,0.03718592964824121,0.09512485136741974,0.726454409068178,0.419985036162607,0.6244687989264145,0.49177153920619554,0.45353159851301117,0.14955270322831593,0.27728128183878714,1,0,0,0,0,0,1,0,0,0,0,0,0,0,0,0,0,0.41979236436704614,0.6276484161946716,0.13786213786213786,0.2675879396984924,0.7211460967679182,0.42064224029512864,0.6268718801996671,0.1493570722057369,0.24222797927461143,0.7309733529689627,0.4216786166174611,0.7339331619537273,0.3373615307150051,0.5570552147239264,0.3595340043374298,0.3919497872756979,1,0,0,0,0,0,0,0,0,0,0,1,0,0,0,0,0,0.43736694200800486,0.7296573875802997,0.042487046632124346,0.07441253263707572,0.7261888218782135,0.4383258034268178,0.73510101010101,0.04791666666666667,0.0725,0.7258252750916971,0.3224908679770395,0.4430219978362784,0.4199105331888528,0.17524644030668127,0.7482216294320329,0.2908242612752721,2.0,1
0.4390079298127214,0.30704099821746866,0.726027397260274,0.18719211822660095,0.19320517806544807,0.2711456636869874,1,0,0,0,0,0,0,0,0,1,0,0,0,0,0,0,0,0.451301499741424,0.2410795974382433,0.23253493013972057,0.18905047048759624,0.9987498263647729,0.4488229714581357,0.23689052437902483,0.23175542406311636,0.11552346570397111,0.9362169069644691,0.3352891869237216,0.3464771817453962,0.5186274509803921,0.11341463414634144,0.2312692724393699,0.10520807608004973,0,0,0,1,0,0,0,0,1,0,0,0,0,0,0,0,0,0.3324631578947368,0.4078920466162338,0.34451219512195125,0.4410994764397906,0.20313976104473463,0.32914382117250107,0.4054878048780486,0.3466666666666667,0.43453724604966143,0.20642902786652959,0.44251572327044025,0.5273100616016427,0.7561214495592556,0.07259073842302878,0.25997222222222216,0.23759833224265334,0,1,0,0,0,0,0,0,0,1,0,0,0,0,0,0,0,0.4504427792915532,0.5265925176946409,0.44120603015075377,0.04905660377358491,0.9660249465233214,0.4509603943566207,0.5367185919482096,0.4452261306532663,0.04994054696789536,0.9684114019003168,0.4239753928007316,0.6298367255647506,0.5062923523717328,0.4337050805452292,0.14582986053231095,0.2872490699062506,1,0,0,0,0,0,1,0,0,0,0,0,0,0,0,0,0,0.4217180174146014,0.6335221313194881,0.05194805194805195,0.11432160804020101,0.6751243642831337,0.4231575417120819,0.6349833610648917,0.06231454005934718,0.09326424870466321,0.6778182222345717,0.4237030788696753,0.7285347043701799,0.31822759315206445,0.6331288343558282,0.38052605238280607,0.39227417102164264,1,0,0,0,0,0,0,0,0,0,0,1,0,0,0,0,0,0.43719662777825086,0.7275160599571735,0.054922279792746116,0.050913838120104436,0.7220199549762375,0.4383258034268178,0.73510101010101,0.04791666666666667,0.0725,0.7258252750916971,0.3211862932683945,0.4430219978362784,0.42188324858992526,0.14676889375684557,0.7439979993331111,0.33748055987558323,2.0,1
0.444997469208706,0.3123885918003564,0.7377690802348336,0.07266009852216747,0.18956608700483357,0.27763501797319895,1,0,0,0,0,0,0,0,0,1,0,0,0,0,0,0,0,0.4531977245302535,0.24313815187557183,0.23353293413173654,0.24294268605645852,0.01969718016391172,0.45442786927653706,0.24264029438822446,0.23668639053254437,0.3898916967509025,0.035141817373670045,0.33478625314333615,0.3356685348278622,0.5274509803921568,0.10731707317073169,0.2084062560768952,0.11243137501602077,0,0,0,1,0,0,0,0,1,0,0,0,0,0,0,0,0,0.3324631578947368,0.4078920466162338,0.34451219512195125,0.4410994764397906,0.20313976104473463,0.32914382117250107,0.4054878048780486,0.3466666666666667,0.43453724604966143,0.20642902786652959,0.4489727463312369,0.5297741273100616,0.7678746327130265,0.028785982478097626,0.2632777777777777,0.25106525842249683,0,1,0,0,0,0,0,0,0,1,0,0,0,0,0,0,0,0.4504427792915532,0.5265925176946409,0.44120603015075377,0.04905660377358491,0.9660249465233214,0.4509603943566207,0.5367185919482096,0.4452261306532663,0.04994054696789536,0.9684114019003168,0.42779948457893424,0.6358756430328784,0.5227492739593417,0.4324659231722428,0.14582986053231095,0.29709111463607224,1,0,0,0,0,0,1,0,0,0,0,0,0,0,0,0,0,0.42389484259879434,0.6356198867212082,0.015984015984015984,0.1457286432160804,0.7011088569602313,0.42491825270394906,0.6378951747088185,0.028684470820969338,0.11528497409326426,0.7034371613548586,0.4253057781526782,0.7221079691516709,0.3071500503524673,0.6012269938650305,0.38052605238280607,0.39150622924210615,1,0,0,0,0,0,0,0,0,0,0,1,0,0,0,0,0,0.437111470663374,0.7259100642398286,0.0538860103626943,0.057441253263707574,0.7189349934687752,0.438240559202114,0.7340909090909091,0.05520833333333334,0.04875,0.7216572190730243,0.3202296051487215,0.44284168770284893,0.43430302019949407,0.10076670317634173,0.7372179615427364,0.4245723172628305,2.0,1
0.45115572802429565,0.3175133689839572,0.7436399217221135,0.09236453201970442,0.17500972276237567,0.2843419663015782,1,0,0,0,0,0,0,0,0,1,0,0,0,0,0,0,0,0.4573349422513361,0.24382433668801454,0.251497005988024,0.3105218135158255,0.03233782469787464,0.45442786927653706,0.24264029438822446,0.23668639053254437,0.3898916967509025,0.035141817373670045,0.3344509639564124,0.32506004803843064,0.5205882352941176,0.12073170731707315,0.1906547767869544,0.11947149540012694,0,0,0,1,0,0,0,0,1,0,0,0,0,0,0,0,0,0.3324631578947368,0.4078920466162338,0.34451219512195125,0.4410994764397906,0.20313976104473463,0.32914382117250107,0.4054878048780486,0.3466666666666667,0.43453724604966143,0.20642902786652959,0.45568134171907754,0.5320328542094456,0.7806072477962781,0.035043804755944936,0.2632777777777777,0.26436704212790507,0,1,0,0,0,0,0,0,0,1,0,0,0,0,0,0,0,0.4505279291553133,0.5354903943377147,0.4452261306532663,0.05283018867924528,0.9683584743173043,0.4508754037055924,0.5278171151122799,0.44120603015075377,0.046373365041617126,0.966077679613269,0.4317067087870978,0.6428092149407291,0.5411423039690223,0.34200743494423785,0.16072123131633054,0.30710398894706614,1,0,0,0,0,0,1,0,0,0,0,0,0,0,0,0,0,0.43134628265237773,0.6335221313194881,0.4115884115884116,0.5150753768844221,0.9734596892977239,0.4350633017523266,0.6418469217970049,0.4480712166172107,0.4365284974093265,0.00044458028842151267,0.42657106706031217,0.7156812339331619,0.29204431017119836,0.5079754601226993,0.376355446810877,0.3901096889135021,1,0,0,0,0,0,0,0,0,0,0,1,0,0,0,0,0,0.437111470663374,0.7245717344753746,0.058031088082901555,0.06788511749347259,0.7189349934687752,0.43815531497741034,0.7325757575757575,0.05416666666666667,0.055,0.7185728576192063,0.3196208036180205,0.4426613775694194,0.4239115334389153,0.051478641840087616,0.7286317661442703,0.5163297045101088,2.0,1
0.45731398683988533,0.32219251336898397,0.7455968688845401,0.18103448275862066,0.16917606533696308,0.29092181786396853,1,0,0,0,0,0,0,0,0,1,0,0,0,0,0,0,0,0.4595759351835891,0.242451967063129,0.2754491017964072,0.330196749358426,0.041339074871509895,0.4565835992066914,0.24241030358785637,0.2485207100591716,0.43682310469314073,0.03228046781676244,0.3341156747694886,0.3144515612489991,0.5137254901960783,0.1439024390243902,0.1773481123426953,0.12649635895975764,0,0,0,1,0,0,0,0,1,0,0,0,0,0,0,0,0,0.3324631578947368,0.4078920466162338,0.34451219512195125,0.4410994764397906,0.20313976104473463,0.32914382117250107,0.4054878048780486,0.3466666666666667,0.43453724604966143,0.20642902786652959,0.46247379454926624,0.5336755646817248,0.7962781586679726,0.13767209011264078,0.27744444444444444,0.27676306297243797,0,1,0,0,0,0,0,0,0,1,0,0,0,0,0,0,0,0.4505279291553133,0.5354903943377147,0.4452261306532663,0.05283018867924528,0.9683584743173043,0.4508754037055924,0.5278171151122799,0.44120603015075377,0.046373365041617126,0.966077679613269,0.4355308005653006,0.6501901140684408,0.5546950629235237,0.23543990086741015,0.18153025504250714,0.3164447579794273,1,0,0,0,0,0,1,0,0,0,0,0,0,0,0,0,0,0.4367046215673141,0.646737990350325,0.48251748251748255,0.3165829145728643,0.02701275602367791,0.4350633017523266,0.6418469217970049,0.4480712166172107,0.4365284974093265,0.00044458028842151267,0.4275832981864192,0.7092544987146528,0.2719033232628399,0.4049079754601227,0.3728521381304565,0.38780700277361807,1,0,0,0,0,0,0,0,0,0,0,1,0,0,0,0,0,0.43719662777825086,0.7213597430406852,0.06528497409326425,0.07832898172323759,0.7265223312303717,0.43841104765152167,0.7267676767676767,0.06979166666666667,0.07,0.7296598866288763,0.31953383197077756,0.4426613775694194,0.4186602206107081,0.01095290251916758,0.1923696787818161,0.609642301710731,2.0,1
0.46355660536527754,0.3262032085561497,0.7446183953033267,0.25369458128078815,0.1626757042057892,0.2975554064331724,1,0,0,0,0,0,0,0,0,1,0,0,0,0,0,0,0,0.461903120151698,0.239935956084172,0.30538922155688625,0.3601368691189051,0.0613140713988055,0.45882555833405186,0.24103035878564857,0.272189349112426,0.4645006016847172,0.041281217879267675,0.3338642078792959,0.3040432345876701,0.5029411764705882,0.17195121951219508,0.16623607522849132,0.13356167388773824,0,0,0,1,0,0,0,0,1,0,0,0,0,0,0,0,0,0.3324631578947368,0.4078920466162338,0.34451219512195125,0.4410994764397906,0.20313976104473463,0.32914382117250107,0.4054878048780486,0.3466666666666667,0.43453724604966143,0.20642902786652959,0.46935010482180295,0.5349075975359343,0.803134182174339,0.17647058823529413,0.2999444444444445,0.288259619287383,0,1,0,0,0,0,0,0,0,1,0,0,0,0,0,0,0,0.4770095367847412,0.508190091001011,0.10653266331658293,0.05157232704402515,0.6811678751007028,0.47654258031616525,0.5083957111066154,0.11155778894472364,0.04518430439952437,0.6893648941490248,0.439604289633386,0.6580183404160141,0.5837366892545982,0.16604708798017348,0.21645274212368731,0.3254449077884308,1,0,0,0,0,0,1,0,0,0,0,0,0,0,0,0,0,0.4396349631614199,0.6538703587161736,0.5034965034965035,0.21231155778894473,0.04160297918461502,0.43783013331097514,0.6487104825291179,0.47774480712166173,0.32642487046632124,0.027174970129761934,0.4283424715309996,0.7033419023136245,0.2457200402819738,0.3361963190184049,0.37641105488516935,0.38470056508614914,1,0,0,0,0,0,0,0,0,0,0,1,0,0,0,0,0,0.4375372562377587,0.7178800856531048,0.07357512953367876,0.06919060052219321,0.7380284038798255,0.4387520245503367,0.7232323232323232,0.07708333333333334,0.06875,0.7404134711570522,0.3199686902069925,0.4430219978362784,0.40865771998555195,0.07338444687842278,0.22135156163165495,0.645412130637636,2.0,1
0.469967943310275,0.32954545454545453,0.7446183953033267,0.33497536945812806,0.15723095727540423,0.30424043405223855,1,0,0,0,0,0,0,0,0,1,0,0,0,0,0,0,0,0.46431649715566287,0.23627630375114356,0.33532934131736525,0.32677502138579984,0.0613140713988055,0.4611537466586185,0.23850045998160074,0.30177514792899407,0.50661853188929,0.06125510459204944,0.33369656328583397,0.29383506805444354,0.4892156862745097,0.19390243902439022,0.15531849876378576,0.14044914548168694,0,0,0,1,0,0,0,0,1,0,0,0,0,0,0,0,0,0.3324631578947368,0.4078920466162338,0.34451219512195125,0.4410994764397906,0.20313976104473463,0.32914382117250107,0.4054878048780486,0.3466666666666667,0.43453724604966143,0.20642902786652959,0.4763941299790356,0.5359342915811088,0.8109696376101861,0.21151439299123906,0.3162777777777778,0.2993016743012736,0,1,0,0,0,0,0,0,0,1,0,0,0,0,0,0,0,0.48084128065395093,0.5128412537917086,0.09748743718592966,0.05283018867924528,0.6677500902853015,0.481981981981982,0.5146672061501112,0.09547738693467336,0.05707491082045184,0.6677779629938323,0.44376091113143235,0.6660702303735181,0.5943852855759922,0.08550185873605946,0.20759015391454136,0.33409977124525797,1,0,0,0,0,0,1,0,0,0,0,0,0,0,0,0,0,0.44281647689216336,0.6612125026221941,0.5104895104895105,0.1092964824120603,0.06075091015201626,0.4470529051731366,0.6699251247920133,0.5004945598417408,0.07901554404145078,0.07441162577454229,0.42884858709405316,0.6979434447300769,0.21450151057401812,0.30184049079754605,0.39592948896179725,0.3811342228256513,1,0,0,0,0,0,0,0,0,0,0,1,0,0,0,0,0,0.4379630418121434,0.7141327623126338,0.08082901554404145,0.07963446475195822,0.7407798560351297,0.4387520245503367,0.7232323232323232,0.07708333333333334,0.06875,0.7404134711570522,0.3208384066794224,0.4433826181031374,0.38609652413103274,0.13472070098576122,0.20965321773924642,0.640746500777605,2.0,1
0.47629492154546993,0.33177361853832443,0.7407045009784735,0.4199507389162561,0.15723095727540423,0.3109412450201304,1,0,0,0,0,0,0,0,0,1,0,0,0,0,0,0,0,0.4668160661954836,0.23170173833485821,0.3732534930139721,0.30795551753635586,0.053396305042367045,0.46356816418039154,0.23482060717571288,0.3313609467455621,0.4596871239470517,0.06125510459204944,0.3336127409891031,0.2840272217774219,0.472549019607843,0.23048780487804874,0.1378726004944856,0.14745305100076422,0,0,0,1,0,0,0,0,1,0,0,0,0,0,0,0,0,0.32960000000000006,0.4072786751175627,0.3434959349593496,0.5039267015706806,0.20647402056126696,0.33201180936313784,0.4060975609756096,0.3476923076923077,0.3803611738148985,0.20309504625899483,0.4834381551362683,0.5359342915811088,0.8227228207639569,0.2803504380475595,0.3521944444444445,0.3092673921415396,0,1,0,0,0,0,0,0,0,1,0,0,0,0,0,0,0,0.4885047683923706,0.5203235591506571,0.07236180904522613,0.04150943396226415,0.7122260188349029,0.4893761686214516,0.5221525389439612,0.06633165829145729,0.04399524375743163,0.7180919042062567,0.4480837974894006,0.6738984567210914,0.6079380445304936,0.07187112763320941,0.20428404734122343,0.3419373907190991,1,0,0,0,0,0,1,0,0,0,0,0,0,0,0,0,0,0.44583054253181503,0.6769456681350954,0.3066933066933067,0.1670854271356784,0.9790178695495094,0.4471367485537017,0.6722129783693843,0.31750741839762614,0.1645077720207254,0.9790213676401123,0.42927035006326447,0.6928020565552698,0.18932527693857,0.3079754601226994,0.39965522993938724,0.3767282208661441,1,0,0,0,0,0,0,0,0,0,0,1,0,0,0,0,0,0.438644298731159,0.710117773019272,0.09430051813471503,0.08224543080939947,0.737000083377338,0.4393487341232632,0.7196969696969697,0.08854166666666667,0.075,0.7366344337001222,0.32214298138806746,0.44428416877028487,0.35964546692228616,0.19167579408543262,0.20781927309103043,0.6236391912908241,2.0,1
0.48279061920026994,0.3328877005347593,0.7436399217221135,0.49753694581280783,0.151702872381799,0.31772456311337655,1,0,0,0,0,0,0,0,0,1,0,0,0,0,0,0,0,0.49163937252197903,0.3819762122598353,0.009980039920159682,0.06244653550042772,0.8005834143631061,0.4909890488919548,0.38132474701011965,0.008875739644970413,0.11070998796630566,0.804955968552935,0.33378038558256495,0.2744195356285027,0.4568627450980392,0.2548780487804878,0.12514931799872211,0.15435774140590486,0,0,0,1,0,0,0,0,1,0,0,0,0,0,0,0,0,0.32960000000000006,0.4072786751175627,0.3434959349593496,0.5039267015706806,0.20647402056126696,0.33201180936313784,0.4060975609756096,0.3476923076923077,0.3803611738148985,0.20309504625899483,0.49056603773584906,0.535523613963039,0.8285994123408423,0.2966207759699625,0.3681944444444445,0.3185997610362902,0,1,0,0,0,0,0,0,0,1,0,0,0,0,0,0,0,0.4957425068119891,0.5286147623862486,0.06733668341708543,0.027672955974842768,0.7009750812567713,0.4965153833078362,0.5310540157798906,0.06934673366834171,0.01902497027348395,0.6956715008056898,0.4526560811372517,0.6817266830686647,0.6156824782187802,0.10656753407682776,0.20025559815524818,0.34954226729971005,1,0,0,0,0,0,1,0,0,0,0,0,0,0,0,0,0,0.4522772940388479,0.6805118523180197,0.47052947052947053,0.25,0.045243587249534416,0.45023895363461053,0.6763727121464225,0.49159248269040556,0.13860103626943007,0.07441162577454229,0.42969211303247573,0.6884318766066836,0.162134944612286,0.3030674846625767,0.4042707001056553,0.37226350462966,1,0,0,0,0,0,0,0,0,0,0,1,0,0,0,0,0,0.43898492719066684,0.7077087794432547,0.10155440414507771,0.07441253263707572,0.7386954225841417,0.44045690904441226,0.713131313131313,0.10833333333333334,0.0675,0.7383294431477159,0.32388241433292747,0.4451857194374324,0.3382512294740351,0.23877327491785322,0.20234522618650663,0.5660964230171073,2.0,1
0.48920195714526743,0.33311051693404625,0.738747553816047,0.5049261083743842,0.14420245569198278,0.324647410996924,1,0,0,0,0,0,0,0,0,1,0,0,0,0,0,0,0,0.4917255645578349,0.3819762122598353,0.008982035928143712,0.07869974337040206,0.8050562578135854,0.4909028196947487,0.38132474701011965,0.009861932938856016,0.0878459687123947,0.8004833736144679,0.33394803017602676,0.26541232986389107,0.4333333333333333,0.28780487804878047,0.10989804705947716,0.16143079895654097,0,0,0,1,0,0,0,0,1,0,0,0,0,0,0,0,0,0.32960000000000006,0.4072786751175627,0.3434959349593496,0.5039267015706806,0.20647402056126696,0.33201180936313784,0.4060975609756096,0.3476923076923077,0.3803611738148985,0.20309504625899483,0.49777777777777776,0.5347022587268994,0.831537708129285,0.29411764705882354,0.3768333333333334,0.32742959127841087,0,1,0,0,0,0,0,0,0,1,0,0,0,0,0,0,0,0.498807901907357,0.5371081900910009,0.08442211055276382,0.013836477987421384,0.6785565463788649,0.4995750467448581,0.5393485737406433,0.08040201005025127,0.029726516052318668,0.681335778185253,0.45731149721506353,0.6893312458063071,0.6263310745401742,0.12391573729863692,0.1906706673334444,0.35633086296918426,1,0,0,0,0,0,1,0,0,0,0,0,0,0,0,0,0,0.45537508372404545,0.6859660163624922,0.4475524475524476,0.3203517587939698,0.031153600311258182,0.4595455688773371,0.6923876871880199,0.41246290801186947,0.4145077720207254,0.9921364861485454,0.43002952340784484,0.6845758354755783,0.1389728096676737,0.2846625766871166,0.4107212367235722,0.36714278386542526,1,0,0,0,0,0,0,0,0,0,0,1,0,0,0,0,0,0.4397513412245594,0.7026231263383298,0.11191709844559586,0.08093994778067885,0.7446152135849476,0.44122410706674625,0.7080808080808081,0.11875,0.07875,0.7442480826942314,0.32588276221951645,0.4468085106382979,0.2968242060515129,0.2891566265060241,0.19139713237745903,0.5598755832037324,2.0,1
0.32934030706934364,0.32553475935828874,0.40900195694716246,0.32019704433497537,0.09778321017834335,0.1720704509505932,0,0,0,1,0,0,0,0,1,0,0,0,0,0,0,0,0,0.39536286847095325,0.22735590118938692,0.005988023952095809,0.0034217279726261765,0.7859147103764411,0.3945848064154522,0.22585096596136145,0.0039447731755424065,0.02286401925391095,0.7906770008611829,0.4994970662196143,0.2626100880704563,0.7323529411764705,0.4878048780487804,0.1313442786898907,0.3249461629009422,1,0,0,0,0,0,0,0,0,1,0,0,0,0,0,0,0,0.5145263157894737,0.3218155796360661,0.37601626016260165,0.21465968586387435,0.7091414281744929,0.5115141290594686,0.32317073170731697,0.3569230769230769,0.22121896162528218,0.6964965409940821,0.5049056603773584,0.533264887063655,0.8374142997061704,0.28160200250312895,0.39499999999999996,0.3355257743334925,0,1,0,0,0,0,0,0,0,1,0,0,0,0,0,0,0,0.5011069482288829,0.5431749241658239,0.08341708542713568,0.03773584905660377,0.7220323915881879,0.5017848036715962,0.5456200687841392,0.07336683417085428,0.06064209274673008,0.7380952380952381,0.46196691329287554,0.6971594721538804,0.62729912875121,0.1090458488228005,0.17958548646996714,0.36265208544720706,1,0,0,0,0,0,1,0,0,0,0,0,0,0,0,0,0,0.46131949095780306,0.6949863645898888,0.3866133866133866,0.4748743718592965,0.9489759052886086,0.4595455688773371,0.6923876871880199,0.41246290801186947,0.4145077720207254,0.9921364861485454,0.4304512863770561,0.6807197943444729,0.14501510574018125,0.1619631901840491,0.4166156925985653,0.36155628192958983,1,0,0,0,0,0,0,0,0,0,0,1,0,0,0,0,0,0.4401771267989441,0.6999464668094219,0.11813471502590672,0.08224543080939947,0.7446152135849476,0.4416503281902651,0.7053030303030303,0.12395833333333334,0.08,0.7442480826942314,0.32814402504783435,0.44879192210602237,0.2740963018532411,0.33187294633077763,0.18328331666110925,0.5023328149300156,2.0,1
0.3299308250379619,0.3166221033868093,0.3816046966731898,0.3620689655172413,0.08722706817045382,0.17956202780454614,0,0,0,1,0,0,0,0,1,0,0,0,0,0,0,0,0,0.39536286847095325,0.22735590118938692,0.005988023952095809,0.0034217279726261765,0.7859147103764411,0.3945848064154522,0.22585096596136145,0.0039447731755424065,0.02286401925391095,0.7906770008611829,0.5057837384744341,0.2608086469175339,0.7323529411764705,0.4646341463414634,0.11559296608050672,0.3319158499115276,1,0,0,0,0,0,0,0,0,1,0,0,0,0,0,0,0,0.5175578947368421,0.31915763647515843,0.3983739837398374,0.18586387434554974,0.7127813281467075,0.520708561788275,0.3154471544715446,0.4215384615384616,0.14785553047404065,0.7126941349706888,0.5121174004192872,0.531211498973306,0.8383937316356513,0.262828535669587,0.41852777777777783,0.34298627862335407,0,1,0,0,0,0,0,0,0,1,0,0,0,0,0,0,0,0.5017029972752044,0.5456016177957532,0.06633165829145729,0.1031446540880503,0.7686473872822734,0.5017848036715962,0.5456200687841392,0.07336683417085428,0.06064209274673008,0.7380952380952381,0.4665391969407266,0.7049876985014537,0.6282671829622458,0.07930607187112763,0.15747068955937102,0.36792068306808634,1,0,0,0,0,0,1,0,0,0,0,0,0,0,0,0,0,0.4640823844608171,0.697923222152297,0.3386613386613387,0.5954773869346734,0.8855570686157351,0.46784606355328245,0.7009151414309484,0.2917903066271019,0.6852331606217616,0.8260023896190504,0.4307886967524252,0.6771208226221078,0.1430010070493454,0.08957055214723926,0.4026024578768838,0.3550826414828884,1,0,0,0,0,0,0,0,0,0,0,1,0,0,0,0,0,0.44102869794771354,0.6940578158458244,0.12746113989637306,0.09399477806788512,0.7446152135849476,0.4416503281902651,0.7053030303030303,0.12395833333333334,0.08,0.7442480826942314,0.3307531744651243,0.45149657410746485,0.25842571754049626,0.37677984665936476,0.17355785261753917,0.48367029548989116,2.0,1
0.3306900624261853,0.3086007130124776,0.35812133072407043,0.397783251231527,0.08722706817045382,0.18698786311548132,0,0,0,1,0,0,0,0,1,0,0,0,0,0,0,0,0,0.39536286847095325,0.22735590118938692,0.005988023952095809,0.0034217279726261765,0.7859147103764411,0.3945848064154522,0.22585096596136145,0.0039447731755424065,0.02286401925391095,0.7906770008611829,0.511986588432523,0.25800640512409917,0.7303921568627451,0.4402439024390244,0.11559296608050672,0.3392027736422744,1,0,0,0,0,0,0,0,0,1,0,0,0,0,0,0,0,0.5242947368421053,0.31425066448579014,0.43495934959349597,0.15575916230366493,0.7149208113364823,0.520708561788275,0.3154471544715446,0.4215384615384616,0.14785553047404065,0.7126941349706888,0.5192452830188679,0.528747433264887,0.8344760039177276,0.2540675844806008,0.43255555555555564,0.3500724566503072,0,1,0,0,0,0,0,0,0,1,0,0,0,0,0,0,0,0.5017029972752044,0.5456016177957532,0.06633165829145729,0.1031446540880503,0.7686473872822734,0.5017848036715962,0.5456200687841392,0.07336683417085428,0.06064209274673008,0.7380952380952381,0.4711114805885776,0.7130395884589577,0.6243949661181025,0.104089219330855,0.12599322109240432,0.37284033827538915,1,0,0,0,0,0,1,0,0,0,0,0,0,0,0,0,0,0.46893837910247815,0.711558632263478,0.16183816183816185,0.6771356783919598,0.24870077536614515,0.4715351722981471,0.7131863560732112,0.19287833827893175,0.7072538860103628,0.20742449081663852,0.43121045972163646,0.6730077120822621,0.16012084592145015,0.03680981595092025,0.4150864705555246,0.34791705224777,1,0,0,0,0,0,0,0,0,0,0,1,0,0,0,0,0,0.44145448352209826,0.6908458244111347,0.13575129533678756,0.08877284595300261,0.7527861927128207,0.4429289915608218,0.6964646464646463,0.146875,0.0875,0.7596976770034456,0.3334492955296573,0.45474215650919586,0.2357255980661832,0.4129244249726177,0.16605535178392802,0.4261275272161742,2.0,1
0.3317023789438164,0.3010249554367201,0.3385518590998043,0.40394088669950734,0.07769876104228017,0.19475140752544504,0,0,0,1,0,0,0,0,1,0,0,0,0,0,0,0,0,0.39536286847095325,0.22735590118938692,0.005988023952095809,0.0034217279726261765,0.7859147103764411,0.3945848064154522,0.22585096596136145,0.0039447731755424065,0.02286401925391095,0.7906770008611829,0.51802179379715,0.25460368294635705,0.7245098039215685,0.40853658536585363,0.10789788037892052,0.3465094437968255,1,0,0,0,0,0,0,0,0,1,0,0,0,0,0,0,0,0.5280842105263158,0.3122060928235534,0.4573170731707317,0.17408376963350786,0.7236732425673797,0.5241670181358077,0.31300813008130074,0.438974358974359,0.1343115124153499,0.7148334398355236,0.5262893081761006,0.5260780287474333,0.8246816846229186,0.2428035043804756,0.44211111111111134,0.35666321457078687,0,1,0,0,0,0,0,0,0,1,0,0,0,0,0,0,0,0.5017029972752044,0.5456016177957532,0.06633165829145729,0.1031446540880503,0.7686473872822734,0.5021247662757097,0.548250050576573,0.06432160804020101,0.1272294887039239,0.7840473412235374,0.47560063180646767,0.7213151420263921,0.616650532429816,0.18835192069392812,0.1167694615769294,0.3770592919913552,1,0,0,0,0,0,1,0,0,0,0,0,0,0,0,0,0,0.47412926992632276,0.7153345919865743,0.28271728271728275,0.5829145728643216,0.13806519745435344,0.47337972667057937,0.7144342762063227,0.23738872403560832,0.655440414507772,0.15629775764817025,0.4317165752846901,0.6683804627249356,0.19133937562940584,0.14478527607361963,0.43596730245231613,0.3398250358178061,1,0,0,0,0,0,0,0,0,0,0,1,0,0,0,0,0,0.4418802690964831,0.6876338329764453,0.14611398963730568,0.09138381201044386,0.7600678135682722,0.4434404569090444,0.693181818181818,0.15104166666666666,0.11125,0.7670890296765587,0.33631935988867623,0.4587089794446448,0.20560695729487918,0.4414019715224534,0.15571857285761934,0.3810264385692068,2.0,1
0.33279905517125025,0.29411764705882343,0.3199608610567514,0.40024630541871914,0.06825379187732662,0.20242131798157623,0,0,0,1,0,0,0,0,1,0,0,0,0,0,0,0,0,0.39536286847095325,0.22735590118938692,0.005988023952095809,0.0034217279726261765,0.7859147103764411,0.3945848064154522,0.22585096596136145,0.0039447731755424065,0.02286401925391095,0.7906770008611829,0.5239731768650461,0.2504003202562049,0.7176470588235293,0.373170731707317,0.09859154929577464,0.35413319694548256,1,0,0,0,0,0,0,0,0,1,0,0,0,0,0,0,0,0.5318736842105264,0.31016152116131657,0.46951219512195125,0.17146596858638743,0.7272853570436232,0.5356389708983552,0.3073170731707316,0.48307692307692307,0.1580135440180587,0.7365876698246882,0.5332494758909853,0.5232032854209445,0.8148873653281097,0.23404255319148937,0.4450833333333334,0.36315078524069444,0,1,0,0,0,0,0,0,0,1,0,0,0,0,0,0,0,0.5017029972752044,0.5456016177957532,0.06633165829145729,0.1031446540880503,0.7686473872822734,0.5021247662757097,0.548250050576573,0.06432160804020101,0.1272294887039239,0.7840473412235374,0.479840385734475,0.7302616864236187,0.6089060987415296,0.27137546468401486,0.07501250208368059,0.3810392513429466,1,0,0,0,0,0,1,0,0,0,0,0,0,0,0,0,0,0.47890154052243794,0.7224669603524229,0.3726273726273726,0.46733668341708545,0.10413250701720263,0.4776557390793997,0.7198419301164725,0.3293768545994066,0.5492227979274612,0.11764705882352933,0.43239139603542814,0.6627249357326477,0.2406847935548842,0.3006134969325153,0.45417894678307286,0.33108996538100377,1,0,0,0,0,0,0,0,0,0,0,1,0,0,0,0,0,0.4429021544750064,0.6804068522483939,0.15647668393782382,0.14490861618798956,0.7782162808148745,0.4444633876054897,0.6861111111111111,0.16354166666666667,0.15875,0.7888740691341558,0.33918942424769516,0.4630364226469527,0.18774137978939184,0.45783132530120485,0.14804934978326106,0.30948678071539654,2.0,1
0.3341488105280918,0.28810160427807485,0.299412915851272,0.4027093596059113,0.05614200788932725,0.20984293536995943,0,0,0,1,0,0,0,0,1,0,0,0,0,0,0,0,0,0.39536286847095325,0.22735590118938692,0.005988023952095809,0.0034217279726261765,0.7859147103764411,0.3945848064154522,0.22585096596136145,0.0039447731755424065,0.02286401925391095,0.7906770008611829,0.5298407376362112,0.24599679743795033,0.7088235294117646,0.3268292682926829,0.09092424368697394,0.36187439834455987,1,0,0,0,0,0,0,0,0,1,0,0,0,0,0,0,0,0.5357473684210527,0.3085258638315272,0.47865853658536583,0.18324607329842932,0.736676854681856,0.5396035428089414,0.30609756097560975,0.4923076923076923,0.16591422121896163,0.7442558275220181,0.5400419287211741,0.5203285420944559,0.7982370225269343,0.2365456821026283,0.43427777777777754,0.3694249523293124,0,1,0,0,0,0,0,0,0,1,0,0,0,0,0,0,0,0.5465769754768393,0.6066734074823052,0.47035175879396984,0.1861635220125786,0.6778342639664416,0.5507394186639469,0.6065142625935666,0.47638190954773874,0.18192627824019025,0.6990887370117241,0.4359464627151052,0.7298143592037575,0.2613746369796709,0.3816604708798017,0.45393676723898424,0.31736932874741586,1,0,0,0,0,0,0,0,0,0,0,1,0,0,0,0,0,0.44315137307434693,0.7323264107405075,0.17882117882117882,0.14321608040201003,0.8166078425923354,0.4439507000922277,0.7368968386023294,0.16122650840751732,0.1683937823834197,0.7977715413042875,0.4815689582454661,0.6673521850899742,0.6304128902316214,0.34233128834355825,0.996246454985264,0.38963506565331274,1,0,0,0,0,0,1,0,0,0,0,0,0,0,0,0,0,0.486161968832496,0.6686295503211991,0.4518134715025907,0.31070496083550914,0.0842666963119425,0.48435768476685703,0.6719696969696969,0.42291666666666666,0.37,0.09353117705901964,0.34205948860671426,0.4677244861161197,0.17423800394543082,0.4644030668127053,0.14024119150828052,0.2566096423017107,2.0,1
0.3357516450143411,0.282976827094474,0.2808219178082192,0.41871921182266003,0.06322573476304233,0.216859876765343,0,0,0,1,0,0,0,0,1,0,0,0,0,0,0,0,0,0.39536286847095325,0.22735590118938692,0.005988023952095809,0.0034217279726261765,0.7859147103764411,0.3945848064154522,0.22585096596136145,0.0039447731755424065,0.02286401925391095,0.7906770008611829,0.5356244761106453,0.2407926341072857,0.7049019607843136,0.29634146341463413,0.09834152846070497,0.36988768334337824,1,0,0,0,0,0,0,0,0,1,0,0,0,0,0,0,0,0.5397052631578948,0.30729912083418526,0.4878048780487805,0.19240837696335078,0.7443456515698804,0.5437368199072121,0.3052845528455283,0.5025641025641026,0.2031602708803612,0.7658155752507432,0.5466666666666667,0.5174537987679672,0.7766895200783546,0.2753441802252816,0.4146111111111111,0.3755151979183258,0,1,0,0,0,0,0,0,0,1,0,0,0,0,0,0,0,0.5504938692098094,0.6052578361981799,0.47638190954773874,0.19245283018867926,0.6990582548545712,0.5547339792622812,0.6059073437183896,0.4743718592964824,0.22711058263971462,0.7325387564594099,0.43669465458475354,0.7233281145157682,0.3049370764762827,0.42379182156133827,0.458409734955826,0.30749351223775195,1,0,0,0,0,0,0,0,0,0,0,1,0,0,0,0,0,0.4438211654387139,0.724564715754143,0.20479520479520477,0.1306532663316583,0.8542089319956647,0.4446214471367485,0.7298252911813644,0.18892185954500496,0.14766839378238342,0.8348106365834005,0.4853648249683678,0.67866323907455,0.6183282980866063,0.37914110429447856,0.9368848356781405,0.39306650661811615,1,0,0,0,0,0,1,0,0,0,0,0,0,0,0,0,0,0.4891424678531892,0.6761241970021413,0.47564766839378236,0.26240208877284593,0.08610099774881187,0.49322308413604976,0.693181818181818,0.4864583333333333,0.16375,0.0926975658552852,0.3449295529657332,0.4725928597187162,0.1674029618515739,0.46330777656078864,0.13779593197732576,0.17262830482115085,2.0,1
0.33743883921039314,0.2785204991087344,0.26908023483365945,0.396551724137931,0.06322573476304233,0.22360379529713123,0,0,0,1,0,0,0,0,1,0,0,0,0,0,0,0,0,0.39536286847095325,0.22735590118938692,0.005988023952095809,0.0034217279726261765,0.7859147103764411,0.3945848064154522,0.22585096596136145,0.0039447731755424065,0.02286401925391095,0.7906770008611829,0.5412405699916177,0.23578863090472366,0.6941176470588235,0.2634146341463414,0.11067588965747152,0.37781922087683634,1,0,0,0,0,0,0,0,0,1,0,0,0,0,0,0,0,0.5438315789473683,0.30648129216929043,0.49796747967479676,0.23560209424083772,0.7659071964434564,0.5479544495993252,0.30508130081300805,0.515897435897436,0.23363431151241534,0.7820409524074126,0.5531236897274633,0.5147843942505134,0.752203721841332,0.3166458072590739,0.39269444444444446,0.3815934881787515,0,1,0,0,0,0,0,0,0,1,0,0,0,0,0,0,0,0.5585831062670299,0.6044489383215368,0.47638190954773874,0.2842767295597484,0.7694530099730533,0.5547339792622812,0.6059073437183896,0.4743718592964824,0.22711058263971462,0.7325387564594099,0.4375259788843628,0.7159472153880562,0.3494675701839303,0.43494423791821557,0.4674668000222259,0.2971485948015529,1,0,0,0,0,0,0,0,0,0,0,1,0,0,0,0,0,0.44432350971198925,0.7157541430669183,0.2237762237762238,0.1444723618090452,0.8952005113525832,0.4452083508007043,0.7217138103161398,0.21266073194856577,0.13860103626943007,0.8795187418377839,0.48890763390974273,0.6902313624678662,0.6122860020140987,0.3815950920245399,0.8813601734971918,0.39625977546885477,1,0,0,0,0,0,1,0,0,0,0,0,0,0,0,0,0,0.49212296687388235,0.6841541755888649,0.48393782383419687,0.17101827676240208,0.09293793946805268,0.49620663200068194,0.701010101010101,0.4875,0.10375,0.0926975658552852,0.3477126456775091,0.4776415434547422,0.1642632880442332,0.46330777656078864,0.1333777925975324,0.16018662519440124,2.0,1
0.3392103931162477,0.2749554367201425,0.2622309197651663,0.3731527093596058,0.06322573476304233,0.22978422453269307,0,0,0,1,0,0,0,0,1,0,0,0,0,0,0,0,0,0.39536286847095325,0.22735590118938692,0.005988023952095809,0.0034217279726261765,0.7859147103764411,0.3945848064154522,0.22585096596136145,0.0039447731755424065,0.02286401925391095,0.7906770008611829,0.5466890192791283,0.23018414731785414,0.6794117647058823,0.2585365853658536,0.11548184570936477,0.386008611216583,1,0,0,0,0,0,0,0,0,1,0,0,0,0,0,0,0,0.5666526315789473,0.1476180740134941,0.46443089430894313,0.25523560209424084,0.13106418449569326,0.569886123998313,0.15243902439024387,0.45641025641025645,0.21670428893905191,0.1281915928097129,0.5594968553459121,0.5123203285420945,0.7296767874632712,0.34042553191489366,0.3602222222222222,0.38797652669043753,0,1,0,0,0,0,0,0,0,1,0,0,0,0,0,0,0,0.5625851498637602,0.6048533872598584,0.4753768844221106,0.3182389937106918,0.7919271050365307,0.5588135305116436,0.6057050374266639,0.47638190954773874,0.26872770511296074,0.7694893593376675,0.43835730318397204,0.707447998210691,0.3969022265246853,0.4473358116480793,0.46585542034783595,0.28635857463090797,1,0,0,0,0,0,0,0,0,0,0,1,0,0,0,0,0,0.44482585398526453,0.7058946926788336,0.24675324675324678,0.15452261306532664,0.924908984798377,0.44571141108409496,0.7123544093178036,0.23244312561819983,0.15932642487046633,0.9084164605851789,0.49211303247574867,0.7023136246786631,0.6032225579053374,0.3717791411042945,0.8342045264972474,0.3994522221756584,1,0,0,0,0,0,1,0,0,0,0,0,0,0,0,0,0,0.4979988078003918,0.7010171306209849,0.47461139896373056,0.11488250652741515,0.08679580889914121,0.49620663200068194,0.701010101010101,0.4875,0.10375,0.0926975658552852,0.35032179509479905,0.48269022719076815,0.15398294017948927,0.4457831325301205,0.1297376903412249,0.20062208398133746,2.0,1
