qb_orientation,result
326.48,3.0
332.82,2.0
322.27,2.0
302.26,4.0
309.51,2.0
147.45,0.0
187.71,0.0
100.96,4.0
173.08,2.0
318.59,4.0
237.03,1.0
257.02,0.0
246.52,1.0
347.88,4.0
335.3,3.0
155.12,1.0
194.77,1.0
142.45,0.0
11.08,3.0
75.57,4.0
24.78,4.0
60.0,3.0
262.89,0.0
279.24,1.0
249.32,0.0
228.97,1.0
15.38,3.0
332.35,3.0
52.79,2.0
115.01,2.0
332.77,4.0
328.26,3.0
246.29,0.0
78.8,2.0
267.05,0.0
224.56,2.0
82.06,2.0
113.71,3.0
113.06,4.0
301.51,2.0
287.45,1.0
344.15,2.0
320.57,2.0
79.56,3.0
87.45,0.0
201.9,0.0
200.95,
358.73,2.0
265.33,0.0
4.82,4.0
160.26,1.0
139.07,0.0
219.97,0.0
205.43,1.0
330.81,2.0
231.22,0.0
348.93,4.0
316.84,3.0
330.85,2.0
336.93,3.0
319.83,2.0
297.65,2.0
330.21,3.0
343.17,4.0
253.27,0.0
312.65,4.0
244.08,0.0
127.59,0.0
76.87,1.0
116.32,2.0
3.18,4.0
107.13,0.0
323.56,2.0
163.33,0.0
24.31,3.0
268.32,3.0
340.47,3.0
99.81,1.0
351.88,3.0
122.1,2.0
346.34,4.0
9.98,3.0
223.14,1.0
243.57,0.0
337.79,2.0
336.76,3.0
78.86,3.0
293.04,2.0
191.24,0.0
351.14,2.0
67.23,1.0
154.19,1.0
219.85,0.0
302.72,3.0
285.01,0.0
358.26,2.0
206.76,1.0
337.51,3.0
331.35,3.0
39.3,3.0
135.37,0.0
207.05,1.0
265.99,4.0
142.2,0.0
38.07,3.0
233.35,0.0
260.62,1.0
225.72,1.0
270.92,0.0
45.15,0.0
87.53,2.0
86.27,3.0
338.12,3.0
327.59,1.0
249.36,2.0
311.24,3.0
241.06,1.0
74.63,2.0
155.41,1.0
73.34,2.0
166.08,2.0
85.69,0.0
47.76,2.0
27.61,4.0
56.7,3.0
99.93,2.0
242.04,2.0
255.33,2.0
216.01,2.0
209.03,0.0
141.29,0.0
7.76,2.0
168.36,0.0
251.07,0.0
226.86,0.0
55.1,3.0
328.74,3.0
186.8,0.0
280.05,
22.42,2.0
17.77,2.0
43.33,1.0
162.39,0.0
237.54,1.0
29.58,3.0
229.74,1.0
270.57,1.0
137.2,0.0
286.48,
293.58,4.0
85.83,0.0
140.36,1.0
21.34,2.0
300.44,2.0
221.51,1.0
286.36,0.0
282.45,1.0
201.54,0.0
20.79,0.0
351.53,2.0
68.27,
155.11,1.0
228.77,1.0
149.04,2.0
20.49,2.0
159.72,1.0
346.81,2.0
0.17,4.0
33.94,2.0
144.45,1.0
260.18,2.0
42.65,2.0
221.36,1.0
247.42,1.0
189.61,1.0
24.34,2.0
23.12,2.0
156.85,1.0
263.05,1.0
148.89,1.0
266.46,2.0
97.74,2.0
102.11,3.0
321.08,3.0
249.89,0.0
323.34,1.0
59.91,3.0
273.37,2.0
97.28,2.0
233.48,2.0
127.06,0.0
76.08,3.0
343.11,
217.74,1.0
313.1,4.0
165.87,1.0
125.13,0.0
356.23,4.0
292.51,3.0
219.52,0.0
214.1,0.0
275.29,0.0
121.18,1.0
140.19,0.0
149.4,0.0
300.4,3.0
333.6,
138.56,0.0
73.86,3.0
344.31,4.0
230.31,1.0
290.9,1.0
129.51,
101.62,1.0
72.72,3.0
129.5,0.0
104.61,1.0
31.93,3.0
105.14,1.0
245.25,0.0
171.84,1.0
107.16,2.0
155.55,0.0
37.05,3.0
132.73,3.0
169.66,0.0
38.3,4.0
300.69,4.0
338.07,3.0
240.59,1.0
240.15,0.0
336.64,3.0
338.82,3.0
48.82,4.0
96.75,0.0
201.1,1.0
325.26,2.0
318.76,2.0
332.74,3.0
127.67,1.0
321.42,3.0
313.93,3.0
232.27,0.0
121.49,2.0
159.22,0.0
83.07,1.0
214.7,1.0
69.53,3.0
139.42,1.0
153.6,0.0
15.97,4.0
133.21,0.0
67.81,3.0
42.46,3.0
111.63,0.0
193.5,1.0
209.81,0.0
266.02,1.0
36.21,3.0
30.86,3.0
51.4,0.0
93.05,2.0
151.49,1.0
329.84,3.0
325.49,4.0
185.65,2.0
311.98,4.0
224.25,3.0
145.47,1.0
152.58,1.0
78.68,2.0
51.03,3.0
88.31,3.0
121.28,2.0
325.44,2.0
348.28,2.0
63.91,2.0
138.24,1.0
148.49,1.0
69.11,3.0
62.15,4.0
17.18,4.0
31.87,4.0
43.29,2.0
338.82,2.0
168.39,1.0
99.57,2.0
25.1,4.0
171.24,0.0
134.02,1.0
118.56,0.0
35.05,3.0
88.23,2.0
128.25,1.0
44.98,2.0
281.41,2.0
136.7,0.0
345.57,4.0
328.53,3.0
311.51,4.0
171.02,0.0
41.67,3.0
97.13,4.0
0.86,4.0
343.6,4.0
130.0,2.0
89.56,3.0
119.2,1.0
85.0,3.0
104.45,2.0
191.11,1.0
332.56,4.0
236.16,0.0
184.42,0.0
47.9,4.0
162.38,0.0
165.55,0.0
0.03,2.0
228.03,0.0
66.87,2.0
86.18,3.0
165.2,2.0
25.29,4.0
138.04,2.0
246.35,0.0
249.24,0.0
149.5,0.0
317.27,3.0
255.75,2.0
187.54,
162.82,0.0
116.95,1.0
125.84,1.0
280.0,0.0
184.43,
229.05,0.0
247.42,
82.4,3.0
151.16,1.0
78.88,2.0
116.37,0.0
136.2,1.0
113.33,2.0
258.9,2.0
293.56,3.0
208.03,1.0
337.79,4.0
249.82,0.0
348.59,3.0
349.05,2.0
173.04,0.0
56.55,2.0
64.49,3.0
136.44,1.0
52.29,2.0
167.8,1.0
92.35,2.0
63.56,4.0
14.2,3.0
355.1,2.0
120.72,1.0
66.75,2.0
103.91,2.0
188.44,0.0
126.23,2.0
151.53,0.0
179.33,0.0
233.64,1.0
322.71,2.0
44.55,0.0
333.33,4.0
311.68,3.0
322.47,3.0
323.01,4.0
243.33,0.0
251.52,1.0
315.79,1.0
334.14,4.0
343.61,2.0
155.56,0.0
134.05,1.0
276.28,0.0
325.48,3.0
319.25,3.0
260.46,2.0
61.81,3.0
129.73,2.0
10.23,0.0
10.72,2.0
257.74,0.0
88.38,4.0
146.71,1.0
330.61,2.0
340.18,4.0
322.43,4.0
337.77,2.0
220.84,0.0
238.14,1.0
324.04,2.0
252.47,0.0
136.85,1.0
178.86,0.0
146.59,1.0
282.57,3.0
106.67,2.0
79.32,2.0
55.79,3.0
96.33,3.0
53.41,3.0
72.21,4.0
329.49,3.0
223.26,0.0
228.25,0.0
115.17,0.0
119.25,2.0
327.74,2.0
320.13,4.0
151.45,2.0
49.79,2.0
71.82,2.0
328.37,2.0
350.69,
6.74,3.0
55.33,3.0
127.77,0.0
104.06,3.0
56.62,4.0
159.5,0.0
65.96,4.0
254.61,1.0
115.72,4.0
96.69,4.0
92.32,3.0
61.6,3.0
145.72,0.0
47.05,4.0
160.93,1.0
155.5,2.0
54.58,4.0
152.6,0.0
202.96,0.0
168.66,1.0
117.77,0.0
176.72,0.0
240.2,0.0
74.08,3.0
80.86,4.0
146.59,1.0
68.5,3.0
49.94,4.0
186.2,0.0
215.37,0.0
87.82,0.0
56.08,2.0
108.23,2.0
110.59,1.0
146.92,2.0
256.6,1.0
228.02,0.0
344.95,2.0
344.29,
202.73,1.0
43.32,3.0
136.86,0.0
125.19,2.0
24.44,3.0
146.14,0.0
231.79,0.0
224.89,0.0
326.91,2.0
234.7,0.0
35.43,4.0
54.6,3.0
151.29,0.0
232.7,1.0
62.42,3.0
135.61,1.0
59.58,
74.09,3.0
74.62,2.0
148.98,0.0
233.85,0.0
330.65,
245.29,0.0
347.34,2.0
331.28,4.0
114.4,1.0
103.99,0.0
53.97,2.0
80.0,3.0
101.62,1.0
91.79,2.0
83.18,2.0
279.4,1.0
355.89,4.0
100.39,3.0
27.47,3.0
112.46,0.0
129.49,1.0
145.81,0.0
149.84,0.0
23.5,2.0
153.51,1.0
161.7,0.0
197.24,0.0
336.73,
339.5,1.0
266.38,0.0
329.9,3.0
281.93,2.0
97.46,3.0
78.71,0.0
314.71,2.0
343.93,3.0
290.38,2.0
101.25,1.0
51.05,4.0
38.13,3.0
243.33,4.0
264.69,3.0
319.67,0.0
243.7,1.0
279.61,1.0
68.22,3.0
48.83,
37.42,3.0
87.47,2.0
293.59,
172.54,1.0
49.75,1.0
75.22,2.0
282.77,2.0
321.41,2.0
77.96,2.0
139.65,2.0
274.75,1.0
303.23,1.0
176.97,0.0
114.55,2.0
331.46,2.0
224.75,0.0
11.08,4.0
191.03,0.0
44.43,2.0
240.45,0.0
88.13,2.0
85.06,3.0
190.34,1.0
175.59,1.0
153.68,0.0
325.07,3.0
296.16,3.0
270.96,1.0
108.77,0.0
189.14,1.0
315.87,3.0
253.81,1.0
309.34,4.0
193.07,2.0
61.39,3.0
149.36,2.0
171.53,
119.76,1.0
115.39,2.0
348.49,2.0
270.42,2.0
75.92,1.0
115.78,2.0
318.5,4.0
301.85,2.0
67.08,4.0
129.83,2.0
108.74,0.0
272.53,0.0
236.76,0.0
307.72,2.0
295.07,1.0
316.66,3.0
108.61,1.0
127.93,2.0
100.28,2.0
320.16,2.0
311.5,3.0
258.07,1.0
289.39,1.0
91.17,3.0
168.26,1.0
61.11,3.0
152.44,1.0
112.94,0.0
60.87,3.0
144.01,1.0
167.55,0.0
142.79,1.0
49.15,3.0
82.61,3.0
181.98,0.0
83.22,3.0
175.76,
112.22,3.0
255.97,1.0
252.6,0.0
146.5,1.0
166.18,1.0
90.08,4.0
148.85,0.0
91.61,3.0
168.33,0.0
143.62,2.0
168.62,0.0
176.73,0.0
260.68,0.0
231.76,1.0
221.85,1.0
134.87,2.0
42.63,4.0
92.75,1.0
90.98,1.0
117.67,3.0
230.55,2.0
239.46,0.0
146.03,0.0
99.23,2.0
69.23,
56.54,2.0
244.69,1.0
148.83,2.0
136.48,0.0
31.17,4.0
170.57,1.0
345.13,2.0
287.19,2.0
226.45,2.0
126.78,0.0
69.8,1.0
350.28,2.0
297.24,2.0
185.76,0.0
121.79,2.0
130.38,1.0
31.57,3.0
24.51,4.0
250.65,0.0
34.25,4.0
133.64,2.0
76.9,3.0
121.51,0.0
101.97,1.0
17.23,4.0
249.49,1.0
267.14,0.0
109.88,1.0
46.98,3.0
102.14,
146.15,0.0
236.69,0.0
2.22,2.0
189.71,2.0
264.96,3.0
197.4,2.0
283.93,4.0
211.3,0.0
25.49,3.0
31.9,3.0
47.31,4.0
121.56,1.0
168.49,0.0
215.79,1.0
245.67,1.0
335.03,
135.29,1.0
24.15,4.0
79.98,2.0
68.19,3.0
342.64,1.0
257.59,1.0
278.57,2.0
327.25,0.0
272.13,0.0
271.44,4.0
49.11,1.0
134.42,0.0
260.48,2.0
324.82,3.0
32.85,
163.54,1.0
5.46,2.0
124.85,2.0
33.65,4.0
137.63,0.0
231.6,0.0
323.42,1.0
262.91,0.0
201.12,0.0
307.94,2.0
98.75,2.0
156.62,1.0
115.81,1.0
68.14,2.0
114.63,0.0
98.29,0.0
92.52,2.0
170.84,0.0
82.44,2.0
112.42,0.0
279.44,1.0
229.6,1.0
309.28,2.0
109.36,2.0
290.75,3.0
219.95,0.0
225.06,0.0
308.5,4.0
318.73,3.0
278.56,1.0
114.91,1.0
252.42,0.0
154.71,0.0
72.48,
103.86,3.0
74.02,2.0
208.43,1.0
356.87,4.0
234.57,2.0
285.93,4.0
137.18,0.0
344.71,4.0
290.93,2.0
318.64,4.0
218.23,0.0
243.64,0.0
244.53,2.0
298.91,4.0
243.2,0.0
127.32,0.0
47.7,
108.7,3.0
95.61,2.0
262.46,2.0
267.51,1.0
327.16,2.0
222.19,3.0
248.37,2.0
243.34,0.0
0.23,4.0
236.14,1.0
242.29,1.0
246.79,0.0
261.79,1.0
150.62,1.0
63.48,
13.39,3.0
94.1,2.0
138.56,0.0
156.76,2.0
13.42,2.0
102.08,0.0
162.87,0.0
50.41,3.0
358.92,4.0
39.85,3.0
177.9,1.0
208.23,1.0
345.27,2.0
321.26,4.0
78.61,3.0
58.38,3.0
81.27,4.0
245.44,0.0
251.14,2.0
275.23,0.0
99.14,3.0
273.98,0.0
306.65,4.0
235.09,1.0
308.52,0.0
137.09,1.0
64.55,3.0
79.87,1.0
43.03,4.0
78.22,3.0
291.6,3.0
268.25,3.0
320.04,3.0
89.67,1.0
106.48,1.0
99.42,3.0
251.49,3.0
89.96,4.0
137.02,1.0
115.89,3.0
81.75,2.0
33.9,2.0
272.38,2.0
247.85,2.0
251.75,2.0
253.09,2.0
294.19,2.0
325.76,3.0
66.49,2.0
61.63,
34.92,2.0
64.31,2.0
312.99,2.0
333.89,1.0
335.36,3.0
95.71,1.0
151.58,1.0
60.26,4.0
163.99,1.0
83.03,3.0
139.99,1.0
152.26,0.0
78.97,0.0
78.84,1.0
43.06,2.0
154.31,0.0
107.92,2.0
312.62,2.0
324.08,0.0
327.42,3.0
18.93,4.0
293.56,0.0
333.3,
15.41,3.0
254.56,0.0
264.05,1.0
135.77,0.0
132.47,1.0
4.44,3.0
277.82,4.0
288.76,3.0
316.01,3.0
313.22,4.0
119.72,3.0
142.36,0.0
238.3,0.0
86.08,4.0
312.31,2.0
283.32,2.0
293.91,1.0
276.66,0.0
323.8,3.0
134.0,2.0
259.73,1.0
110.3,4.0
198.57,
76.99,4.0
271.29,1.0
311.6,2.0
322.55,3.0
315.88,4.0
221.28,1.0
267.26,0.0
259.53,0.0
150.49,2.0
67.93,3.0
171.2,1.0
132.15,1.0
67.78,2.0
213.71,1.0
105.12,2.0
349.98,2.0
333.76,2.0
277.09,1.0
126.02,1.0
62.22,2.0
304.12,2.0
112.26,1.0
115.89,0.0
24.18,3.0
290.74,2.0
258.55,1.0
299.61,3.0
237.98,0.0
84.91,4.0
176.88,0.0
47.48,3.0
356.11,2.0
299.12,2.0
263.6,2.0
356.49,4.0
128.18,0.0
111.48,3.0
169.69,1.0
154.84,0.0
174.73,1.0
116.48,1.0
171.8,0.0
327.09,3.0
304.12,4.0
247.84,0.0
62.74,1.0
238.51,3.0
227.66,2.0
168.35,1.0
323.57,1.0
137.85,2.0
170.65,1.0
165.95,1.0
131.59,0.0
47.72,3.0
18.99,3.0
259.19,0.0
329.88,2.0
145.1,
148.16,0.0
42.98,2.0
356.02,
206.76,0.0
312.98,2.0
94.31,2.0
208.7,0.0
285.92,2.0
232.55,0.0
119.55,1.0
49.26,3.0
237.59,1.0
358.98,3.0
43.05,3.0
313.82,3.0
307.03,2.0
167.33,1.0
318.97,4.0
329.29,3.0
5.39,
108.44,0.0
100.72,2.0
150.01,2.0
155.33,0.0
9.07,2.0
42.62,2.0
354.36,2.0
301.86,3.0
352.01,3.0
209.72,0.0
226.75,
271.8,0.0
26.52,4.0
196.97,0.0
349.35,2.0
290.59,2.0
283.35,2.0
300.71,2.0
274.82,2.0
347.72,4.0
264.48,1.0
301.49,3.0
251.01,0.0
324.88,4.0
64.59,3.0
92.52,0.0
236.04,0.0
189.99,1.0
98.36,4.0
181.6,0.0
154.82,1.0
328.41,3.0
126.1,0.0
295.71,1.0
250.74,1.0
317.97,2.0
99.35,4.0
126.99,1.0
112.42,1.0
138.12,2.0
101.6,1.0
270.6,2.0
301.54,2.0
285.63,3.0
224.14,2.0
346.47,0.0
178.79,0.0
129.88,4.0
7.96,3.0
87.16,2.0
125.14,2.0
164.8,0.0
151.21,1.0
58.5,3.0
341.7,4.0
309.07,4.0
297.62,1.0
80.81,1.0
149.42,1.0
326.3,3.0
243.32,2.0
135.58,0.0
116.3,1.0
314.0,2.0
244.98,1.0
111.69,2.0
103.41,3.0
153.96,2.0
66.58,3.0
6.39,3.0
131.86,1.0
68.44,3.0
100.74,0.0
151.05,1.0
121.07,0.0
143.88,1.0
105.69,4.0
134.58,3.0
78.89,1.0
139.68,
95.34,2.0
122.95,3.0
122.73,0.0
136.27,3.0
116.49,0.0
73.89,3.0
213.28,0.0
344.55,2.0
315.62,2.0
313.28,3.0
252.73,2.0
65.13,2.0
174.89,0.0
114.61,1.0
359.11,4.0
237.24,1.0
42.29,3.0
317.42,1.0
343.26,4.0
14.02,3.0
221.75,0.0
258.57,1.0
120.63,2.0
72.44,3.0
13.53,2.0
232.05,2.0
235.45,0.0
325.75,4.0
204.13,0.0
276.75,2.0
109.08,2.0
68.62,4.0
135.9,1.0
60.42,3.0
17.21,3.0
60.55,3.0
155.64,0.0
37.67,4.0
51.7,4.0
59.88,3.0
87.47,2.0
252.96,
222.2,2.0
246.19,1.0
341.15,3.0
73.1,4.0
154.26,0.0
359.88,3.0
326.6,4.0
323.53,3.0
35.58,4.0
339.04,0.0
262.39,1.0
306.33,1.0
254.54,1.0
260.89,0.0
311.13,3.0
261.26,0.0
334.37,4.0
334.38,3.0
335.95,3.0
234.3,0.0
317.1,4.0
126.89,2.0
153.48,0.0
325.19,3.0
346.46,2.0
323.82,3.0
290.0,4.0
281.86,3.0
301.44,
144.72,0.0
217.15,1.0
223.51,1.0
357.59,4.0
133.38,2.0
85.06,2.0
14.48,
127.32,0.0
140.54,0.0
173.07,0.0
73.03,3.0
180.39,1.0
238.5,1.0
119.88,1.0
126.41,0.0
59.87,3.0
331.65,1.0
90.87,1.0
171.01,0.0
191.33,0.0
84.58,2.0
43.82,2.0
305.32,4.0
313.06,4.0
310.72,3.0
152.15,3.0
103.82,3.0
329.07,4.0
342.52,3.0
175.71,1.0
162.87,0.0
131.51,0.0
158.31,1.0
30.42,2.0
112.79,2.0
60.56,2.0
161.85,0.0
264.63,2.0
356.34,4.0
332.86,4.0
324.06,3.0
244.03,
354.32,3.0
286.21,1.0
90.63,2.0
117.27,1.0
345.91,2.0
3.74,1.0
159.88,1.0
147.29,2.0
237.11,0.0
244.89,1.0
334.51,3.0
250.83,0.0
336.11,3.0
236.17,0.0
337.29,2.0
334.56,2.0
185.89,0.0
358.13,1.0
237.52,1.0
322.83,3.0
306.3,3.0
238.69,0.0
160.56,1.0
116.5,1.0
112.86,4.0
330.75,4.0
318.41,2.0
298.01,2.0
294.3,0.0
291.35,2.0
89.22,2.0
146.86,2.0
205.92,1.0
354.29,4.0
306.38,
225.08,1.0
343.29,4.0
294.36,3.0
135.8,0.0
282.74,3.0
189.74,0.0
193.97,1.0
200.23,0.0
218.07,2.0
229.03,1.0
135.0,2.0
44.85,2.0
35.55,1.0
350.14,1.0
130.25,2.0
356.65,2.0
341.69,2.0
4.05,3.0
356.27,4.0
263.67,0.0
13.98,2.0
12.72,4.0
31.32,2.0
182.12,0.0
222.87,0.0
324.27,2.0
202.85,0.0
46.06,3.0
97.28,1.0
153.79,0.0
13.23,3.0
83.39,1.0
60.06,4.0
355.72,4.0
318.44,4.0
256.71,1.0
222.02,0.0
328.16,3.0
340.31,4.0
171.6,0.0
22.32,4.0
261.75,3.0
265.23,3.0
16.11,4.0
171.69,2.0
128.19,1.0
327.45,3.0
231.6,3.0
176.12,0.0
105.39,1.0
205.43,0.0
37.38,1.0
22.27,1.0
10.5,2.0
25.72,2.0
32.97,2.0
355.33,0.0
183.52,0.0
10.98,4.0
162.23,0.0
13.05,3.0
13.35,4.0
146.24,0.0
205.26,0.0
313.13,2.0
17.11,2.0
44.59,3.0
344.22,3.0
307.86,0.0
353.58,4.0
297.54,1.0
136.7,0.0
21.98,3.0
139.41,0.0
76.87,2.0
12.86,4.0
318.97,2.0
249.86,1.0
243.97,1.0
224.57,0.0
133.9,1.0
252.12,0.0
323.67,3.0
230.82,2.0
320.61,0.0
224.68,1.0
359.1,3.0
82.75,4.0
52.36,1.0
112.13,2.0
231.98,1.0
356.5,2.0
147.49,2.0
154.13,0.0
165.88,0.0
191.03,2.0
162.17,0.0
267.11,0.0
285.45,2.0
169.77,0.0
40.71,3.0
262.0,0.0
313.97,3.0
343.71,1.0
318.25,1.0
307.25,2.0
229.1,2.0
113.9,2.0
69.37,3.0
129.46,2.0
93.18,2.0
221.33,0.0
128.2,0.0
316.9,
245.25,1.0
10.78,2.0
330.62,2.0
323.55,3.0
280.77,2.0
38.46,3.0
67.36,2.0
103.94,3.0
341.02,2.0
262.79,1.0
296.54,1.0
103.82,1.0
78.83,2.0
315.94,4.0
229.32,3.0
197.83,2.0
29.37,3.0
155.95,1.0
245.18,0.0
181.24,2.0
178.92,1.0
27.51,1.0
211.94,1.0
173.22,1.0
49.82,4.0
47.94,4.0
164.94,0.0
186.62,0.0
94.49,2.0
89.38,1.0
49.0,3.0
144.72,
100.38,1.0
219.56,0.0
171.16,0.0
152.3,1.0
237.45,0.0
120.4,1.0
67.43,4.0
168.62,1.0
333.3,
209.33,0.0
66.21,2.0
74.24,2.0
52.58,4.0
130.45,1.0
226.72,0.0
62.85,2.0
248.82,0.0
169.32,1.0
144.01,1.0
13.96,4.0
242.46,2.0
252.64,1.0
277.99,2.0
299.65,1.0
184.8,1.0
160.89,0.0
146.59,1.0
72.77,1.0
93.58,2.0
149.2,0.0
299.38,3.0
332.51,2.0
96.79,2.0
115.61,1.0
247.18,2.0
284.06,2.0
303.69,2.0
91.57,1.0
312.24,4.0
316.71,
222.42,0.0
235.94,0.0
160.1,0.0
292.74,1.0
294.09,2.0
149.42,1.0
143.9,1.0
36.41,3.0
125.43,1.0
282.33,2.0
305.78,2.0
273.33,0.0
123.65,1.0
160.04,1.0
313.95,0.0
329.2,4.0
47.09,4.0
47.74,4.0
55.48,4.0
54.91,2.0
58.15,4.0
271.07,1.0
248.35,0.0
339.56,3.0
234.58,0.0
138.23,0.0
109.35,2.0
124.86,2.0
65.48,2.0
115.28,2.0
61.52,3.0
46.92,4.0
153.29,0.0
126.26,1.0
284.79,1.0
89.47,1.0
72.36,3.0
115.59,0.0
352.22,4.0
344.57,2.0
246.86,1.0
16.55,3.0
110.97,2.0
185.06,0.0
144.8,2.0
43.2,3.0
358.62,
116.15,2.0
71.83,3.0
205.82,
223.1,2.0
340.91,4.0
259.86,1.0
240.77,2.0
230.1,1.0
94.76,2.0
110.02,2.0
328.67,2.0
332.2,3.0
207.79,0.0
340.95,1.0
264.27,2.0
224.55,1.0
163.03,0.0
127.31,0.0
131.74,0.0
169.96,1.0
351.44,3.0
338.09,4.0
338.25,3.0
319.25,4.0
57.63,4.0
117.62,0.0
151.19,0.0
63.17,1.0
341.05,4.0
221.57,1.0
199.27,2.0
257.1,1.0
308.24,3.0
225.41,1.0
231.94,0.0
244.12,1.0
244.95,0.0
332.67,4.0
116.04,2.0
149.49,2.0
263.91,1.0
290.9,3.0
324.31,3.0
247.08,0.0
324.5,4.0
124.74,1.0
242.11,0.0
221.56,1.0
281.0,0.0
119.45,4.0
6.34,3.0
6.9,3.0
339.77,4.0
319.14,0.0
142.33,1.0
132.92,0.0
70.42,3.0
148.9,2.0
49.81,2.0
117.32,1.0
339.62,4.0
248.04,1.0
348.32,1.0
98.92,2.0
132.39,0.0
340.3,3.0
319.24,4.0
284.85,1.0
124.64,0.0
119.64,1.0
139.81,0.0
114.4,2.0
113.24,2.0
354.56,3.0
277.74,
139.93,0.0
146.76,1.0
118.76,1.0
70.45,4.0
163.06,3.0
119.85,2.0
134.04,1.0
157.25,0.0
131.75,0.0
130.21,0.0
357.78,3.0
318.53,4.0
119.39,2.0
68.75,2.0
85.15,1.0
79.0,4.0
91.83,2.0
172.0,0.0
320.38,3.0
285.25,2.0
347.26,4.0
328.57,4.0
142.51,1.0
259.01,3.0
289.31,1.0
294.25,4.0
298.93,0.0
318.64,3.0
99.84,2.0
233.64,1.0
260.49,2.0
99.72,1.0
150.12,0.0
118.2,1.0
88.8,3.0
174.63,0.0
118.91,1.0
24.35,2.0
193.01,0.0
51.77,0.0
113.07,0.0
302.63,0.0
141.94,0.0
98.48,1.0
124.25,3.0
160.11,0.0
172.14,0.0
357.6,2.0
265.19,1.0
190.66,0.0
45.57,2.0
45.98,3.0
60.51,3.0
98.13,0.0
46.02,2.0
69.62,
74.25,3.0
244.84,0.0
253.09,1.0
62.95,1.0
55.77,2.0
68.32,1.0
77.68,3.0
227.44,1.0
223.58,0.0
268.74,0.0
51.63,4.0
49.07,3.0
56.22,2.0
162.65,0.0
359.46,4.0
265.04,4.0
128.22,0.0
142.8,3.0
18.63,3.0
319.52,2.0
323.77,4.0
303.05,2.0
267.75,2.0
76.86,2.0
111.31,1.0
309.86,
286.53,1.0
206.74,2.0
194.52,0.0
316.33,4.0
235.79,1.0
96.42,1.0
129.24,1.0
208.15,0.0
312.22,4.0
308.21,3.0
138.07,1.0
140.37,1.0
138.11,0.0
36.47,3.0
38.99,4.0
63.47,3.0
133.91,2.0
216.21,1.0
354.83,
129.67,1.0
112.19,1.0
138.5,1.0
294.77,1.0
203.43,2.0
27.98,4.0
221.38,0.0
320.47,3.0
144.8,0.0
121.35,2.0
122.45,1.0
108.16,2.0
120.52,2.0
49.53,2.0
152.4,1.0
342.65,3.0
274.11,1.0
323.31,2.0
326.58,3.0
129.88,0.0
138.22,2.0
146.13,0.0
40.95,4.0
140.09,2.0
82.27,4.0
79.62,3.0
131.6,0.0
331.58,
280.31,1.0
77.52,2.0
160.17,1.0
135.33,2.0
291.03,2.0
314.87,2.0
343.08,2.0
268.53,1.0
281.52,2.0
296.51,4.0
141.44,0.0
144.73,0.0
125.07,
135.73,1.0
102.02,2.0
131.54,0.0
141.97,1.0
330.6,2.0
342.0,1.0
345.88,0.0
210.32,0.0
128.44,1.0
81.66,2.0
82.69,2.0
44.95,3.0
272.58,1.0
290.02,0.0
301.78,1.0
271.74,0.0
80.37,3.0
283.71,1.0
309.16,2.0
258.55,0.0
268.68,1.0
281.43,0.0
51.21,4.0
94.87,3.0
250.6,0.0
254.16,1.0
165.31,0.0
139.88,0.0
252.06,0.0
270.03,2.0
281.99,0.0
295.97,
233.7,0.0
343.48,3.0
111.89,2.0
176.96,0.0
181.19,1.0
114.48,2.0
52.99,3.0
174.14,1.0
330.35,3.0
259.38,1.0
5.55,4.0
81.42,2.0
108.88,0.0
131.2,1.0
21.63,3.0
347.72,3.0
333.88,2.0
319.39,3.0
229.95,0.0
303.39,4.0
12.77,3.0
39.69,3.0
11.8,3.0
343.58,4.0
302.94,2.0
233.74,0.0
100.75,3.0
14.29,3.0
145.03,1.0
53.31,3.0
168.28,1.0
193.08,0.0
53.62,4.0
184.57,0.0
325.86,3.0
116.32,0.0
212.76,0.0
200.9,1.0
66.54,
113.97,2.0
126.62,2.0
166.73,0.0
41.24,2.0
341.57,3.0
330.6,3.0
257.86,0.0
333.9,2.0
139.18,1.0
78.55,2.0
74.03,1.0
126.48,1.0
265.46,1.0
7.06,4.0
343.87,4.0
346.4,3.0
356.88,4.0
41.0,2.0
100.07,2.0
324.56,3.0
240.03,0.0
271.32,1.0
300.19,1.0
145.37,1.0
52.66,4.0
83.11,2.0
176.51,0.0
63.55,4.0
53.36,2.0
105.51,4.0
172.2,1.0
74.6,3.0
49.32,4.0
80.94,1.0
66.72,4.0
318.38,4.0
160.51,0.0
136.57,1.0
118.68,1.0
348.8,4.0
267.16,1.0
238.33,1.0
344.56,4.0
276.75,0.0
246.2,2.0
346.87,3.0
231.28,
292.84,2.0
100.68,1.0
271.99,1.0
272.06,3.0
262.74,0.0
121.62,1.0
143.6,0.0
320.71,2.0
352.96,2.0
71.45,3.0
180.07,1.0
84.62,1.0
129.54,2.0
62.32,2.0
54.28,4.0
37.22,4.0
88.45,3.0
277.61,1.0
246.86,0.0
255.18,1.0
256.52,1.0
301.64,3.0
321.99,3.0
150.74,1.0
285.03,2.0
107.5,1.0
144.25,3.0
133.2,3.0
42.85,2.0
321.04,4.0
126.05,0.0
135.63,
81.6,3.0
163.61,0.0
190.62,0.0
162.12,1.0
50.72,2.0
59.25,3.0
125.32,0.0
69.2,3.0
98.45,4.0
152.02,0.0
298.17,1.0
281.67,3.0
254.62,1.0
258.17,4.0
129.4,2.0
66.55,3.0
155.48,0.0
274.48,1.0
271.25,2.0
319.25,3.0
308.27,
130.29,0.0
333.78,3.0
224.23,2.0
247.57,0.0
293.67,3.0
123.42,1.0
93.16,2.0
57.17,4.0
68.35,1.0
102.67,2.0
308.99,2.0
295.58,2.0
254.73,1.0
295.67,3.0
297.23,3.0
252.39,0.0
116.62,
353.69,3.0
308.91,2.0
97.85,1.0
157.75,1.0
149.9,1.0
91.26,4.0
152.52,0.0
329.49,3.0
340.19,4.0
336.52,3.0
307.76,2.0
106.26,3.0
285.04,0.0
309.06,1.0
329.4,3.0
316.17,
281.49,2.0
96.6,3.0
101.29,2.0
83.87,4.0
94.2,2.0
106.07,2.0
331.14,4.0
299.15,3.0
76.97,4.0
260.17,0.0
100.28,4.0
123.96,1.0
273.69,0.0
323.54,1.0
314.2,3.0
104.62,1.0
149.07,0.0
71.01,4.0
115.94,3.0
102.97,3.0
313.17,3.0
296.07,2.0
358.39,3.0
264.3,2.0
331.71,4.0
320.38,3.0
305.87,3.0
359.7,4.0
316.64,4.0
133.97,0.0
153.35,0.0
204.86,0.0
194.03,1.0
41.09,3.0
108.91,3.0
231.23,0.0
193.35,0.0
302.55,2.0
51.51,2.0
274.88,2.0
203.37,0.0
214.94,0.0
15.72,4.0
299.53,3.0
131.43,1.0
172.69,
132.63,1.0
333.42,2.0
290.37,2.0
321.48,2.0
256.5,1.0
256.55,0.0
241.24,0.0
305.75,0.0
109.26,2.0
114.84,2.0
147.65,0.0
132.0,0.0
299.77,2.0
222.77,1.0
219.28,0.0
356.21,2.0
68.88,4.0
132.08,
344.67,2.0
251.27,0.0
109.47,2.0
36.02,4.0
72.15,4.0
182.25,2.0
67.83,2.0
5.51,1.0
149.33,1.0
8.54,3.0
229.11,0.0
250.84,2.0
115.38,1.0
134.76,0.0
67.14,3.0
199.35,3.0
225.63,0.0
267.23,1.0
153.06,1.0
65.73,4.0
200.59,2.0
243.63,1.0
271.53,0.0
313.21,3.0
346.67,3.0
316.19,4.0
283.33,0.0
125.18,2.0
172.57,1.0
336.38,4.0
308.58,4.0
234.66,2.0
267.38,0.0
261.28,2.0
206.92,0.0
295.55,2.0
310.05,3.0
327.82,4.0
243.78,2.0
232.28,0.0
308.9,2.0
194.76,0.0
251.54,0.0
238.02,1.0
177.22,0.0
228.73,0.0
189.3,0.0
24.97,2.0
110.37,1.0
117.56,2.0
76.93,3.0
311.3,2.0
352.07,4.0
221.92,2.0
257.58,0.0
353.22,1.0
337.55,4.0
71.8,2.0
208.98,1.0
322.95,2.0
171.16,2.0
337.71,2.0
153.86,0.0
152.13,0.0
268.51,
50.4,4.0
37.76,4.0
339.1,2.0
195.91,4.0
74.62,3.0
156.11,1.0
181.53,1.0
52.29,3.0
326.69,3.0
291.89,2.0
179.1,0.0
308.36,1.0
37.13,3.0
170.67,0.0
134.57,0.0
255.72,0.0
343.16,2.0
80.86,0.0
151.55,2.0
259.51,2.0
339.1,2.0
283.94,3.0
335.11,4.0
336.86,4.0
235.47,2.0
279.66,1.0
274.97,0.0
103.24,3.0
72.85,3.0
144.7,2.0
178.43,1.0
183.42,0.0
249.18,0.0
341.34,3.0
328.36,4.0
218.51,1.0
47.57,4.0
308.61,3.0
317.63,2.0
232.6,0.0
81.76,2.0
151.77,1.0
148.84,1.0
26.93,4.0
4.65,2.0
142.42,2.0
50.57,2.0
128.49,1.0
338.0,4.0
158.15,2.0
88.7,1.0
277.37,1.0
87.94,1.0
324.72,4.0
273.86,1.0
220.37,0.0
215.83,0.0
337.15,3.0
260.63,1.0
172.48,1.0
113.32,0.0
228.41,
226.23,1.0
316.0,1.0
256.19,1.0
243.97,1.0
313.44,2.0
37.9,1.0
344.79,2.0
322.0,4.0
297.31,2.0
151.88,1.0
251.32,2.0
10.33,2.0
162.89,0.0
125.59,2.0
158.97,
56.51,3.0
53.51,3.0
193.3,0.0
110.64,0.0
340.88,4.0
276.75,3.0
92.89,4.0
71.61,3.0
112.99,4.0
311.0,2.0
95.99,1.0
80.99,3.0
65.18,2.0
145.66,1.0
160.39,1.0
170.48,0.0
243.43,0.0
258.12,1.0
111.4,2.0
279.68,1.0
286.04,3.0
240.7,0.0
21.42,2.0
34.13,4.0
169.05,
288.39,0.0
235.45,0.0
234.22,0.0
263.22,1.0
145.43,1.0
143.76,0.0
121.66,3.0
26.1,3.0
127.04,1.0
194.54,1.0
111.98,4.0
228.04,0.0
321.41,3.0
226.8,0.0
268.98,1.0
225.38,0.0
67.16,2.0
24.88,2.0
223.34,0.0
59.86,3.0
164.86,0.0
53.03,3.0
218.79,0.0
320.4,4.0
227.57,0.0
240.14,0.0
312.65,1.0
328.6,4.0
212.97,1.0
348.58,2.0
326.57,2.0
129.61,1.0
254.67,1.0
231.66,1.0
241.77,0.0
315.23,2.0
311.5,3.0
185.86,0.0
344.63,3.0
331.12,2.0
304.14,4.0
326.23,4.0
237.04,0.0
331.66,3.0
332.35,3.0
127.77,0.0
349.25,2.0
159.09,0.0
119.79,1.0
206.51,0.0
295.52,0.0
242.0,1.0
146.14,1.0
53.14,4.0
150.25,0.0
128.0,1.0
156.43,0.0
126.8,1.0
111.27,3.0
137.51,1.0
166.45,0.0
124.16,0.0
63.55,2.0
110.49,1.0
343.62,3.0
307.96,4.0
77.04,2.0
43.7,2.0
172.01,1.0
112.35,1.0
80.52,2.0
269.21,2.0
331.02,2.0
251.23,0.0
310.96,2.0
155.94,1.0
46.89,3.0
107.92,1.0
71.21,4.0
129.95,1.0
123.49,0.0
57.83,1.0
316.72,3.0
308.95,3.0
333.61,4.0
223.99,2.0
314.93,3.0
280.62,3.0
85.41,3.0
111.97,1.0
287.73,2.0
281.96,1.0
109.71,2.0
132.33,1.0
346.33,4.0
254.17,0.0
273.61,1.0
293.47,2.0
311.06,3.0
303.95,3.0
282.26,3.0
272.8,0.0
170.62,0.0
334.96,4.0
283.97,0.0
324.78,2.0
95.77,3.0
303.11,
272.34,0.0
225.99,0.0
52.75,3.0
133.13,0.0
157.43,2.0
286.46,2.0
111.6,3.0
173.79,0.0
37.8,2.0
138.93,0.0
210.54,1.0
313.61,2.0
332.85,
190.2,1.0
295.97,1.0
346.25,2.0
347.44,4.0
243.61,4.0
143.76,0.0
107.36,1.0
176.03,1.0
40.85,3.0
307.83,1.0
140.52,0.0
313.41,3.0
166.98,0.0
305.88,3.0
252.16,1.0
324.98,4.0
233.59,1.0
205.25,0.0
113.95,4.0
266.34,4.0
278.03,1.0
327.21,3.0
157.53,1.0
296.46,2.0
341.67,3.0
132.48,2.0
354.43,3.0
31.15,4.0
282.71,3.0
287.65,0.0
155.32,1.0
41.94,3.0
44.09,3.0
331.31,2.0
272.48,2.0
316.88,
150.51,3.0
232.73,0.0
322.72,1.0
239.35,3.0
141.05,1.0
58.21,3.0
178.36,
105.52,2.0
325.51,3.0
57.22,4.0
344.74,3.0
296.21,2.0
253.63,1.0
109.66,2.0
314.41,3.0
314.26,2.0
330.91,2.0
92.82,3.0
39.61,3.0
113.76,0.0
61.3,2.0
22.42,0.0
252.77,3.0
308.23,2.0
184.07,1.0
130.21,1.0
140.02,
318.6,3.0
57.48,1.0
102.93,2.0
50.66,3.0
38.83,2.0
285.56,2.0
120.6,1.0
22.85,3.0
118.27,0.0
45.01,2.0
111.44,0.0
140.19,1.0
274.45,1.0
236.45,2.0
359.61,2.0
116.73,2.0
129.4,0.0
359.0,3.0
275.77,2.0
294.83,2.0
292.31,2.0
184.85,3.0
188.21,0.0
251.16,2.0
164.73,0.0
195.64,0.0
48.61,1.0
222.99,2.0
113.81,0.0
340.32,4.0
12.72,2.0
167.1,0.0
252.4,1.0
326.34,1.0
184.57,0.0
314.84,3.0
226.71,2.0
303.14,4.0
237.12,1.0
330.85,3.0
290.96,4.0
197.86,1.0
180.62,0.0
137.16,1.0
29.19,4.0
88.37,
75.22,3.0
1.87,3.0
35.02,2.0
47.62,4.0
280.88,3.0
317.31,3.0
196.97,1.0
63.9,3.0
139.83,0.0
159.59,0.0
22.41,3.0
115.91,1.0
39.99,3.0
133.13,0.0
357.87,3.0
308.73,3.0
266.5,2.0
261.13,2.0
216.62,1.0
27.01,4.0
113.36,2.0
66.57,3.0
329.02,4.0
340.37,
308.18,3.0
119.62,0.0
89.72,1.0
36.39,3.0
151.39,2.0
60.85,2.0
272.35,2.0
342.65,2.0
265.91,4.0
258.51,
16.56,4.0
146.58,0.0
24.23,
9.78,2.0
44.54,3.0
119.68,1.0
133.7,0.0
128.81,1.0
69.71,2.0
195.33,3.0
230.67,0.0
263.93,0.0
96.71,2.0
131.83,1.0
93.44,3.0
165.71,0.0
37.78,4.0
59.44,3.0
322.17,4.0
234.37,2.0
297.88,3.0
205.41,0.0
68.29,2.0
20.39,3.0
81.89,2.0
33.58,2.0
177.11,0.0
113.9,2.0
168.16,2.0
254.72,2.0
303.72,
223.36,1.0
236.79,0.0
125.97,1.0
45.97,4.0
107.39,0.0
114.98,2.0
46.42,3.0
6.62,3.0
205.93,2.0
286.96,1.0
351.05,3.0
304.67,2.0
263.82,0.0
84.42,3.0
123.53,1.0
185.17,0.0
327.06,3.0
250.87,1.0
297.37,0.0
244.11,1.0
227.34,2.0
253.3,1.0
15.69,4.0
234.61,0.0
267.63,3.0
202.18,1.0
86.22,
135.99,1.0
40.93,2.0
159.74,0.0
77.04,3.0
143.1,1.0
117.91,1.0
130.93,2.0
47.05,4.0
68.96,
151.09,0.0
151.68,
209.75,0.0
229.51,0.0
235.71,0.0
339.95,3.0
113.76,1.0
120.51,1.0
200.6,2.0
223.32,1.0
317.93,3.0
325.75,3.0
255.25,0.0
309.12,4.0
229.01,0.0
269.33,1.0
279.64,1.0
348.63,2.0
108.14,0.0
319.9,3.0
215.39,0.0
321.23,1.0
357.53,2.0
315.31,
263.15,3.0
120.56,0.0
43.84,3.0
26.45,1.0
64.14,4.0
260.01,1.0
268.77,0.0
135.8,0.0
332.58,2.0
39.11,1.0
168.12,0.0
126.37,3.0
306.04,3.0
322.95,
73.46,
41.15,4.0
177.94,
159.04,0.0
293.7,1.0
278.42,1.0
189.23,0.0
126.47,
144.11,1.0
32.26,2.0
104.9,2.0
86.69,2.0
335.59,3.0
224.98,0.0
314.46,1.0
250.78,
355.36,3.0
235.53,2.0
99.53,2.0
65.25,3.0
36.7,2.0
110.11,1.0
183.24,0.0
50.26,3.0
343.11,3.0
344.11,3.0
320.99,4.0
234.42,0.0
52.87,4.0
147.75,
84.39,2.0
279.59,0.0
277.08,0.0
45.35,4.0
83.54,3.0
162.65,1.0
304.73,3.0
291.56,1.0
6.62,2.0
145.72,2.0
126.19,2.0
117.99,1.0
234.44,0.0
79.66,0.0
158.23,0.0
98.76,3.0
328.7,3.0
151.4,1.0
147.02,0.0
159.29,0.0
171.18,0.0
306.61,3.0
313.86,2.0
88.99,0.0
144.15,1.0
162.29,0.0
159.8,0.0
158.02,0.0
54.94,4.0
78.79,1.0
127.26,2.0
254.79,1.0
271.38,0.0
316.66,2.0
350.71,2.0
33.03,4.0
134.6,2.0
315.69,0.0
218.85,0.0
89.63,3.0
50.23,3.0
154.58,2.0
152.23,1.0
109.56,2.0
315.71,1.0
289.85,0.0
342.72,3.0
66.65,1.0
101.97,3.0
32.26,1.0
319.47,3.0
326.05,1.0
47.11,2.0
88.99,4.0
353.21,2.0
324.43,3.0
302.93,3.0
60.1,4.0
134.79,0.0
106.21,1.0
47.92,3.0
72.92,4.0
51.54,4.0
34.18,4.0
322.28,2.0
279.48,0.0
240.78,0.0
63.9,2.0
59.16,4.0
354.87,
301.55,3.0
73.42,1.0
315.26,3.0
89.91,0.0
95.29,0.0
350.9,2.0
227.4,1.0
230.28,1.0
76.59,2.0
356.74,2.0
216.4,0.0
213.66,1.0
80.35,2.0
97.79,
150.15,0.0
340.52,4.0
289.14,1.0
66.94,3.0
16.94,3.0
168.85,2.0
162.73,2.0
246.76,1.0
281.51,3.0
358.4,4.0
319.99,2.0
4.27,4.0
266.83,0.0
264.61,0.0
347.49,1.0
252.04,1.0
299.21,0.0
279.73,2.0
359.18,4.0
273.46,0.0
59.26,3.0
46.85,3.0
87.17,4.0
163.56,0.0
322.55,4.0
331.79,3.0
154.17,0.0
82.18,3.0
236.12,0.0
292.6,3.0
288.15,1.0
325.61,3.0
309.72,3.0
269.5,1.0
224.41,2.0
111.73,0.0
165.44,0.0
44.81,4.0
293.44,2.0
251.43,0.0
303.77,3.0
101.62,4.0
143.33,2.0
139.61,3.0
324.06,2.0
275.65,1.0
47.45,3.0
149.69,0.0
247.48,2.0
347.74,4.0
257.81,
318.18,2.0
313.31,4.0
43.57,3.0
109.07,2.0
332.52,2.0
242.68,1.0
14.89,4.0
324.74,
357.72,
153.92,0.0
310.24,4.0
329.58,3.0
56.24,1.0
147.46,0.0
54.5,3.0
90.93,3.0
138.59,0.0
305.03,2.0
3.51,2.0
251.94,0.0
355.14,4.0
277.98,
22.96,3.0
331.79,3.0
170.94,1.0
128.94,2.0
79.57,3.0
10.04,2.0
118.73,0.0
166.35,1.0
33.97,3.0
83.87,4.0
48.68,4.0
322.77,3.0
325.55,2.0
345.6,
257.97,0.0
273.6,0.0
305.27,1.0
178.39,0.0
247.79,0.0
340.11,3.0
335.58,4.0
332.7,2.0
292.16,3.0
166.06,1.0
129.35,0.0
2.73,2.0
50.9,2.0
132.48,2.0
168.28,0.0
285.83,2.0
312.3,1.0
331.11,4.0
350.21,4.0
318.7,2.0
128.96,1.0
90.19,0.0
266.59,0.0
143.73,1.0
168.53,1.0
112.33,0.0
116.72,3.0
161.37,1.0
342.21,3.0
310.81,2.0
127.78,2.0
190.26,0.0
135.17,3.0
320.32,1.0
241.2,1.0
310.96,4.0
300.2,1.0
95.58,3.0
67.62,
268.16,2.0
174.49,2.0
188.8,0.0
41.56,4.0
139.77,2.0
182.78,0.0
311.46,1.0
258.88,1.0
41.4,3.0
51.72,3.0
53.78,2.0
2.33,3.0
329.07,2.0
100.71,3.0
64.17,4.0
309.23,4.0
336.87,3.0
319.22,2.0
147.51,
83.93,4.0
178.6,0.0
130.96,0.0
219.22,0.0
356.63,4.0
274.38,1.0
274.98,
347.08,4.0
242.58,0.0
293.6,2.0
342.93,
319.47,3.0
295.08,1.0
326.9,3.0
355.89,4.0
330.5,2.0
349.7,4.0
326.89,3.0
345.6,
273.52,0.0
239.8,1.0
355.05,4.0
245.21,0.0
296.4,2.0
99.97,2.0
97.26,3.0
118.03,0.0
94.57,2.0
132.24,0.0
303.18,4.0
78.6,4.0
136.57,0.0
62.15,4.0
296.91,3.0
273.65,1.0
127.64,0.0
137.76,1.0
283.85,0.0
292.82,0.0
341.13,4.0
265.71,0.0
147.11,0.0
89.76,3.0
1.54,3.0
239.27,1.0
330.05,2.0
309.28,2.0
315.49,4.0
138.01,0.0
119.35,1.0
61.65,3.0
237.55,0.0
306.1,4.0
340.89,1.0
240.29,0.0
270.24,0.0
301.04,2.0
300.04,1.0
309.46,0.0
281.13,2.0
307.15,4.0
130.8,2.0
29.63,4.0
156.0,2.0
95.56,1.0
117.26,2.0
314.25,2.0
288.37,1.0
301.81,
110.96,2.0
152.54,0.0
105.73,2.0
104.39,4.0
41.6,3.0
161.61,2.0
128.11,0.0
34.7,4.0
35.77,3.0
243.87,3.0
319.66,4.0
340.42,4.0
298.01,3.0
329.34,3.0
356.34,4.0
276.86,4.0
304.49,2.0
339.86,2.0
249.15,1.0
276.5,0.0
88.85,3.0
328.51,3.0
252.73,1.0
262.8,0.0
247.56,0.0
4.15,4.0
257.22,0.0
347.48,
342.89,4.0
177.63,0.0
319.36,3.0
265.52,0.0
52.71,4.0
93.72,1.0
245.69,1.0
96.25,2.0
84.5,2.0
345.51,3.0
317.19,2.0
202.41,2.0
289.24,3.0
291.89,4.0
266.15,2.0
247.91,1.0
284.32,3.0
267.83,2.0
211.91,2.0
68.28,
39.9,4.0
337.92,
315.78,4.0
133.78,0.0
70.91,3.0
96.85,1.0
331.19,3.0
236.68,1.0
230.21,0.0
325.31,3.0
294.51,2.0
254.56,1.0
33.79,2.0
112.06,2.0
33.93,3.0
23.71,4.0
56.42,4.0
326.72,3.0
213.28,1.0
275.27,2.0
240.27,0.0
110.63,0.0
76.55,2.0
103.54,0.0
131.76,
97.73,
132.29,
340.22,3.0
200.82,2.0
321.73,3.0
111.37,1.0
85.96,2.0
63.53,2.0
13.32,2.0
235.34,0.0
285.89,3.0
333.18,3.0
61.75,3.0
114.51,2.0
240.24,3.0
332.48,4.0
269.81,4.0
142.39,2.0
110.52,0.0
90.8,2.0
36.86,3.0
117.35,3.0
88.65,3.0
248.09,1.0
337.54,3.0
336.93,3.0
331.52,3.0
266.48,2.0
357.36,3.0
301.74,4.0
228.84,0.0
227.4,2.0
278.17,4.0
324.43,4.0
293.57,3.0
137.09,2.0
58.99,4.0
151.95,0.0
97.32,2.0
62.84,2.0
177.73,0.0
305.2,3.0
307.5,
150.29,2.0
98.16,3.0
267.44,0.0
221.39,0.0
284.43,0.0
133.16,2.0
109.9,3.0
288.31,1.0
300.44,0.0
170.96,2.0
80.21,1.0
292.85,1.0
294.26,2.0
341.24,4.0
103.23,1.0
47.41,3.0
101.53,3.0
154.5,
129.97,0.0
55.34,4.0
119.61,2.0
80.78,3.0
86.95,1.0
106.19,2.0
110.64,1.0
81.08,3.0
335.76,1.0
280.64,0.0
154.05,0.0
22.24,2.0
114.58,2.0
72.33,4.0
152.68,1.0
97.08,4.0
134.16,0.0
132.95,0.0
255.92,0.0
326.8,2.0
297.71,3.0
236.39,0.0
215.88,2.0
295.1,3.0
310.38,3.0
118.67,2.0
112.86,2.0
126.52,1.0
232.67,1.0
264.08,0.0
272.19,1.0
128.2,1.0
7.31,3.0
132.06,0.0
60.96,3.0
126.11,0.0
19.68,4.0
350.07,4.0
252.69,0.0
287.77,0.0
9.91,3.0
279.88,2.0
151.11,0.0
1.82,3.0
147.1,2.0
111.37,0.0
80.21,4.0
139.75,
74.34,3.0
67.0,4.0
133.84,1.0
136.68,2.0
129.54,1.0
188.57,1.0
156.87,0.0
60.76,3.0
277.65,4.0
273.76,3.0
272.1,3.0
281.33,4.0
114.89,4.0
140.05,1.0
130.12,0.0
109.98,2.0
304.97,0.0
257.77,4.0
283.07,2.0
285.83,0.0
323.94,3.0
323.51,1.0
140.89,0.0
31.63,2.0
62.34,3.0
229.05,0.0
328.12,3.0
245.99,2.0
34.19,4.0
236.64,0.0
234.47,1.0
53.56,1.0
129.02,0.0
333.5,4.0
224.46,2.0
239.42,0.0
249.05,1.0
335.05,1.0
307.77,1.0
313.07,2.0
344.49,3.0
290.17,2.0
72.95,1.0
55.34,3.0
27.51,2.0
57.88,
314.85,1.0
8.89,3.0
329.13,4.0
339.2,3.0
242.45,0.0
83.5,3.0
202.76,3.0
140.02,2.0
112.42,2.0
61.79,3.0
76.06,2.0
116.35,2.0
90.9,1.0
116.59,4.0
352.02,4.0
313.62,4.0
141.7,1.0
62.77,2.0
27.47,1.0
56.55,4.0
118.31,3.0
109.93,1.0
30.84,3.0
42.06,4.0
0.16,1.0
306.4,2.0
334.07,3.0
224.92,1.0
334.67,2.0
107.07,1.0
102.89,0.0
26.21,2.0
100.01,2.0
181.32,0.0
51.56,4.0
83.71,1.0
84.75,1.0
7.44,4.0
166.84,1.0
250.22,0.0
235.42,1.0
80.42,2.0
185.33,2.0
331.93,3.0
331.66,3.0
300.13,2.0
241.85,2.0
153.2,0.0
330.87,3.0
143.17,0.0
195.73,
142.59,0.0
177.56,0.0
159.78,0.0
76.12,4.0
243.91,0.0
156.02,1.0
147.33,0.0
226.33,0.0
53.82,2.0
329.64,2.0
139.08,2.0
324.29,2.0
219.84,0.0
313.86,2.0
92.14,2.0
123.75,1.0
173.71,1.0
242.46,2.0
189.09,1.0
345.7,2.0
268.67,
325.87,2.0
131.1,1.0
97.62,3.0
10.67,3.0
290.71,3.0
111.84,1.0
89.37,2.0
355.02,2.0
346.46,2.0
296.37,0.0
103.09,3.0
126.37,1.0
134.54,2.0
73.86,3.0
114.54,2.0
40.47,
55.45,3.0
159.46,0.0
84.3,3.0
161.29,1.0
204.52,0.0
213.58,0.0
263.14,1.0
275.09,0.0
189.05,1.0
307.16,3.0
314.31,3.0
15.72,4.0
252.49,0.0
76.81,4.0
150.62,2.0
270.7,0.0
148.44,1.0
308.71,4.0
283.18,1.0
91.89,0.0
329.27,4.0
259.38,0.0
244.07,1.0
89.68,4.0
131.17,3.0
164.17,0.0
79.67,4.0
228.18,0.0
242.97,1.0
312.66,3.0
194.81,0.0
260.99,1.0
296.37,2.0
242.42,2.0
115.8,4.0
123.39,2.0
56.1,3.0
153.62,0.0
115.22,1.0
88.02,3.0
351.98,3.0
167.81,0.0
285.04,2.0
133.55,2.0
43.3,4.0
187.97,0.0
109.33,2.0
285.74,3.0
74.88,2.0
74.78,4.0
133.69,2.0
335.86,4.0
345.0,
294.91,2.0
267.84,1.0
359.3,3.0
352.72,3.0
329.39,3.0
118.95,0.0
52.49,4.0
75.17,4.0
133.03,2.0
84.43,1.0
332.88,2.0
215.9,1.0
321.06,2.0
141.32,2.0
118.16,1.0
88.85,1.0
30.92,4.0
72.9,2.0
20.83,
298.53,1.0
237.2,0.0
289.57,2.0
138.88,0.0
133.36,0.0
275.88,3.0
294.45,3.0
270.87,2.0
129.3,0.0
70.75,3.0
329.28,2.0
130.86,2.0
80.4,2.0
148.54,
154.08,2.0
261.03,2.0
327.29,
230.58,2.0
218.71,0.0
138.99,1.0
70.2,4.0
134.67,0.0
298.34,3.0
326.22,3.0
77.36,0.0
42.82,4.0
269.95,1.0
6.9,3.0
323.31,3.0
230.82,0.0
324.17,2.0
45.97,3.0
229.94,2.0
191.55,0.0
93.29,0.0
156.77,0.0
72.93,2.0
79.06,2.0
160.03,0.0
52.03,3.0
64.06,3.0
276.73,3.0
317.55,3.0
51.2,1.0
302.45,2.0
336.0,4.0
3.13,1.0
308.78,
326.97,
268.4,
150.16,0.0
287.41,2.0
307.79,3.0
257.48,1.0
326.82,4.0
249.65,1.0
217.3,0.0
328.03,3.0
316.04,2.0
77.21,1.0
42.36,3.0
128.6,1.0
38.92,4.0
103.44,1.0
105.16,0.0
290.06,0.0
306.29,3.0
201.35,
331.96,3.0
183.33,1.0
133.59,1.0
57.24,2.0
123.97,3.0
102.22,4.0
149.26,1.0
230.89,0.0
184.21,0.0
212.31,0.0
289.59,3.0
256.67,2.0
166.69,1.0
134.91,2.0
62.7,2.0
309.92,3.0
37.1,4.0
100.87,4.0
323.95,4.0
214.3,0.0
229.53,0.0
237.43,0.0
302.19,3.0
277.95,4.0
300.23,0.0
78.54,3.0
26.72,2.0
213.09,1.0
136.18,1.0
155.45,0.0
96.04,3.0
275.85,0.0
267.17,1.0
262.8,1.0
144.93,0.0
157.95,0.0
70.77,3.0
286.9,1.0
157.93,0.0
326.74,1.0
256.53,1.0
266.75,0.0
313.09,3.0
299.47,2.0
140.42,0.0
69.8,3.0
141.44,1.0
254.68,0.0
256.11,1.0
138.8,1.0
145.57,0.0
107.69,3.0
154.5,
92.67,3.0
163.17,0.0
55.62,3.0
177.3,1.0
134.38,3.0
70.28,2.0
24.67,4.0
174.57,1.0
74.36,3.0
84.7,
50.11,4.0
227.83,1.0
205.49,1.0
84.33,3.0
103.88,0.0
83.84,1.0
59.89,4.0
281.97,0.0
145.58,0.0
19.78,3.0
89.19,2.0
14.65,4.0
45.76,2.0
98.29,0.0
291.9,2.0
354.94,2.0
317.06,3.0
294.65,1.0
198.6,0.0
317.66,2.0
344.05,3.0
352.17,3.0
342.32,
196.75,3.0
319.08,2.0
288.72,0.0
265.68,1.0
148.7,0.0
160.79,
134.07,2.0
136.38,1.0
146.08,1.0
127.25,1.0
304.37,3.0
312.05,3.0
274.74,3.0
249.07,0.0
180.36,1.0
35.9,3.0
127.59,2.0
81.25,
143.81,1.0
186.2,1.0
326.23,0.0
123.95,1.0
266.41,2.0
269.47,0.0
346.95,4.0
288.53,0.0
351.58,4.0
137.81,1.0
161.59,0.0
74.11,4.0
166.52,0.0
255.77,0.0
142.93,1.0
152.22,0.0
134.88,1.0
349.76,4.0
331.03,3.0
290.17,2.0
286.14,2.0
273.03,4.0
87.89,2.0
73.68,3.0
84.53,4.0
167.3,1.0
116.35,2.0
66.91,2.0
172.85,0.0
258.1,1.0
68.64,4.0
264.07,0.0
160.7,0.0
89.15,3.0
73.06,3.0
162.98,1.0
114.33,3.0
260.61,0.0
226.5,2.0
141.4,0.0
84.17,2.0
121.61,2.0
57.35,1.0
164.76,2.0
31.14,4.0
258.48,1.0
198.52,0.0
290.31,2.0
205.78,0.0
245.26,2.0
28.11,4.0
140.8,2.0
292.41,1.0
180.69,1.0
54.99,1.0
266.63,2.0
310.96,1.0
137.33,
135.37,1.0
240.9,1.0
267.47,3.0
279.89,0.0
226.78,1.0
153.64,2.0
182.34,0.0
229.77,1.0
216.9,0.0
208.98,1.0
346.69,3.0
260.06,1.0
260.35,2.0
319.14,3.0
315.29,3.0
6.5,3.0
258.51,0.0
73.37,3.0
119.32,3.0
75.55,3.0
110.26,2.0
99.7,2.0
228.79,1.0
278.87,1.0
89.59,1.0
340.21,3.0
87.69,2.0
261.28,1.0
348.23,3.0
304.83,3.0
101.34,3.0
61.12,2.0
237.09,0.0
353.68,3.0
324.67,4.0
153.27,0.0
52.61,4.0
86.71,3.0
128.78,2.0
125.72,
104.12,2.0
128.49,3.0
89.18,3.0
199.78,0.0
331.49,3.0
351.23,
52.72,4.0
165.66,0.0
140.55,0.0
317.15,3.0
257.95,1.0
170.81,0.0
152.25,0.0
91.68,3.0
162.11,
74.5,2.0
246.5,0.0
240.46,1.0
95.07,3.0
316.57,2.0
74.37,2.0
126.39,2.0
167.09,1.0
107.54,2.0
149.02,0.0
344.64,2.0
336.9,4.0
248.88,0.0
4.01,4.0
304.67,3.0
297.4,3.0
215.84,0.0
128.5,2.0
250.34,2.0
146.93,0.0
148.7,2.0
33.92,4.0
77.34,4.0
82.52,1.0
139.94,2.0
18.64,4.0
83.69,2.0
148.02,0.0
108.34,
118.77,1.0
33.34,3.0
238.57,0.0
311.39,2.0
123.15,1.0
25.74,3.0
43.47,3.0
265.36,0.0
308.01,2.0
322.7,3.0
321.21,4.0
249.23,1.0
79.38,1.0
101.27,2.0
312.98,2.0
278.68,2.0
268.61,1.0
336.87,3.0
271.18,3.0
319.91,4.0
222.37,3.0
307.18,1.0
98.64,1.0
88.11,2.0
332.86,2.0
239.07,1.0
68.39,3.0
328.36,3.0
336.43,1.0
303.08,2.0
20.58,4.0
104.84,1.0
349.64,4.0
324.16,4.0
248.89,2.0
313.54,3.0
316.05,3.0
327.47,3.0
214.72,1.0
307.73,3.0
127.61,2.0
196.24,0.0
121.74,2.0
94.1,0.0
330.17,3.0
236.93,1.0
262.13,1.0
315.1,3.0
19.91,4.0
338.35,
328.28,4.0
16.02,4.0
92.79,3.0
188.33,
22.43,3.0
228.89,0.0
275.59,2.0
91.78,1.0
96.94,3.0
80.58,4.0
50.71,1.0
36.84,4.0
139.16,1.0
350.57,2.0
110.07,3.0
100.65,2.0
52.82,4.0
305.44,3.0
342.96,4.0
168.88,0.0
250.22,0.0
295.87,0.0
322.69,4.0
79.07,1.0
118.41,0.0
42.09,
50.7,4.0
81.06,0.0
205.88,1.0
18.15,2.0
237.91,1.0
316.25,2.0
303.89,1.0
113.61,0.0
358.2,4.0
357.01,3.0
269.4,2.0
100.6,2.0
130.91,0.0
303.07,2.0
314.39,4.0
266.49,3.0
354.49,2.0
218.39,1.0
341.55,4.0
278.67,2.0
274.53,4.0
272.75,3.0
2.46,4.0
3.0,4.0
64.31,3.0
149.83,0.0
54.46,4.0
163.84,0.0
95.72,0.0
168.27,0.0
125.45,1.0
253.82,0.0
199.97,0.0
242.87,1.0
136.08,1.0
85.37,3.0
96.66,1.0
339.67,2.0
327.71,3.0
329.34,3.0
162.17,0.0
95.54,3.0
225.85,0.0
301.97,0.0
27.16,3.0
172.26,1.0
97.71,3.0
230.91,0.0
341.1,4.0
141.01,1.0
56.78,3.0
146.47,1.0
132.14,1.0
197.97,2.0
240.56,0.0
350.22,2.0
130.61,1.0
344.96,2.0
256.39,1.0
320.87,3.0
326.68,4.0
310.86,
111.27,2.0
311.63,3.0
134.15,1.0
112.32,0.0
50.07,2.0
276.42,0.0
277.22,0.0
326.3,1.0
286.14,0.0
257.49,1.0
342.31,4.0
252.11,1.0
221.89,0.0
159.98,0.0
53.69,4.0
113.49,2.0
324.81,3.0
321.69,3.0
317.49,3.0
262.59,2.0
288.88,1.0
319.34,
187.93,0.0
21.29,2.0
149.73,1.0
196.45,0.0
21.66,2.0
118.27,1.0
245.15,1.0
260.75,1.0
44.63,3.0
37.8,2.0
109.83,2.0
122.19,2.0
67.13,1.0
350.91,4.0
256.22,3.0
304.05,3.0
129.59,1.0
304.78,2.0
203.86,1.0
302.57,3.0
98.92,1.0
107.2,1.0
113.8,0.0
79.22,1.0
80.05,3.0
135.81,0.0
63.53,2.0
286.97,1.0
350.53,3.0
234.53,1.0
304.62,3.0
77.35,3.0
138.52,1.0
29.7,4.0
106.28,2.0
66.21,
204.05,0.0
241.92,0.0
157.63,0.0
130.11,0.0
56.57,2.0
155.81,1.0
146.57,0.0
308.94,3.0
151.01,2.0
87.6,2.0
107.06,3.0
114.58,2.0
129.47,1.0
44.95,3.0
177.11,2.0
115.92,1.0
135.91,0.0
333.58,4.0
265.6,2.0
226.7,1.0
284.45,3.0
262.11,1.0
249.57,2.0
89.73,2.0
21.5,1.0
7.29,1.0
136.74,
347.86,2.0
6.12,
312.01,2.0
330.08,4.0
94.92,0.0
265.9,1.0
211.54,1.0
225.72,0.0
128.45,2.0
58.05,3.0
66.58,1.0
77.25,3.0
266.9,2.0
268.82,0.0
0.17,2.0
149.96,1.0
160.95,1.0
157.65,2.0
20.84,2.0
249.8,1.0
154.97,2.0
135.49,2.0
307.32,4.0
304.5,1.0
270.88,0.0
289.11,2.0
324.89,3.0
82.42,2.0
140.04,1.0
54.25,4.0
163.8,3.0
199.3,0.0
227.16,2.0
250.34,0.0
125.45,2.0
148.89,1.0
216.24,1.0
246.85,1.0
219.07,1.0
352.18,2.0
291.2,2.0
317.59,4.0
29.71,1.0
107.9,2.0
138.9,0.0
59.96,3.0
37.86,4.0
309.7,1.0
118.05,0.0
92.11,1.0
32.89,3.0
344.52,2.0
135.52,1.0
263.75,0.0
249.6,1.0
94.47,1.0
125.0,1.0
206.64,0.0
254.11,
288.55,4.0
107.92,1.0
150.92,1.0
142.49,2.0
78.88,2.0
38.88,
243.24,0.0
349.94,3.0
346.91,1.0
55.23,3.0
124.14,0.0
114.97,0.0
6.35,4.0
307.05,3.0
310.38,2.0
287.59,2.0
349.44,4.0
319.41,2.0
75.33,2.0
301.1,
266.63,3.0
221.65,0.0
258.96,0.0
100.08,
242.03,1.0
297.86,2.0
142.3,1.0
321.72,3.0
215.42,0.0
27.77,4.0
52.36,2.0
62.73,2.0
69.92,2.0
144.84,1.0
213.99,2.0
307.28,4.0
341.47,4.0
155.54,3.0
91.46,3.0
119.47,4.0
228.78,0.0
172.0,0.0
61.18,4.0
352.76,2.0
309.52,4.0
250.86,2.0
254.07,1.0
35.21,1.0
61.56,3.0
194.06,2.0
235.59,0.0
229.0,0.0
299.81,1.0
32.28,
62.55,4.0
60.26,3.0
155.04,1.0
231.21,1.0
172.14,0.0
222.84,0.0
53.04,4.0
231.52,0.0
9.02,3.0
344.57,3.0
90.59,3.0
53.83,4.0
137.54,1.0
164.47,1.0
266.46,1.0
302.85,2.0
283.34,1.0
239.28,2.0
69.35,3.0
271.82,1.0
145.86,0.0
92.91,3.0
240.44,0.0
325.24,3.0
76.25,
156.43,0.0
302.94,3.0
239.85,
114.67,1.0
109.08,0.0
193.5,
345.72,4.0
293.9,
124.07,1.0
120.39,1.0
302.7,2.0
277.69,2.0
271.85,3.0
2.71,3.0
125.88,0.0
332.67,4.0
178.5,
302.86,3.0
262.76,2.0
92.98,3.0
88.6,2.0
138.71,2.0
144.11,1.0
259.24,2.0
108.79,1.0
147.17,0.0
171.16,0.0
126.45,3.0
71.38,
148.31,1.0
251.3,1.0
310.9,3.0
249.51,0.0
233.29,0.0
151.4,1.0
327.34,3.0
283.58,3.0
274.22,2.0
309.63,3.0
348.23,4.0
342.96,4.0
257.11,0.0
167.9,1.0
42.97,3.0
76.41,3.0
173.64,0.0
278.06,0.0
309.68,2.0
290.87,1.0
238.88,1.0
319.78,3.0
164.03,3.0
120.2,
147.03,0.0
97.06,1.0
4.3,3.0
118.33,3.0
241.28,0.0
211.24,0.0
121.73,0.0
143.46,0.0
5.2,4.0
100.36,1.0
347.71,3.0
199.84,2.0
282.12,1.0
217.15,1.0
124.1,0.0
58.13,3.0
338.4,3.0
311.51,4.0
130.91,0.0
67.85,
134.59,
312.0,
347.94,3.0
248.93,0.0
60.94,4.0
135.34,0.0
40.32,3.0
207.38,2.0
309.19,4.0
299.85,3.0
294.1,1.0
118.1,1.0
306.49,2.0
269.74,1.0
224.28,0.0
257.75,0.0
132.48,1.0
72.43,2.0
103.46,2.0
31.35,1.0
146.97,0.0
328.21,3.0
184.52,
46.23,2.0
59.26,2.0
104.77,0.0
145.47,0.0
183.48,1.0
186.72,0.0
348.98,1.0
65.24,2.0
111.34,2.0
38.82,3.0
34.42,1.0
342.13,3.0
329.81,3.0
333.06,
10.94,3.0
327.83,1.0
222.73,1.0
151.11,0.0
135.63,0.0
288.67,2.0
94.93,1.0
95.51,2.0
348.32,4.0
169.13,0.0
236.33,0.0
337.01,3.0
240.36,2.0
3.23,3.0
316.85,2.0
91.23,1.0
87.05,4.0
85.59,4.0
217.98,1.0
227.61,0.0
318.21,3.0
78.95,4.0
72.04,4.0
53.34,3.0
45.08,4.0
39.05,4.0
163.37,
305.34,2.0
310.29,2.0
268.7,0.0
288.56,0.0
170.03,0.0
239.55,0.0
224.91,1.0
230.67,1.0
257.26,
237.43,
156.97,0.0
118.65,0.0
161.81,0.0
46.63,4.0
340.8,
348.82,3.0
50.06,2.0
86.75,1.0
47.88,3.0
0.16,3.0
321.02,4.0
241.22,1.0
280.94,1.0
272.23,3.0
105.57,3.0
94.59,3.0
259.97,2.0
330.97,4.0
279.75,3.0
260.33,2.0
96.07,1.0
83.87,3.0
145.67,1.0
40.71,4.0
282.36,2.0
156.19,0.0
337.53,4.0
336.37,2.0
267.88,
255.2,2.0
330.1,2.0
295.74,1.0
72.38,2.0
85.15,4.0
281.19,3.0
260.94,1.0
257.78,0.0
100.84,2.0
90.49,3.0
125.65,3.0
344.67,2.0
258.08,2.0
311.79,2.0
294.22,1.0
307.27,3.0
281.53,1.0
96.98,2.0
56.85,3.0
146.44,0.0
131.59,
332.29,3.0
293.57,1.0
224.78,1.0
300.08,3.0
327.39,2.0
221.66,0.0
308.06,1.0
312.91,3.0
248.28,2.0
259.73,0.0
329.1,1.0
13.75,3.0
106.97,0.0
65.45,
100.72,3.0
110.46,2.0
99.3,2.0
131.11,2.0
269.2,4.0
327.11,2.0
295.17,2.0
2.53,4.0
272.62,1.0
106.69,2.0
155.48,0.0
83.77,4.0
126.64,0.0
144.91,0.0
9.81,3.0
325.39,4.0
313.36,4.0
258.5,0.0
318.33,1.0
347.2,3.0
308.75,4.0
193.33,0.0
276.1,1.0
278.26,2.0
298.56,1.0
115.78,1.0
122.46,1.0
144.58,1.0
12.3,3.0
192.6,1.0
9.83,2.0
300.36,4.0
59.18,3.0
180.47,0.0
96.97,3.0
73.19,3.0
105.96,2.0
50.32,4.0
134.66,4.0
26.16,3.0
143.51,0.0
81.1,2.0
151.94,2.0
29.61,3.0
186.93,0.0
148.04,1.0
79.55,2.0
293.7,1.0
356.95,
287.14,0.0
190.2,1.0
308.16,0.0
52.88,2.0
295.87,0.0
163.93,0.0
12.13,2.0
347.89,4.0
104.76,2.0
217.86,1.0
170.86,1.0
309.94,0.0
222.77,0.0
310.92,0.0
217.52,0.0
337.19,3.0
281.61,2.0
35.09,1.0
52.53,4.0
274.72,1.0
340.37,1.0
25.9,3.0
200.84,0.0
165.41,0.0
56.87,3.0
165.34,
300.89,1.0
303.81,2.0
211.73,1.0
67.92,2.0
166.85,0.0
143.88,2.0
94.15,4.0
160.18,1.0
39.15,3.0
184.94,1.0
157.86,0.0
165.3,0.0
65.02,3.0
0.96,3.0
15.92,4.0
140.84,1.0
18.4,3.0
202.32,2.0
124.72,1.0
48.49,3.0
177.5,0.0
29.82,4.0
321.43,3.0
21.45,4.0
213.03,0.0
286.35,3.0
340.82,2.0
252.41,2.0
311.97,3.0
288.73,3.0
236.82,0.0
9.43,3.0
232.71,1.0
74.32,2.0
177.37,0.0
149.27,0.0
91.43,3.0
116.98,2.0
280.89,1.0
335.02,3.0
48.78,2.0
300.39,1.0
331.65,3.0
115.06,1.0
137.97,2.0
245.89,0.0
309.03,1.0
203.55,0.0
259.83,0.0
249.83,1.0
245.96,0.0
101.63,2.0
146.63,4.0
92.34,0.0
267.19,1.0
254.23,0.0
129.8,0.0
141.19,
98.94,3.0
95.12,4.0
117.75,1.0
162.32,0.0
106.06,2.0
87.69,4.0
46.78,3.0
285.88,2.0
311.53,2.0
333.84,4.0
107.45,4.0
158.98,1.0
79.7,4.0
73.03,
272.36,4.0
270.9,1.0
138.14,
192.17,1.0
126.07,1.0
284.11,1.0
247.03,0.0
112.78,2.0
299.63,3.0
250.25,2.0
290.14,1.0
261.21,1.0
102.27,4.0
73.54,2.0
326.17,4.0
88.52,2.0
310.47,3.0
328.2,3.0
166.71,0.0
108.69,2.0
65.83,2.0
134.26,0.0
315.59,3.0
357.54,3.0
276.38,1.0
217.03,0.0
302.95,2.0
288.92,
203.34,2.0
60.59,4.0
156.16,0.0
66.87,4.0
292.86,1.0
302.86,2.0
277.82,1.0
321.84,4.0
290.6,2.0
243.02,0.0
5.44,3.0
177.32,1.0
4.48,2.0
216.8,1.0
2.6,3.0
31.66,4.0
44.63,1.0
304.35,2.0
203.43,1.0
348.6,3.0
59.26,0.0
138.22,0.0
74.79,2.0
44.4,2.0
31.69,3.0
32.78,1.0
153.12,1.0
60.34,3.0
167.03,0.0
52.49,3.0
93.63,2.0
43.77,3.0
58.57,4.0
326.75,2.0
229.48,1.0
293.76,1.0
216.73,1.0
342.61,3.0
166.65,2.0
129.67,1.0
112.4,2.0
92.19,2.0
133.22,0.0
144.99,0.0
299.31,2.0
258.2,2.0
346.37,4.0
103.65,2.0
117.38,1.0
110.87,1.0
320.98,2.0
352.25,3.0
246.77,1.0
122.68,2.0
111.69,2.0
117.14,1.0
141.96,
317.38,3.0
309.01,1.0
279.55,0.0
131.83,2.0
74.39,2.0
142.28,1.0
336.62,4.0
341.91,3.0
212.21,2.0
226.91,1.0
242.38,0.0
322.3,4.0
338.66,3.0
249.92,1.0
337.66,2.0
202.97,1.0
279.81,0.0
290.55,4.0
216.78,0.0
171.6,2.0
176.25,0.0
25.49,1.0
176.99,0.0
54.7,3.0
166.41,0.0
101.79,0.0
325.49,2.0
346.09,1.0
41.55,2.0
73.66,2.0
170.17,0.0
176.7,0.0
177.74,1.0
170.36,1.0
67.96,2.0
171.53,0.0
216.7,1.0
90.39,0.0
274.86,0.0
65.23,4.0
345.27,4.0
236.77,2.0
1.94,3.0
223.69,0.0
4.67,4.0
332.71,2.0
159.5,2.0
75.91,2.0
90.36,2.0
111.28,2.0
120.17,3.0
137.55,1.0
82.82,3.0
342.28,3.0
230.59,0.0
103.68,3.0
152.21,0.0
46.11,3.0
48.41,2.0
153.41,0.0
55.13,2.0
291.66,4.0
318.53,4.0
218.55,2.0
62.5,4.0
50.96,4.0
177.88,0.0
56.29,2.0
215.57,1.0
212.61,0.0
323.04,2.0
217.52,0.0
353.88,2.0
335.89,2.0
242.65,0.0
354.13,2.0
61.47,4.0
62.42,3.0
310.59,2.0
272.3,1.0
123.29,0.0
116.08,0.0
193.73,0.0
252.95,1.0
306.09,3.0
319.86,3.0
5.11,4.0
286.12,1.0
330.91,3.0
344.75,3.0
260.01,2.0
348.35,
37.68,4.0
41.39,4.0
125.8,
121.4,1.0
96.73,1.0
57.38,3.0
155.24,0.0
55.56,4.0
253.52,0.0
0.47,4.0
226.13,0.0
278.16,0.0
105.91,1.0
70.45,3.0
340.65,4.0
229.57,1.0
92.04,0.0
242.7,1.0
120.56,1.0
277.41,0.0
330.74,3.0
300.17,4.0
242.67,1.0
265.15,1.0
153.93,0.0
191.51,1.0
124.6,1.0
182.87,1.0
335.29,0.0
149.32,2.0
138.27,1.0
148.38,0.0
169.95,
148.52,0.0
103.74,1.0
57.01,4.0
63.43,1.0
107.52,0.0
284.2,0.0
193.8,0.0
105.02,2.0
98.04,0.0
32.53,2.0
38.73,4.0
277.37,2.0
260.79,1.0
349.72,3.0
277.96,1.0
251.81,0.0
227.8,2.0
141.52,0.0
247.64,2.0
218.01,1.0
206.63,2.0
282.89,3.0
95.41,1.0
68.15,1.0
162.78,
72.89,2.0
125.57,2.0
317.55,4.0
348.31,2.0
331.42,3.0
61.86,3.0
121.06,1.0
75.94,4.0
170.67,1.0
321.66,4.0
331.69,4.0
198.37,1.0
36.29,3.0
95.76,3.0
296.82,2.0
315.7,4.0
108.94,0.0
189.52,1.0
303.44,2.0
284.9,2.0
198.72,0.0
162.03,0.0
187.84,0.0
159.45,0.0
110.89,2.0
99.01,
14.24,3.0
231.48,2.0
235.57,2.0
304.75,1.0
157.47,3.0
11.89,1.0
62.81,4.0
39.79,4.0
276.49,1.0
290.83,2.0
326.36,3.0
260.51,1.0
314.16,2.0
286.3,1.0
66.6,1.0
93.06,1.0
20.22,3.0
1.55,4.0
337.28,1.0
342.07,4.0
91.57,2.0
116.95,0.0
252.47,0.0
342.37,3.0
229.81,0.0
101.17,2.0
237.65,1.0
202.56,0.0
334.69,1.0
359.67,3.0
42.46,3.0
158.98,0.0
140.86,2.0
34.05,4.0
304.76,2.0
339.96,3.0
222.99,2.0
303.33,4.0
313.64,3.0
229.35,1.0
254.59,1.0
336.35,4.0
316.26,4.0
341.81,4.0
348.98,4.0
352.81,
320.07,3.0
245.01,0.0
257.41,1.0
305.71,1.0
281.47,1.0
244.37,0.0
19.53,4.0
9.09,4.0
11.27,3.0
180.21,1.0
345.43,2.0
322.9,0.0
243.17,0.0
347.7,2.0
258.22,1.0
215.09,1.0
86.45,1.0
99.78,3.0
133.56,2.0
27.99,1.0
85.03,2.0
244.45,0.0
94.15,
54.61,4.0
280.1,1.0
274.25,1.0
153.76,1.0
112.16,3.0
107.18,2.0
178.31,1.0
174.38,1.0
134.79,2.0
132.53,0.0
149.96,1.0
80.09,3.0
332.71,3.0
1.46,
230.18,2.0
19.31,3.0
45.28,2.0
24.33,2.0
150.11,1.0
110.17,2.0
142.33,2.0
74.66,2.0
135.22,2.0
277.51,2.0
349.96,2.0
121.32,2.0
88.99,1.0
80.84,3.0
128.5,1.0
81.15,4.0
173.37,0.0
98.71,3.0
134.41,1.0
203.23,1.0
333.13,2.0
298.36,2.0
221.91,0.0
212.68,0.0
224.43,0.0
51.74,2.0
193.54,0.0
63.45,2.0
322.88,0.0
261.4,0.0
184.77,0.0
41.15,3.0
90.03,1.0
250.94,1.0
317.66,4.0
126.72,3.0
87.95,
328.71,3.0
3.44,3.0
256.28,1.0
340.39,1.0
346.05,3.0
336.26,3.0
238.65,0.0
72.6,4.0
84.72,2.0
91.54,3.0
175.59,1.0
17.7,3.0
227.57,0.0
357.58,3.0
285.96,1.0
303.16,4.0
59.02,3.0
31.23,4.0
156.94,
50.39,3.0
178.94,1.0
332.06,1.0
206.32,
327.4,3.0
237.53,2.0
329.08,2.0
55.13,4.0
256.05,0.0
348.33,4.0
340.95,
299.21,3.0
234.6,0.0
115.49,1.0
342.14,2.0
287.31,3.0
251.36,0.0
271.94,1.0
263.01,1.0
352.43,3.0
238.56,1.0
43.79,3.0
280.87,0.0
97.03,2.0
93.21,2.0
303.28,2.0
355.7,3.0
280.45,2.0
95.55,1.0
125.2,2.0
184.71,0.0
260.27,2.0
165.95,0.0
285.3,2.0
246.46,2.0
269.75,3.0
291.36,2.0
283.59,1.0
4.73,
284.44,0.0
55.16,4.0
171.88,0.0
143.56,0.0
66.47,1.0
346.88,4.0
313.32,3.0
50.41,2.0
280.14,1.0
348.21,2.0
130.37,1.0
122.01,2.0
117.71,0.0
208.43,1.0
335.42,1.0
78.47,4.0
224.51,0.0
142.42,0.0
114.55,1.0
161.72,0.0
220.95,2.0
293.48,2.0
316.45,4.0
247.43,2.0
186.24,2.0
46.92,3.0
126.2,1.0
139.2,1.0
231.1,0.0
115.85,1.0
79.29,2.0
174.61,1.0
107.21,1.0
277.13,
174.06,0.0
41.32,1.0
187.04,0.0
259.75,0.0
312.23,3.0
246.91,0.0
122.6,0.0
150.04,0.0
86.79,3.0
120.18,0.0
234.27,2.0
71.14,3.0
20.63,2.0
126.46,1.0
110.24,2.0
277.99,2.0
351.95,4.0
233.95,2.0
194.26,0.0
344.32,2.0
107.49,2.0
156.93,0.0
21.07,4.0
50.62,3.0
56.07,3.0
25.98,4.0
80.44,2.0
222.6,0.0
51.02,
348.35,3.0
252.03,1.0
226.22,0.0
335.04,4.0
345.56,4.0
129.77,0.0
172.89,1.0
177.08,1.0
253.11,2.0
356.37,3.0
266.75,2.0
311.5,3.0
326.58,3.0
313.47,4.0
274.07,3.0
303.46,4.0
240.74,1.0
293.05,2.0
174.85,1.0
262.39,2.0
316.21,2.0
173.72,0.0
9.06,2.0
88.69,2.0
71.51,3.0
233.19,0.0
8.32,1.0
337.59,4.0
325.64,1.0
244.4,2.0
330.5,3.0
341.82,3.0
144.71,1.0
143.34,0.0
135.41,2.0
30.95,3.0
25.93,3.0
81.26,3.0
114.91,0.0
17.13,3.0
32.24,1.0
273.1,1.0
335.94,2.0
156.9,0.0
309.69,2.0
354.2,3.0
77.59,3.0
165.13,1.0
150.82,1.0
121.7,2.0
18.47,2.0
344.06,4.0
36.16,4.0
47.68,3.0
146.24,2.0
180.39,
30.74,4.0
319.33,2.0
344.21,4.0
326.66,
180.94,2.0
153.86,0.0
180.72,2.0
0.88,4.0
185.17,1.0
175.45,0.0
335.84,
345.65,1.0
309.08,2.0
336.7,3.0
320.75,3.0
243.83,0.0
346.96,3.0
217.56,1.0
165.29,1.0
142.52,2.0
162.68,1.0
149.64,
245.41,0.0
354.32,3.0
156.82,2.0
156.54,3.0
353.95,1.0
333.96,3.0
226.98,1.0
343.53,3.0
220.58,1.0
113.56,3.0
147.5,0.0
51.48,1.0
137.19,0.0
156.65,0.0
58.55,3.0
296.25,3.0
77.18,3.0
112.91,2.0
302.98,3.0
336.86,2.0
168.8,0.0
164.91,
38.83,2.0
44.75,3.0
296.8,2.0
272.82,2.0
292.42,1.0
349.66,4.0
291.83,1.0
123.56,0.0
267.19,3.0
88.47,3.0
126.45,0.0
137.27,0.0
229.33,1.0
342.44,4.0
191.15,0.0
232.37,0.0
240.6,0.0
113.45,2.0
77.58,4.0
351.11,3.0
258.69,1.0
129.06,1.0
100.52,3.0
356.21,
93.53,1.0
104.36,1.0
115.55,0.0
75.15,3.0
331.65,2.0
300.05,2.0
278.33,2.0
296.82,1.0
134.75,1.0
213.34,0.0
57.03,4.0
118.34,3.0
346.81,2.0
299.51,3.0
142.39,2.0
270.85,1.0
305.1,1.0
242.91,0.0
271.7,1.0
351.61,4.0
301.39,2.0
328.7,3.0
327.4,4.0
219.98,0.0
235.73,0.0
346.0,4.0
254.54,
281.93,2.0
259.38,0.0
0.58,3.0
289.46,1.0
221.71,0.0
323.49,2.0
180.86,0.0
277.23,1.0
283.42,2.0
260.27,2.0
179.94,1.0
146.71,0.0
184.39,2.0
0.11,0.0
336.04,2.0
45.63,4.0
321.62,4.0
196.01,0.0
238.03,0.0
234.49,1.0
176.11,1.0
170.79,1.0
319.83,4.0
333.56,4.0
317.34,4.0
325.81,
178.16,4.0
190.6,1.0
246.35,0.0
228.38,1.0
334.65,2.0
290.69,1.0
283.48,2.0
165.31,
102.69,2.0
34.81,
359.11,3.0
96.7,1.0
264.67,1.0
220.12,2.0
121.36,1.0
314.69,1.0
307.79,2.0
287.59,3.0
173.0,0.0
340.21,4.0
296.22,0.0
82.13,4.0
341.76,3.0
24.62,2.0
1.7,3.0
347.36,4.0
230.9,1.0
296.08,1.0
298.49,3.0
325.03,3.0
246.94,2.0
199.88,1.0
341.75,2.0
336.9,3.0
288.64,0.0
260.33,2.0
344.13,4.0
317.02,4.0
268.93,1.0
10.89,3.0
35.75,1.0
74.71,2.0
48.14,
294.13,0.0
214.74,0.0
221.14,2.0
246.21,0.0
14.54,2.0
214.74,0.0
56.23,3.0
116.01,2.0
52.88,4.0
63.67,
83.38,3.0
141.42,1.0
299.23,3.0
224.71,2.0
303.43,2.0
208.19,1.0
305.25,3.0
86.88,3.0
145.79,
76.89,3.0
303.73,4.0
274.97,1.0
107.47,1.0
193.62,0.0
280.24,0.0
274.94,1.0
147.47,2.0
145.92,0.0
102.67,3.0
62.44,3.0
138.69,
237.61,0.0
288.42,1.0
252.44,1.0
274.71,2.0
210.69,1.0
245.17,0.0
233.38,0.0
262.15,2.0
266.41,2.0
228.71,0.0
342.79,3.0
209.8,2.0
209.69,0.0
350.73,4.0
211.35,2.0
262.07,0.0
359.7,3.0
222.17,0.0
28.12,3.0
51.15,2.0
151.8,0.0
140.06,1.0
275.51,2.0
345.92,1.0
336.83,4.0
192.36,0.0
322.46,3.0
296.51,3.0
274.18,2.0
349.43,3.0
224.91,0.0
203.5,0.0
41.4,2.0
96.54,2.0
116.0,1.0
314.95,3.0
252.36,1.0
240.58,3.0
219.44,1.0
244.07,1.0
275.22,0.0
236.93,1.0
275.83,2.0
8.52,4.0
249.42,0.0
315.43,3.0
81.15,1.0
192.97,1.0
158.96,0.0
274.51,0.0
248.74,
308.27,4.0
58.52,2.0
78.03,3.0
97.1,1.0
244.82,2.0
246.23,0.0
96.32,1.0
149.97,3.0
307.34,3.0
72.99,3.0
129.91,0.0
276.39,2.0
153.94,0.0
174.32,0.0
146.17,1.0
152.38,
47.62,4.0
135.63,1.0
187.15,0.0
194.22,1.0
146.01,0.0
330.13,4.0
303.86,3.0
335.76,4.0
265.29,2.0
97.06,3.0
162.47,0.0
57.24,2.0
140.24,1.0
74.59,1.0
169.3,0.0
249.23,0.0
54.54,0.0
257.43,1.0
350.58,3.0
124.29,0.0
144.66,0.0
268.15,1.0
288.46,2.0
58.21,3.0
2.54,2.0
225.82,0.0
319.59,1.0
313.32,2.0
359.66,3.0
306.37,4.0
234.28,1.0
261.02,1.0
279.85,4.0
13.83,4.0
16.29,3.0
171.28,2.0
69.01,3.0
141.29,
93.07,3.0
112.29,2.0
178.46,
86.82,3.0
155.96,
174.11,0.0
227.46,0.0
342.73,2.0
82.6,2.0
165.84,0.0
320.71,
259.28,0.0
141.98,2.0
299.77,2.0
110.3,1.0
95.28,2.0
342.41,4.0
247.77,1.0
335.92,3.0
140.17,0.0
69.75,3.0
61.46,3.0
352.73,4.0
115.87,0.0
37.61,4.0
77.37,
127.18,
95.11,1.0
97.26,2.0
149.28,0.0
276.54,0.0
95.42,1.0
190.17,1.0
328.68,3.0
354.23,4.0
357.68,2.0
297.45,4.0
305.59,3.0
248.69,1.0
259.66,0.0
212.85,0.0
290.53,1.0
263.82,1.0
105.51,2.0
265.21,1.0
260.52,1.0
328.64,3.0
291.34,2.0
268.23,0.0
131.08,0.0
57.97,3.0
76.05,3.0
82.89,3.0
82.11,3.0
84.33,4.0
342.07,2.0
296.78,2.0
156.88,0.0
100.04,3.0
290.77,1.0
115.35,2.0
93.27,3.0
111.63,1.0
350.7,4.0
199.71,2.0
317.9,2.0
353.93,4.0
237.17,2.0
308.23,2.0
330.77,
127.95,2.0
190.25,0.0
346.72,2.0
99.84,3.0
160.99,1.0
244.47,0.0
220.84,0.0
218.32,1.0
150.51,1.0
161.77,1.0
109.13,1.0
157.88,3.0
189.49,2.0
156.57,1.0
82.99,2.0
277.53,1.0
308.21,2.0
232.85,0.0
89.83,3.0
149.48,0.0
18.78,4.0
48.01,4.0
166.59,0.0
105.2,2.0
167.27,1.0
53.31,3.0
33.65,2.0
145.55,1.0
108.55,1.0
70.05,3.0
170.33,2.0
257.84,1.0
172.53,1.0
62.24,3.0
281.84,1.0
8.18,2.0
350.87,4.0
321.69,4.0
224.45,1.0
313.6,1.0
272.88,0.0
198.5,3.0
160.66,0.0
53.07,2.0
123.09,0.0
339.11,3.0
350.12,4.0
314.37,4.0
161.37,1.0
145.11,
173.37,1.0
182.91,0.0
143.65,2.0
235.3,0.0
336.4,4.0
283.09,1.0
262.77,1.0
259.61,2.0
263.98,0.0
120.42,1.0
260.66,1.0
182.66,0.0
244.8,0.0
324.1,3.0
335.23,2.0
264.33,1.0
137.68,0.0
164.51,0.0
315.63,3.0
327.05,3.0
331.76,4.0
96.84,2.0
125.13,1.0
343.26,3.0
254.81,0.0
328.13,2.0
251.36,2.0
258.58,0.0
79.31,2.0
55.97,1.0
119.86,
2.11,4.0
233.62,1.0
259.18,1.0
321.12,2.0
46.54,2.0
124.41,2.0
134.82,2.0
32.63,4.0
97.17,0.0
249.21,2.0
239.35,0.0
297.13,1.0
164.15,1.0
77.82,3.0
105.82,3.0
130.41,0.0
164.46,0.0
163.0,0.0
129.04,0.0
160.12,0.0
295.58,2.0
186.5,1.0
322.39,2.0
87.96,3.0
320.17,2.0
235.52,2.0
160.03,0.0
186.21,2.0
125.32,2.0
334.72,3.0
257.97,1.0
224.3,0.0
337.23,2.0
350.41,1.0
339.06,3.0
61.14,1.0
50.71,3.0
349.82,2.0
316.09,2.0
358.13,3.0
305.29,2.0
341.23,4.0
338.08,4.0
301.71,2.0
33.58,3.0
69.69,4.0
335.78,3.0
338.61,2.0
231.55,1.0
30.59,2.0
342.88,3.0
275.76,0.0
253.83,0.0
132.08,2.0
122.6,1.0
355.54,3.0
326.61,4.0
353.64,4.0
166.05,1.0
122.62,3.0
38.99,2.0
112.89,3.0
154.72,1.0
188.8,0.0
109.58,1.0
83.93,4.0
110.76,3.0
165.35,1.0
136.57,2.0
170.35,0.0
103.17,2.0
311.39,0.0
316.09,2.0
78.48,1.0
82.26,4.0
118.97,1.0
153.81,0.0
263.37,1.0
251.02,0.0
355.57,4.0
138.29,0.0
48.92,2.0
197.92,1.0
103.63,1.0
9.8,2.0
264.27,0.0
307.87,2.0
95.57,2.0
140.49,2.0
170.1,
91.08,4.0
324.58,2.0
267.71,1.0
341.59,2.0
246.44,1.0
221.21,1.0
14.7,
261.38,0.0
165.35,1.0
157.97,
63.79,2.0
125.58,4.0
102.81,2.0
151.21,1.0
165.39,1.0
154.98,0.0
132.99,2.0
344.35,
321.11,4.0
227.33,2.0
291.14,1.0
28.6,3.0
155.81,2.0
289.51,3.0
140.37,1.0
85.72,1.0
319.54,3.0
353.03,4.0
68.31,4.0
150.14,1.0
316.76,4.0
196.05,1.0
186.61,2.0
323.79,2.0
313.14,2.0
289.35,1.0
334.44,2.0
322.71,4.0
257.58,1.0
345.39,3.0
356.32,
108.62,3.0
179.03,1.0
173.2,0.0
138.63,2.0
169.47,0.0
186.71,1.0
298.88,
139.01,2.0
181.73,1.0
59.86,2.0
169.34,1.0
154.93,1.0
87.86,4.0
79.37,2.0
133.58,0.0
78.62,4.0
58.75,4.0
140.24,0.0
349.22,3.0
233.7,1.0
160.31,1.0
308.75,1.0
173.42,2.0
84.08,3.0
119.5,1.0
76.59,2.0
307.07,3.0
111.27,2.0
165.68,2.0
75.42,3.0
124.99,1.0
70.6,2.0
7.91,4.0
253.68,1.0
113.96,1.0
189.64,
92.36,4.0
111.8,0.0
282.2,1.0
318.99,2.0
341.44,4.0
224.59,2.0
311.13,2.0
145.45,0.0
66.32,3.0
109.86,4.0
307.21,3.0
217.07,2.0
297.73,1.0
331.2,4.0
252.67,0.0
56.3,4.0
237.93,1.0
347.66,3.0
64.66,4.0
121.51,0.0
325.86,
302.8,3.0
301.99,2.0
261.17,1.0
277.01,1.0
307.16,4.0
37.64,4.0
125.71,2.0
122.75,1.0
87.21,0.0
119.03,0.0
133.95,0.0
132.27,1.0
112.4,1.0
60.41,2.0
144.42,0.0
133.09,2.0
120.27,1.0
117.16,1.0
110.06,2.0
66.04,3.0
34.07,4.0
150.84,0.0
45.38,1.0
35.04,2.0
72.44,2.0
72.08,4.0
58.39,3.0
309.55,4.0
327.22,4.0
46.02,3.0
99.53,2.0
326.5,4.0
55.54,2.0
78.34,3.0
102.53,2.0
38.14,3.0
87.89,3.0
302.3,4.0
234.85,0.0
299.42,3.0
292.12,3.0
179.48,3.0
53.13,2.0
260.09,1.0
270.26,2.0
290.98,1.0
345.56,
158.13,1.0
188.5,1.0
258.44,0.0
314.1,1.0
318.65,3.0
228.9,1.0
238.43,3.0
179.09,0.0
120.85,2.0
119.31,1.0
294.13,1.0
191.48,0.0
344.48,
297.59,3.0
229.34,2.0
346.87,2.0
248.36,0.0
128.87,1.0
35.66,4.0
354.79,2.0
275.08,2.0
287.78,1.0
127.48,0.0
41.05,3.0
51.37,2.0
130.97,0.0
184.27,0.0
239.47,0.0
305.02,2.0
79.39,1.0
100.73,3.0
103.72,1.0
28.76,4.0
295.46,3.0
306.07,3.0
343.28,4.0
211.05,2.0
289.12,3.0
87.95,1.0
121.36,0.0
107.77,3.0
123.03,2.0
81.65,2.0
124.65,1.0
102.04,1.0
137.78,0.0
127.58,0.0
261.98,0.0
319.83,3.0
303.69,0.0
2.66,2.0
58.07,3.0
147.61,0.0
69.73,3.0
70.11,2.0
156.05,0.0
308.92,
103.86,2.0
186.96,3.0
111.96,3.0
134.34,2.0
28.58,4.0
168.94,0.0
350.0,4.0
91.27,3.0
243.63,2.0
159.37,1.0
134.88,1.0
245.72,2.0
110.03,0.0
53.09,1.0
79.86,2.0
49.58,4.0
168.72,1.0
140.12,0.0
359.15,
246.25,2.0
321.24,3.0
203.61,0.0
227.59,1.0
151.62,1.0
100.63,3.0
329.08,3.0
269.34,2.0
146.94,
161.83,0.0
36.66,4.0
262.16,1.0
329.08,4.0
37.51,4.0
293.68,1.0
239.01,0.0
139.04,1.0
121.41,1.0
89.29,4.0
311.17,2.0
220.53,1.0
60.11,4.0
120.16,3.0
115.02,
161.13,0.0
242.94,0.0
342.17,3.0
184.74,0.0
67.07,2.0
312.19,4.0
302.74,1.0
303.43,3.0
315.05,3.0
114.63,0.0
99.09,1.0
27.82,3.0
260.11,1.0
197.7,0.0
317.47,1.0
319.8,3.0
349.93,3.0
279.92,2.0
256.32,1.0
328.09,2.0
337.66,4.0
334.67,4.0
222.92,1.0
223.22,1.0
322.7,3.0
292.97,2.0
310.31,3.0
240.91,1.0
94.42,3.0
92.5,1.0
118.31,2.0
73.05,4.0
112.95,0.0
259.73,2.0
63.55,2.0
139.92,1.0
158.86,2.0
73.08,2.0
179.8,2.0
146.64,0.0
133.17,
157.45,0.0
153.06,0.0
346.0,4.0
249.46,0.0
289.81,4.0
334.03,4.0
313.62,4.0
72.22,
317.58,3.0
236.94,2.0
325.31,3.0
346.68,3.0
246.78,0.0
316.13,4.0
248.52,2.0
235.91,0.0
137.64,1.0
144.86,
117.42,0.0
35.42,4.0
162.04,0.0
147.17,1.0
65.18,1.0
138.79,
311.84,3.0
316.89,3.0
254.03,0.0
304.65,1.0
280.19,4.0
145.95,0.0
37.26,4.0
149.85,1.0
131.88,0.0
283.16,2.0
333.04,3.0
53.96,3.0
106.42,2.0
150.57,
132.0,2.0
291.46,2.0
295.61,2.0
326.74,3.0
244.15,1.0
297.1,0.0
313.59,3.0
221.26,0.0
63.74,2.0
222.04,0.0
160.8,
146.32,0.0
138.93,2.0
155.98,2.0
145.16,2.0
125.92,2.0
309.42,2.0
282.87,1.0
237.23,0.0
335.43,4.0
143.31,0.0
50.56,2.0
157.6,0.0
274.37,1.0
293.77,3.0
276.76,1.0
246.3,1.0
348.7,4.0
240.07,1.0
162.95,2.0
107.73,2.0
69.83,2.0
37.88,3.0
251.15,0.0
342.67,4.0
261.64,2.0
248.15,0.0
73.57,4.0
65.6,1.0
106.02,3.0
118.85,2.0
75.54,4.0
50.48,3.0
308.76,2.0
75.36,4.0
226.46,
227.2,2.0
217.21,0.0
296.2,2.0
136.29,1.0
122.75,1.0
52.65,3.0
77.88,2.0
127.28,3.0
334.71,3.0
226.36,2.0
321.44,3.0
281.26,
101.94,1.0
233.08,1.0
327.09,2.0
80.52,2.0
116.06,0.0
85.84,3.0
146.1,2.0
70.83,3.0
330.56,1.0
256.07,2.0
301.8,1.0
41.53,3.0
148.3,0.0
248.23,0.0
231.89,1.0
260.36,0.0
131.45,0.0
137.76,1.0
69.58,1.0
166.84,0.0
34.2,4.0
261.01,
251.01,0.0
199.87,3.0
252.42,2.0
294.05,1.0
334.74,4.0
315.07,2.0
148.27,0.0
317.61,3.0
273.86,2.0
58.82,2.0
124.4,0.0
228.46,1.0
236.39,1.0
278.03,0.0
247.11,0.0
356.38,4.0
208.4,1.0
137.45,0.0
168.32,1.0
235.44,
322.09,4.0
142.68,1.0
99.44,
82.24,2.0
141.77,0.0
183.72,
106.0,2.0
46.7,
14.26,3.0
182.17,
104.33,1.0
282.62,1.0
299.63,1.0
255.16,1.0
233.05,1.0
326.64,4.0
310.56,3.0
90.73,2.0
59.76,4.0
105.99,2.0
31.75,4.0
164.0,0.0
270.66,2.0
299.98,4.0
81.82,3.0
72.76,2.0
165.04,2.0
341.04,4.0
253.58,1.0
297.66,3.0
127.82,1.0
94.14,2.0
74.09,4.0
135.6,2.0
34.08,2.0
162.05,1.0
75.58,2.0
66.52,3.0
170.87,3.0
271.79,0.0
158.55,2.0
11.71,2.0
151.69,0.0
47.57,4.0
64.09,3.0
238.6,0.0
252.87,0.0
301.4,4.0
0.07,
71.53,4.0
181.12,2.0
226.22,0.0
352.16,4.0
71.05,3.0
159.83,1.0
124.54,3.0
175.33,
132.14,2.0
179.08,0.0
66.73,2.0
80.67,2.0
127.34,1.0
248.4,0.0
24.23,3.0
197.63,2.0
317.92,3.0
228.6,1.0
349.45,3.0
246.62,0.0
287.17,1.0
346.99,3.0
317.38,2.0
350.23,4.0
54.54,3.0
11.15,3.0
252.43,0.0
278.94,1.0
155.17,0.0
338.73,3.0
165.72,0.0
68.61,3.0
99.96,3.0
175.3,2.0
107.96,1.0
83.7,3.0
59.73,2.0
331.01,2.0
319.59,3.0
55.38,2.0
289.72,2.0
241.27,0.0
290.14,4.0
257.88,1.0
267.93,3.0
200.08,0.0
230.66,
333.55,3.0
256.79,0.0
40.49,2.0
29.66,4.0
88.14,4.0
330.55,3.0
329.35,3.0
269.07,1.0
286.02,3.0
250.59,2.0
32.37,3.0
239.91,0.0
327.9,2.0
217.0,1.0
213.74,0.0
25.78,4.0
176.95,0.0
167.98,0.0
290.57,2.0
308.59,4.0
28.18,2.0
93.57,1.0
189.88,0.0
335.68,2.0
241.33,1.0
276.56,1.0
237.42,0.0
125.73,1.0
62.02,
234.11,1.0
178.76,1.0
293.8,3.0
68.28,3.0
178.03,0.0
252.94,1.0
338.29,4.0
143.81,1.0
149.46,0.0
139.34,2.0
190.81,0.0
324.48,3.0
223.33,0.0
354.6,2.0
45.96,4.0
42.15,2.0
82.34,3.0
152.38,0.0
51.08,3.0
6.28,2.0
119.23,1.0
220.79,0.0
213.08,1.0
79.15,3.0
81.38,3.0
153.72,1.0
83.01,3.0
92.28,2.0
29.29,2.0
28.9,3.0
70.23,4.0
75.91,4.0
219.31,0.0
53.98,1.0
175.6,0.0
314.84,3.0
332.3,3.0
259.42,2.0
302.44,2.0
51.38,4.0
150.01,2.0
135.02,1.0
49.69,3.0
60.97,3.0
174.38,0.0
93.5,4.0
147.16,
124.34,1.0
255.23,2.0
332.16,3.0
332.93,4.0
138.7,
56.19,2.0
207.18,0.0
249.34,2.0
349.43,2.0
2.93,
218.59,1.0
63.98,4.0
103.08,
122.12,0.0
114.73,2.0
73.02,2.0
321.98,2.0
43.65,4.0
97.93,0.0
231.12,0.0
338.2,3.0
346.69,3.0
240.42,2.0
328.42,2.0
231.83,
96.13,1.0
101.65,1.0
85.33,0.0
85.85,2.0
160.93,1.0
147.48,0.0
338.96,2.0
234.44,3.0
267.74,0.0
339.89,2.0
243.7,
311.66,3.0
339.76,3.0
315.24,
205.9,2.0
53.13,4.0
38.21,4.0
167.66,1.0
155.5,0.0
274.49,2.0
339.32,2.0
251.82,2.0
28.87,2.0
182.67,1.0
53.31,4.0
169.11,2.0
242.65,0.0
133.37,0.0
129.94,0.0
123.75,1.0
73.75,3.0
34.86,2.0
339.65,4.0
251.99,0.0
63.57,3.0
244.6,0.0
351.07,3.0
252.0,1.0
317.39,2.0
319.91,4.0
259.41,1.0
148.02,2.0
328.33,3.0
153.68,1.0
144.46,1.0
174.08,0.0
66.42,3.0
335.83,4.0
316.73,3.0
148.95,2.0
160.04,2.0
102.0,1.0
49.67,3.0
173.44,0.0
31.63,2.0
155.05,
130.01,1.0
99.93,2.0
345.4,3.0
89.63,1.0
18.41,1.0
128.21,2.0
272.03,
167.59,
162.85,0.0
154.14,0.0
259.4,1.0
339.06,3.0
355.91,2.0
157.55,2.0
140.74,1.0
85.25,3.0
97.84,4.0
55.68,4.0
79.4,3.0
100.14,2.0
335.26,2.0
300.2,3.0
58.56,2.0
63.68,4.0
77.34,2.0
353.8,4.0
313.0,1.0
263.88,
107.13,3.0
51.47,4.0
155.84,2.0
60.77,3.0
165.45,1.0
68.04,2.0
353.7,3.0
156.22,2.0
155.93,0.0
147.73,1.0
213.28,1.0
275.47,0.0
286.02,2.0
346.08,3.0
16.48,4.0
340.25,2.0
342.7,3.0
272.55,1.0
317.62,3.0
338.33,4.0
330.6,3.0
327.5,
342.36,2.0
279.92,1.0
304.14,4.0
90.76,2.0
91.44,3.0
143.1,0.0
55.25,4.0
237.24,3.0
303.13,2.0
325.97,3.0
39.53,4.0
55.1,2.0
184.08,1.0
38.33,4.0
133.48,0.0
126.73,1.0
336.07,2.0
205.13,2.0
303.73,2.0
102.35,2.0
126.49,0.0
144.52,0.0
141.07,0.0
71.72,3.0
70.42,3.0
131.16,2.0
208.0,3.0
127.27,0.0
10.45,3.0
187.38,0.0
82.75,2.0
217.86,0.0
294.14,2.0
236.25,1.0
350.44,4.0
246.27,1.0
255.82,1.0
344.17,
64.85,3.0
104.53,3.0
136.69,0.0
124.55,1.0
291.06,3.0
234.43,0.0
242.83,
126.98,2.0
71.38,3.0
124.71,0.0
90.11,2.0
29.28,4.0
143.25,0.0
162.14,2.0
221.23,0.0
157.13,0.0
148.07,0.0
293.98,2.0
53.84,3.0
321.76,3.0
214.76,2.0
260.34,2.0
226.35,0.0
17.14,0.0
46.63,
211.9,1.0
277.71,1.0
315.06,3.0
203.5,2.0
268.35,
271.5,0.0
65.49,3.0
81.19,3.0
95.49,0.0
244.94,0.0
57.68,4.0
96.9,2.0
86.5,2.0
68.39,3.0
207.73,1.0
159.46,0.0
146.2,1.0
72.28,3.0
161.98,0.0
289.79,1.0
68.67,3.0
267.87,1.0
353.31,2.0
289.17,2.0
277.54,2.0
154.07,1.0
51.83,3.0
248.55,1.0
334.66,4.0
97.38,0.0
58.23,0.0
288.24,1.0
311.69,3.0
205.77,0.0
252.49,0.0
297.87,0.0
258.47,1.0
80.18,3.0
122.59,2.0
116.3,
129.33,0.0
81.62,1.0
288.17,1.0
284.38,0.0
250.29,0.0
32.88,3.0
19.72,1.0
84.35,2.0
173.11,0.0
118.6,1.0
246.27,2.0
88.1,0.0
101.96,3.0
252.46,2.0
271.11,3.0
267.59,1.0
322.51,3.0
346.35,3.0
257.21,1.0
315.39,4.0
220.71,1.0
165.37,1.0
139.5,0.0
178.6,2.0
136.21,1.0
86.94,0.0
224.35,2.0
261.44,1.0
359.74,3.0
261.87,3.0
343.23,2.0
120.55,0.0
305.42,3.0
289.67,3.0
323.43,4.0
308.68,4.0
278.26,2.0
323.92,
254.73,2.0
327.98,3.0
228.3,0.0
219.97,0.0
40.09,3.0
223.14,2.0
330.84,2.0
259.83,4.0
284.55,2.0
263.17,2.0
332.99,3.0
328.23,
225.97,1.0
71.11,0.0
126.11,2.0
155.97,2.0
169.06,0.0
326.39,4.0
276.23,1.0
113.93,1.0
127.35,2.0
320.85,3.0
151.79,1.0
335.74,
350.83,2.0
76.8,3.0
110.93,2.0
120.4,2.0
252.69,2.0
346.81,2.0
316.15,4.0
199.59,2.0
348.21,3.0
267.41,1.0
36.17,4.0
322.49,1.0
238.6,0.0
79.21,3.0
73.6,3.0
29.4,3.0
65.61,4.0
272.13,1.0
339.49,3.0
73.13,1.0
69.83,3.0
318.22,4.0
159.57,1.0
39.21,4.0
359.15,3.0
266.55,3.0
327.13,2.0
333.39,3.0
222.82,
308.91,4.0
50.11,3.0
52.51,4.0
101.44,1.0
274.49,3.0
122.36,2.0
145.05,1.0
93.44,1.0
354.23,3.0
138.45,0.0
40.06,2.0
331.32,4.0
47.77,1.0
89.39,0.0
247.76,2.0
177.05,0.0
109.15,0.0
154.96,0.0
45.06,3.0
198.82,0.0
332.84,2.0
278.38,3.0
3.86,2.0
67.39,3.0
127.01,3.0
66.74,3.0
155.31,0.0
77.52,4.0
294.66,3.0
223.81,0.0
344.32,1.0
351.42,4.0
329.86,
257.73,1.0
36.38,3.0
146.97,0.0
86.7,4.0
346.06,3.0
261.38,1.0
123.9,4.0
75.4,2.0
37.54,4.0
236.65,1.0
225.98,0.0
330.62,1.0
93.41,
51.91,2.0
108.36,1.0
223.71,0.0
69.47,3.0
101.57,3.0
136.2,1.0
39.77,3.0
41.32,1.0
38.96,4.0
314.74,3.0
268.48,1.0
339.22,3.0
246.15,0.0
291.83,2.0
180.29,0.0
300.24,3.0
222.67,1.0
259.11,1.0
271.27,2.0
115.37,
145.11,2.0
225.67,1.0
202.07,0.0
322.37,2.0
27.95,4.0
24.3,4.0
279.71,0.0
247.27,1.0
308.47,3.0
305.43,3.0
325.96,4.0
230.14,0.0
200.73,0.0
160.77,0.0
177.39,0.0
317.2,0.0
253.31,1.0
299.08,2.0
349.33,3.0
148.27,0.0
331.73,3.0
229.13,0.0
197.89,0.0
134.53,2.0
65.13,3.0
167.96,3.0
132.86,0.0
314.72,4.0
148.72,0.0
140.67,1.0
129.83,1.0
86.96,3.0
251.2,
300.71,2.0
130.25,0.0
63.47,3.0
27.32,3.0
49.2,2.0
155.2,0.0
140.27,1.0
332.35,2.0
108.59,1.0
309.21,2.0
317.2,4.0
161.97,2.0
91.86,4.0
147.81,2.0
337.46,3.0
225.76,0.0
337.98,4.0
231.27,2.0
217.94,0.0
280.54,1.0
268.28,0.0
53.63,3.0
278.09,1.0
122.7,1.0
18.37,3.0
109.81,0.0
93.96,2.0
85.69,4.0
237.16,1.0
244.93,0.0
329.93,2.0
59.23,3.0
256.0,1.0
297.36,3.0
246.82,3.0
359.73,
352.61,2.0
100.21,3.0
114.87,2.0
143.68,3.0
239.25,1.0
83.3,2.0
108.41,1.0
96.76,1.0
151.34,2.0
67.59,3.0
94.48,2.0
62.52,3.0
283.77,4.0
355.04,4.0
143.59,1.0
48.58,4.0
252.38,0.0
199.63,0.0
106.48,1.0
238.46,1.0
151.47,0.0
73.03,3.0
295.94,3.0
308.6,1.0
254.8,2.0
115.72,1.0
83.13,2.0
61.08,3.0
126.57,1.0
110.1,1.0
235.09,0.0
109.08,1.0
244.48,1.0
237.11,0.0
294.25,1.0
266.11,1.0
323.66,1.0
229.64,1.0
342.66,3.0
237.72,1.0
318.81,2.0
92.06,2.0
99.09,1.0
66.24,2.0
242.91,0.0
277.79,3.0
296.44,2.0
252.46,2.0
59.43,3.0
131.26,1.0
276.66,0.0
275.86,3.0
323.77,2.0
91.79,1.0
62.75,2.0
22.2,3.0
115.12,1.0
240.64,0.0
262.29,1.0
216.4,1.0
347.58,3.0
246.58,1.0
275.83,0.0
258.78,3.0
66.79,3.0
109.88,2.0
105.38,0.0
12.69,3.0
30.61,
354.23,0.0
183.27,0.0
198.81,1.0
172.9,0.0
38.8,
296.09,2.0
285.25,3.0
55.17,3.0
63.76,3.0
97.98,1.0
162.85,0.0
110.75,2.0
172.58,0.0
247.7,1.0
247.59,3.0
238.17,2.0
168.01,0.0
104.2,2.0
130.23,0.0
14.36,1.0
149.71,0.0
281.64,3.0
11.07,3.0
89.25,0.0
35.68,3.0
134.78,2.0
45.78,2.0
153.32,1.0
25.03,1.0
144.89,0.0
30.18,4.0
329.59,4.0
271.2,1.0
185.55,0.0
3.0,4.0
67.26,3.0
297.68,1.0
291.42,1.0
221.52,1.0
230.07,0.0
155.11,2.0
157.59,1.0
24.24,4.0
85.29,4.0
302.76,1.0
58.7,1.0
49.86,4.0
205.65,1.0
235.51,0.0
347.55,3.0
297.58,2.0
260.84,1.0
338.95,3.0
230.58,1.0
323.27,2.0
236.8,1.0
315.86,2.0
160.88,2.0
127.83,1.0
257.34,2.0
5.28,4.0
225.96,1.0
215.28,1.0
205.61,1.0
251.12,
347.47,2.0
1.7,4.0
156.41,0.0
206.29,0.0
329.65,2.0
242.2,
215.73,2.0
305.24,3.0
188.24,2.0
12.84,4.0
202.89,2.0
97.19,3.0
187.04,0.0
168.12,2.0
135.98,2.0
260.18,1.0
80.09,4.0
69.28,3.0
77.59,4.0
99.37,3.0
312.93,2.0
336.82,1.0
16.57,4.0
50.89,4.0
117.03,2.0
145.43,0.0
23.13,4.0
64.76,3.0
277.84,1.0
298.99,2.0
159.91,1.0
77.33,2.0
35.34,2.0
79.78,1.0
302.19,0.0
354.51,3.0
179.33,0.0
178.16,2.0
98.69,3.0
333.1,4.0
194.92,2.0
62.25,3.0
152.46,1.0
44.79,2.0
177.65,2.0
146.91,2.0
131.89,1.0
267.08,2.0
211.71,3.0
187.93,0.0
100.0,4.0
206.48,0.0
217.97,2.0
306.77,3.0
279.6,3.0
303.61,3.0
157.52,1.0
2.96,4.0
144.69,0.0
125.96,2.0
161.36,0.0
341.89,3.0
334.01,3.0
326.69,2.0
116.01,3.0
135.76,2.0
147.65,1.0
183.96,0.0
105.3,2.0
146.52,2.0
282.48,3.0
122.22,1.0
142.96,1.0
33.77,3.0
359.94,2.0
180.68,0.0
352.78,4.0
297.29,
148.74,0.0
152.87,
31.64,3.0
139.19,0.0
142.63,0.0
87.74,3.0
87.99,4.0
201.3,0.0
255.47,0.0
307.32,4.0
90.2,3.0
90.99,1.0
309.58,2.0
278.99,1.0
158.81,0.0
91.88,3.0
72.17,4.0
225.25,0.0
215.27,0.0
40.78,2.0
55.19,1.0
60.46,0.0
294.63,4.0
148.1,0.0
149.38,
119.76,0.0
59.64,3.0
293.35,3.0
332.81,3.0
32.02,4.0
148.09,1.0
198.44,1.0
322.16,2.0
336.94,3.0
225.94,1.0
306.59,4.0
329.55,3.0
118.02,2.0
100.91,3.0
153.44,0.0
76.69,3.0
96.43,
101.71,2.0
250.28,1.0
228.04,0.0
287.45,1.0
297.62,0.0
195.08,0.0
298.53,2.0
96.25,1.0
92.48,3.0
331.47,4.0
36.8,4.0
35.41,
196.13,0.0
315.73,2.0
165.94,0.0
100.49,3.0
220.21,2.0
251.39,1.0
73.62,4.0
81.7,3.0
12.33,4.0
305.5,3.0
300.62,2.0
229.93,1.0
144.71,0.0
152.6,0.0
179.12,0.0
112.01,1.0
61.6,4.0
49.68,4.0
148.35,1.0
106.31,2.0
130.22,0.0
98.66,2.0
13.5,4.0
96.73,3.0
83.36,3.0
134.57,3.0
126.19,0.0
347.44,
8.89,3.0
219.93,0.0
336.74,0.0
245.41,0.0
17.23,3.0
156.86,0.0
145.63,0.0
145.16,1.0
259.64,1.0
158.8,0.0
54.48,2.0
145.27,0.0
170.39,2.0
211.74,0.0
236.56,1.0
317.35,1.0
300.37,3.0
7.82,4.0
148.82,1.0
162.18,1.0
49.52,3.0
216.52,0.0
311.17,2.0
331.97,3.0
61.15,4.0
200.41,0.0
59.41,1.0
155.77,2.0
322.57,2.0
242.4,0.0
202.92,0.0
282.77,3.0
37.25,2.0
103.22,2.0
174.35,0.0
208.22,1.0
108.35,1.0
214.22,0.0
232.91,2.0
278.85,3.0
215.59,1.0
70.95,1.0
99.69,3.0
115.7,1.0
128.11,2.0
291.99,0.0
161.47,1.0
310.98,1.0
281.29,4.0
245.3,1.0
63.08,2.0
41.72,
1.93,3.0
71.41,2.0
45.35,3.0
16.94,3.0
46.21,3.0
51.84,2.0
28.96,4.0
33.13,4.0
3.19,3.0
23.8,3.0
52.22,3.0
17.47,4.0
16.76,4.0
153.24,0.0
265.64,0.0
325.69,2.0
108.95,2.0
251.06,0.0
336.54,3.0
223.09,1.0
224.14,0.0
286.19,1.0
281.72,4.0
61.81,3.0
94.66,2.0
344.71,
149.34,0.0
89.18,4.0
121.08,0.0
281.95,0.0
104.0,1.0
161.05,1.0
230.09,1.0
265.03,0.0
310.0,3.0
327.0,4.0
148.42,1.0
270.99,1.0
220.71,0.0
335.76,3.0
317.05,2.0
76.49,3.0
125.89,1.0
0.86,4.0
289.05,3.0
134.42,1.0
124.95,0.0
34.13,3.0
46.66,3.0
230.78,1.0
201.53,1.0
295.57,2.0
286.42,3.0
287.47,4.0
293.01,3.0
147.56,1.0
66.94,2.0
75.06,3.0
151.4,0.0
115.74,1.0
340.07,2.0
235.65,1.0
270.94,2.0
261.23,1.0
285.55,2.0
238.98,0.0
296.63,2.0
112.32,2.0
348.58,4.0
259.43,2.0
260.79,
300.65,4.0
52.99,2.0
0.19,2.0
136.09,0.0
299.31,1.0
331.38,4.0
240.01,2.0
289.23,3.0
318.61,2.0
332.0,3.0
263.49,3.0
280.08,3.0
308.24,2.0
192.37,1.0
232.22,2.0
222.71,1.0
256.54,1.0
356.39,2.0
324.55,3.0
339.54,2.0
275.56,2.0
0.65,3.0
260.39,2.0
55.86,4.0
153.99,2.0
278.14,2.0
299.62,4.0
102.0,4.0
183.82,0.0
93.26,3.0
109.56,2.0
47.52,3.0
66.5,3.0
33.11,1.0
258.35,0.0
318.25,1.0
46.39,3.0
158.7,0.0
54.2,2.0
327.94,4.0
232.84,2.0
308.44,1.0
306.95,4.0
22.59,3.0
115.64,1.0
59.05,3.0
139.79,2.0
120.3,2.0
102.43,4.0
162.23,2.0
31.15,3.0
248.1,2.0
280.97,0.0
314.08,2.0
10.32,4.0
230.63,0.0
345.63,2.0
277.72,
351.27,4.0
150.5,0.0
163.75,0.0
75.78,3.0
154.19,1.0
16.58,2.0
322.11,2.0
341.9,4.0
257.95,1.0
324.87,2.0
316.29,
227.07,1.0
285.8,2.0
102.25,1.0
237.27,1.0
130.32,1.0
167.83,1.0
350.28,3.0
258.96,1.0
357.72,4.0
272.5,2.0
112.21,0.0
118.06,1.0
168.97,0.0
177.81,0.0
93.16,2.0
281.93,0.0
349.46,4.0
279.95,1.0
333.07,1.0
258.76,1.0
162.9,0.0
157.57,2.0
298.77,1.0
233.77,1.0
240.31,0.0
225.5,0.0
345.25,4.0
327.77,1.0
329.29,3.0
296.17,2.0
16.65,2.0
63.19,3.0
98.28,1.0
127.13,0.0
106.63,2.0
80.31,3.0
357.18,3.0
235.21,0.0
108.77,0.0
65.79,2.0
325.16,2.0
250.34,1.0
133.86,2.0
25.81,4.0
101.12,0.0
94.07,2.0
353.45,4.0
340.02,4.0
121.04,1.0
68.14,3.0
51.98,3.0
301.87,2.0
229.59,2.0
316.03,3.0
269.63,3.0
215.09,0.0
36.99,1.0
88.59,4.0
130.79,2.0
75.13,3.0
154.81,0.0
178.84,0.0
103.66,0.0
164.55,0.0
318.65,3.0
331.46,4.0
220.82,0.0
334.42,2.0
304.28,2.0
227.39,1.0
75.11,3.0
146.87,0.0
356.74,3.0
227.76,0.0
253.99,0.0
220.86,0.0
349.02,3.0
117.19,1.0
79.3,0.0
253.22,2.0
37.28,4.0
120.73,2.0
226.99,1.0
316.64,1.0
309.38,4.0
121.42,0.0
235.92,0.0
242.49,0.0
120.41,1.0
82.47,2.0
72.51,2.0
30.32,4.0
79.85,3.0
47.76,3.0
50.02,3.0
93.12,3.0
103.23,1.0
257.75,2.0
107.91,1.0
130.48,1.0
118.52,2.0
91.13,1.0
96.21,0.0
121.19,3.0
62.88,4.0
67.36,3.0
347.98,2.0
266.95,1.0
3.04,4.0
138.04,1.0
180.67,2.0
296.26,2.0
264.21,2.0
78.92,3.0
144.45,0.0
256.81,1.0
307.47,4.0
70.01,4.0
108.8,3.0
328.11,2.0
356.12,3.0
257.43,0.0
145.43,1.0
227.17,0.0
113.76,1.0
148.76,1.0
27.04,3.0
206.28,0.0
336.89,3.0
149.91,0.0
336.2,2.0
264.44,0.0
0.19,4.0
128.6,2.0
241.74,0.0
274.93,0.0
301.98,4.0
30.92,4.0
65.17,3.0
206.06,0.0
220.12,0.0
236.69,2.0
340.05,3.0
286.42,3.0
310.69,4.0
322.66,3.0
283.36,4.0
303.4,2.0
232.88,2.0
336.19,4.0
220.17,1.0
207.83,0.0
243.77,0.0
121.97,1.0
156.67,2.0
135.9,0.0
86.39,1.0
88.37,3.0
127.34,0.0
303.65,1.0
333.78,2.0
316.45,1.0
96.76,3.0
111.81,2.0
289.56,2.0
267.89,1.0
213.13,1.0
336.94,3.0
17.54,3.0
287.38,2.0
276.46,2.0
93.8,1.0
244.96,2.0
69.2,3.0
283.32,2.0
331.49,3.0
333.35,3.0
269.98,1.0
273.39,0.0
204.64,
90.06,4.0
105.31,1.0
250.78,0.0
282.77,1.0
326.52,3.0
290.26,4.0
317.32,3.0
309.04,
323.15,4.0
290.87,2.0
297.07,0.0
87.32,3.0
112.36,2.0
126.02,1.0
250.45,1.0
317.35,2.0
268.23,2.0
313.63,
184.46,0.0
134.51,
201.58,0.0
352.36,3.0
123.33,2.0
152.54,2.0
266.05,2.0
1.87,3.0
270.59,1.0
164.34,1.0
254.91,1.0
271.12,3.0
265.98,0.0
200.72,1.0
347.25,4.0
98.62,2.0
324.3,4.0
343.91,4.0
256.16,0.0
312.78,3.0
318.14,4.0
275.56,2.0
228.17,0.0
11.52,2.0
282.49,2.0
303.22,1.0
312.03,2.0
308.78,4.0
249.1,0.0
277.58,1.0
311.56,3.0
320.18,2.0
167.33,0.0
340.51,3.0
324.16,3.0
81.64,4.0
348.67,3.0
354.58,3.0
235.07,1.0
20.73,2.0
109.02,2.0
313.1,3.0
348.3,3.0
331.06,4.0
334.54,3.0
20.42,
139.2,1.0
314.43,1.0
133.12,1.0
160.28,
176.52,1.0
337.78,4.0
297.8,2.0
352.36,3.0
312.84,4.0
243.66,2.0
272.51,1.0
79.57,3.0
93.12,3.0
34.25,1.0
141.58,2.0
67.38,
205.69,2.0
227.87,
338.23,4.0
326.2,2.0
326.62,3.0
318.11,
48.84,4.0
170.86,1.0
344.37,3.0
310.32,2.0
336.18,3.0
302.79,3.0
140.75,2.0
138.29,0.0
227.83,0.0
104.12,0.0
357.2,4.0
119.51,2.0
267.92,3.0
216.84,1.0
275.78,2.0
100.94,4.0
349.11,3.0
128.14,0.0
127.18,3.0
309.61,3.0
250.05,2.0
131.51,1.0
132.04,0.0
91.52,2.0
73.43,2.0
313.61,4.0
187.06,0.0
342.37,2.0
119.19,2.0
34.88,2.0
52.69,4.0
325.58,3.0
27.99,4.0
65.11,3.0
73.59,2.0
150.68,1.0
112.26,0.0
299.29,4.0
223.22,0.0
277.03,3.0
218.43,0.0
316.85,3.0
305.14,1.0
323.2,2.0
258.09,1.0
333.61,2.0
301.2,2.0
247.32,0.0
313.41,3.0
274.35,0.0
213.13,0.0
20.52,2.0
295.07,3.0
223.02,2.0
328.13,2.0
328.56,1.0
239.69,1.0
80.5,2.0
78.19,4.0
89.78,3.0
273.5,1.0
136.77,0.0
134.77,1.0
198.23,0.0
246.39,1.0
141.27,2.0
17.34,4.0
62.11,2.0
288.02,2.0
313.63,1.0
282.55,1.0
316.25,3.0
101.6,2.0
100.4,4.0
99.58,1.0
21.11,4.0
85.44,2.0
188.56,2.0
61.46,2.0
48.79,4.0
75.2,1.0
199.7,0.0
184.03,0.0
145.54,1.0
106.01,0.0
139.94,1.0
133.56,2.0
292.89,4.0
271.3,3.0
67.32,2.0
117.08,3.0
52.73,2.0
100.91,2.0
112.71,0.0
95.43,4.0
178.78,0.0
133.6,1.0
325.07,3.0
327.87,3.0
102.61,4.0
231.4,0.0
266.62,1.0
15.28,
289.11,0.0
231.99,0.0
6.22,2.0
60.88,0.0
185.55,1.0
174.99,1.0
333.35,3.0
137.29,2.0
314.56,2.0
220.98,0.0
81.23,1.0
169.07,1.0
2.69,3.0
321.35,1.0
286.57,2.0
125.04,1.0
102.16,3.0
335.45,4.0
115.34,1.0
285.88,3.0
334.26,
352.46,4.0
308.88,3.0
175.83,0.0
112.08,1.0
214.03,0.0
220.14,1.0
307.33,4.0
212.53,2.0
231.32,1.0
60.06,3.0
94.23,2.0
127.08,1.0
122.28,1.0
289.16,2.0
174.71,0.0
235.23,0.0
303.25,2.0
233.32,1.0
193.81,0.0
232.58,2.0
99.25,2.0
96.59,3.0
172.37,1.0
263.6,1.0
123.58,0.0
141.2,1.0
45.17,2.0
338.31,3.0
222.21,0.0
340.69,3.0
335.65,1.0
254.51,0.0
279.33,2.0
72.26,1.0
107.67,0.0
106.31,2.0
102.62,2.0
107.51,1.0
70.86,
132.93,0.0
296.89,2.0
288.35,1.0
311.29,
227.53,0.0
351.66,4.0
349.57,3.0
249.68,0.0
243.04,2.0
224.44,2.0
317.0,4.0
203.32,0.0
92.49,3.0
92.38,3.0
68.82,3.0
64.0,3.0
253.67,1.0
271.7,1.0
253.93,1.0
304.87,4.0
243.75,2.0
125.26,2.0
155.05,1.0
103.0,1.0
19.0,
238.08,1.0
335.58,3.0
333.04,2.0
309.41,2.0
235.26,0.0
320.35,2.0
30.14,2.0
104.83,1.0
342.28,3.0
134.35,2.0
332.83,2.0
219.32,0.0
282.79,3.0
206.18,0.0
302.97,4.0
162.68,4.0
121.25,2.0
29.78,1.0
107.81,2.0
169.06,4.0
145.4,1.0
139.19,0.0
165.53,4.0
149.52,2.0
172.82,
355.65,1.0
246.14,0.0
284.58,3.0
328.46,3.0
105.83,
118.59,2.0
103.95,3.0
122.18,0.0
29.6,3.0
159.34,1.0
147.48,1.0
107.7,0.0
145.49,1.0
141.81,2.0
34.49,3.0
117.17,2.0
136.23,2.0
78.29,
114.04,1.0
162.56,
238.96,1.0
348.88,3.0
266.6,0.0
311.9,4.0
47.41,2.0
36.24,2.0
153.75,2.0
88.77,4.0
122.89,0.0
216.93,3.0
322.55,3.0
266.06,2.0
325.37,2.0
332.38,3.0
66.74,3.0
119.54,2.0
39.17,4.0
149.78,1.0
157.85,0.0
344.22,3.0
241.92,
239.93,0.0
93.72,3.0
167.3,0.0
68.17,4.0
34.14,2.0
313.49,3.0
202.91,0.0
9.13,
318.09,3.0
325.89,3.0
334.3,3.0
46.58,4.0
115.99,0.0
219.56,0.0
46.83,3.0
51.72,4.0
26.75,4.0
249.87,1.0
225.24,0.0
260.38,1.0
313.71,4.0
231.7,1.0
259.11,0.0
219.4,0.0
333.36,3.0
57.76,4.0
80.87,3.0
57.89,3.0
158.54,0.0
186.84,0.0
295.72,1.0
244.73,1.0
139.87,
43.46,3.0
165.4,1.0
21.0,4.0
158.77,0.0
215.56,1.0
347.22,4.0
229.34,1.0
290.48,2.0
300.11,3.0
203.45,0.0
333.15,3.0
327.69,4.0
307.03,1.0
235.13,1.0
245.42,2.0
171.77,1.0
233.13,1.0
342.4,4.0
297.44,2.0
277.97,1.0
172.46,1.0
108.62,3.0
269.32,1.0
288.99,3.0
145.45,2.0
133.3,2.0
144.29,2.0
109.84,2.0
74.89,4.0
54.01,2.0
234.72,1.0
283.71,1.0
347.98,2.0
303.35,4.0
194.75,1.0
161.76,0.0
19.37,0.0
115.1,2.0
274.01,2.0
285.45,1.0
129.04,0.0
57.09,2.0
78.67,3.0
215.77,1.0
241.05,0.0
234.67,0.0
252.62,2.0
265.86,0.0
39.33,3.0
92.57,3.0
108.98,1.0
137.03,1.0
134.76,0.0
30.62,4.0
139.87,3.0
153.53,
144.86,0.0
7.85,1.0
194.98,3.0
178.2,2.0
297.12,2.0
261.55,1.0
169.79,0.0
132.87,0.0
283.79,2.0
352.13,4.0
36.46,3.0
286.25,3.0
3.12,4.0
280.19,0.0
338.21,4.0
89.73,3.0
9.09,2.0
276.08,0.0
323.56,4.0
228.97,0.0
105.06,3.0
83.61,4.0
134.58,0.0
166.73,2.0
156.73,0.0
165.11,1.0
122.8,1.0
60.28,3.0
40.85,3.0
52.98,4.0
157.26,0.0
152.88,0.0
170.8,0.0
337.67,3.0
245.31,0.0
93.81,3.0
351.06,3.0
239.72,0.0
274.62,2.0
300.61,4.0
308.44,2.0
279.81,
84.8,4.0
137.48,2.0
49.24,
135.48,3.0
75.63,4.0
144.02,0.0
173.85,1.0
75.47,3.0
282.24,1.0
256.19,1.0
352.95,
304.02,3.0
294.23,2.0
284.59,2.0
304.82,1.0
301.88,2.0
321.6,3.0
263.8,1.0
154.88,0.0
56.1,2.0
48.17,4.0
129.24,2.0
332.32,1.0
54.37,4.0
151.86,2.0
163.54,0.0
161.46,1.0
270.4,0.0
290.57,2.0
299.62,1.0
322.96,1.0
77.52,3.0
170.08,0.0
83.81,3.0
126.92,2.0
329.4,2.0
312.36,
167.27,1.0
17.7,
322.33,
141.84,1.0
130.03,0.0
172.4,
113.93,2.0
291.08,0.0
93.44,1.0
97.05,1.0
152.0,2.0
122.19,
187.69,
118.42,2.0
321.21,4.0
229.48,2.0
96.41,2.0
90.1,3.0
107.33,1.0
129.69,
131.24,0.0
101.55,4.0
140.5,0.0
163.23,0.0
71.77,4.0
190.41,0.0
40.79,2.0
184.03,0.0
102.02,1.0
335.82,3.0
210.87,0.0
197.58,0.0
336.7,4.0
337.09,4.0
293.1,2.0
332.29,2.0
203.79,0.0
170.03,0.0
121.61,0.0
36.66,4.0
173.74,0.0
325.63,4.0
320.39,3.0
240.93,1.0
244.13,1.0
329.21,2.0
194.37,1.0
24.13,1.0
6.95,3.0
228.49,0.0
162.41,0.0
80.13,0.0
107.84,2.0
248.28,0.0
333.49,4.0
325.18,4.0
159.82,2.0
103.59,0.0
28.45,3.0
348.31,4.0
263.94,0.0
280.49,4.0
187.16,1.0
306.31,3.0
343.0,4.0
246.35,0.0
180.64,0.0
338.62,2.0
45.07,2.0
107.8,3.0
63.19,3.0
81.79,3.0
15.46,4.0
27.99,4.0
133.13,0.0
13.82,4.0
309.97,1.0
328.39,2.0
52.6,3.0
140.75,1.0
60.52,2.0
228.78,2.0
322.43,2.0
352.06,3.0
166.89,2.0
4.86,3.0
301.46,2.0
247.56,2.0
152.39,1.0
348.33,3.0
276.53,1.0
51.4,2.0
237.95,1.0
275.89,1.0
319.36,3.0
65.54,2.0
92.99,
51.98,
40.33,3.0
229.08,1.0
311.93,3.0
343.8,2.0
301.7,2.0
323.83,1.0
52.26,1.0
127.63,0.0
115.39,4.0
302.73,2.0
271.36,2.0
316.49,1.0
332.7,3.0
266.69,2.0
141.48,3.0
126.46,1.0
134.87,0.0
318.99,3.0
245.16,0.0
324.24,3.0
161.44,2.0
130.25,2.0
343.86,4.0
253.98,0.0
204.55,0.0
60.9,4.0
327.73,3.0
61.49,2.0
333.23,3.0
6.38,4.0
329.13,4.0
259.84,0.0
243.31,2.0
346.13,3.0
266.43,2.0
230.49,0.0
358.49,4.0
297.66,3.0
322.44,3.0
306.54,4.0
314.49,1.0
97.3,1.0
132.51,2.0
66.56,2.0
115.97,3.0
243.28,1.0
233.4,1.0
281.06,0.0
326.64,2.0
55.16,1.0
195.0,0.0
124.05,0.0
184.64,1.0
192.6,1.0
62.9,2.0
123.1,2.0
121.28,0.0
165.95,0.0
187.29,0.0
64.62,1.0
237.89,1.0
81.5,3.0
95.13,2.0
142.22,0.0
215.67,1.0
231.68,0.0
243.38,0.0
313.21,2.0
239.72,2.0
18.88,2.0
325.03,3.0
280.64,3.0
42.23,3.0
144.36,1.0
80.88,4.0
128.02,1.0
269.28,1.0
172.34,
120.09,2.0
87.73,1.0
198.54,0.0
294.91,0.0
287.34,0.0
282.2,1.0
259.45,0.0
262.58,1.0
293.79,4.0
142.05,1.0
15.23,2.0
100.48,4.0
176.3,1.0
274.18,0.0
275.92,2.0
322.09,1.0
337.3,4.0
262.08,2.0
79.23,4.0
90.45,2.0
337.81,3.0
1.01,2.0
341.91,2.0
333.2,4.0
311.2,4.0
298.05,2.0
112.95,0.0
120.98,0.0
125.89,2.0
331.68,3.0
332.81,4.0
293.03,3.0
68.39,3.0
94.22,3.0
250.31,0.0
311.26,3.0
152.42,0.0
138.09,0.0
234.49,0.0
249.69,1.0
222.54,0.0
261.44,0.0
61.21,4.0
137.54,0.0
55.2,3.0
96.99,
120.42,3.0
328.73,3.0
158.03,0.0
145.39,0.0
93.77,2.0
86.75,1.0
61.1,3.0
313.27,3.0
279.5,4.0
254.63,1.0
207.85,1.0
238.26,0.0
76.6,0.0
162.08,2.0
163.17,0.0
255.61,0.0
271.23,1.0
76.51,3.0
86.35,4.0
100.93,2.0
237.37,0.0
256.35,0.0
227.14,0.0
255.22,0.0
309.11,4.0
119.05,2.0
276.86,1.0
337.21,4.0
127.43,4.0
168.88,0.0
137.29,0.0
117.48,2.0
103.41,2.0
126.96,0.0
114.64,1.0
140.94,0.0
110.14,1.0
162.99,0.0
134.28,0.0
82.62,4.0
102.63,4.0
348.61,4.0
228.53,1.0
9.3,2.0
272.12,3.0
253.95,1.0
73.48,4.0
315.93,1.0
338.68,3.0
336.2,3.0
90.44,3.0
3.32,4.0
84.59,3.0
122.13,1.0
281.73,2.0
332.31,2.0
86.28,
100.01,2.0
231.81,0.0
247.31,2.0
224.68,0.0
70.98,4.0
65.55,3.0
137.24,1.0
224.55,2.0
275.75,1.0
275.34,1.0
306.82,0.0
270.36,0.0
87.74,3.0
276.79,1.0
289.81,1.0
281.34,2.0
54.68,
109.3,2.0
117.41,0.0
83.25,3.0
71.12,4.0
156.65,0.0
76.96,3.0
330.6,3.0
244.55,1.0
306.62,4.0
42.63,3.0
52.37,3.0
164.55,2.0
50.64,3.0
72.58,3.0
171.46,
132.12,1.0
102.84,2.0
176.42,0.0
78.72,4.0
145.77,0.0
64.72,3.0
139.92,1.0
145.28,1.0
39.47,3.0
236.8,1.0
283.95,1.0
341.9,4.0
147.46,2.0
161.11,0.0
356.19,3.0
355.5,4.0
315.76,2.0
153.02,3.0
89.7,1.0
27.77,3.0
160.03,1.0
125.0,1.0
236.47,0.0
277.19,1.0
302.47,4.0
131.48,1.0
117.36,1.0
48.55,3.0
52.04,3.0
69.22,3.0
100.82,
356.38,3.0
299.79,3.0
317.45,4.0
321.87,3.0
101.2,2.0
112.33,2.0
144.58,
27.04,
180.77,3.0
91.95,0.0
345.85,3.0
41.77,2.0
104.92,2.0
33.21,3.0
292.21,2.0
256.72,0.0
279.2,4.0
331.18,2.0
323.67,3.0
141.37,0.0
303.51,0.0
47.13,3.0
45.42,4.0
149.87,1.0
84.04,3.0
143.35,
110.6,1.0
145.67,0.0
139.19,0.0
152.52,1.0
54.54,4.0
104.45,2.0
355.63,
282.37,2.0
297.65,3.0
248.57,2.0
269.91,0.0
338.38,4.0
330.08,4.0
260.2,0.0
327.81,3.0
217.99,1.0
314.25,4.0
340.55,3.0
339.22,2.0
96.04,4.0
74.13,2.0
330.41,3.0
291.92,4.0
153.66,1.0
64.11,1.0
220.26,1.0
310.39,3.0
158.24,0.0
139.96,1.0
223.17,
335.47,3.0
288.13,1.0
48.22,4.0
96.85,2.0
0.05,1.0
167.83,1.0
258.34,0.0
136.02,1.0
317.49,3.0
325.31,4.0
326.67,
269.5,1.0
330.94,2.0
70.12,2.0
127.26,0.0
87.41,1.0
96.03,2.0
111.73,1.0
44.24,4.0
2.25,1.0
334.57,4.0
243.14,1.0
329.9,3.0
33.97,3.0
104.66,2.0
165.44,0.0
299.62,3.0
338.27,1.0
337.14,3.0
237.88,0.0
335.48,1.0
164.37,2.0
223.61,2.0
131.65,0.0
266.77,2.0
280.5,4.0
336.67,2.0
304.32,4.0
304.0,2.0
268.66,3.0
315.85,2.0
235.52,1.0
340.84,4.0
37.32,4.0
348.38,2.0
304.95,3.0
275.84,3.0
215.51,1.0
312.52,3.0
297.71,4.0
281.05,3.0
341.61,3.0
130.13,0.0
154.46,0.0
73.06,2.0
257.88,1.0
124.59,2.0
133.33,2.0
86.73,1.0
49.27,4.0
300.08,4.0
263.12,2.0
176.52,1.0
55.78,3.0
278.75,1.0
256.13,1.0
164.18,1.0
220.44,0.0
320.59,1.0
143.3,0.0
32.63,3.0
108.35,1.0
7.0,3.0
145.02,1.0
42.11,2.0
50.76,3.0
62.34,2.0
263.89,2.0
246.86,1.0
142.35,1.0
31.53,2.0
3.6,4.0
23.0,3.0
86.3,2.0
57.51,4.0
175.58,0.0
124.12,0.0
42.27,3.0
159.03,0.0
250.59,1.0
214.08,2.0
222.91,1.0
184.21,2.0
68.29,2.0
192.41,0.0
26.82,4.0
174.94,0.0
334.11,3.0
344.37,2.0
35.92,2.0
28.35,2.0
108.47,0.0
121.88,0.0
345.67,4.0
234.37,0.0
228.34,0.0
220.51,1.0
116.28,2.0
116.14,0.0
144.09,1.0
107.25,1.0
105.61,0.0
63.97,1.0
227.96,0.0
106.65,2.0
7.83,2.0
42.57,2.0
108.92,1.0
134.44,2.0
61.55,3.0
55.62,3.0
321.95,4.0
254.54,
51.12,1.0
197.89,0.0
125.79,0.0
126.61,2.0
64.32,4.0
195.93,0.0
155.62,0.0
193.5,
305.29,2.0
309.35,3.0
179.72,0.0
51.84,4.0
63.2,4.0
227.21,0.0
70.29,3.0
86.89,3.0
149.16,0.0
214.55,0.0
259.44,0.0
218.99,0.0
217.89,0.0
230.96,1.0
162.76,2.0
315.59,2.0
305.23,1.0
185.08,1.0
80.14,1.0
149.01,0.0
328.89,2.0
315.88,3.0
8.22,4.0
197.88,0.0
152.74,0.0
172.06,1.0
35.8,2.0
154.02,0.0
120.01,0.0
294.35,1.0
100.89,2.0
225.55,2.0
236.36,0.0
157.09,0.0
166.33,
87.16,2.0
332.79,3.0
316.66,2.0
150.92,0.0
136.55,0.0
137.72,0.0
217.8,1.0
208.52,0.0
329.6,4.0
350.54,4.0
329.74,4.0
274.64,2.0
80.08,4.0
138.57,0.0
35.41,3.0
148.64,0.0
158.15,0.0
260.23,0.0
353.54,4.0
50.1,2.0
58.77,4.0
55.24,3.0
111.99,2.0
49.06,3.0
29.63,3.0
62.81,4.0
350.58,4.0
149.42,0.0
158.02,2.0
146.35,1.0
83.5,3.0
25.63,3.0
338.32,3.0
220.59,1.0
356.69,
309.49,1.0
130.39,
68.67,2.0
25.7,2.0
181.34,0.0
37.64,2.0
130.6,2.0
77.77,3.0
311.1,3.0
199.78,2.0
109.74,2.0
135.16,1.0
76.15,1.0
235.93,
22.62,3.0
130.14,1.0
162.0,0.0
222.13,2.0
336.24,3.0
229.89,1.0
334.36,3.0
331.66,3.0
138.33,2.0
140.62,2.0
35.89,4.0
227.22,
308.83,1.0
5.56,4.0
236.99,2.0
158.69,0.0
94.13,1.0
300.29,2.0
55.78,1.0
86.97,2.0
232.2,1.0
343.7,4.0
318.91,2.0
292.72,1.0
56.95,4.0
133.93,2.0
134.5,0.0
278.13,
286.55,1.0
115.41,1.0
159.39,0.0
139.02,2.0
168.39,0.0
62.64,
162.75,2.0
111.57,1.0
49.72,4.0
313.32,3.0
312.29,3.0
212.21,0.0
217.64,0.0
278.1,1.0
116.66,2.0
142.73,0.0
161.6,1.0
112.87,0.0
55.19,4.0
109.44,2.0
69.84,3.0
296.61,2.0
1.83,2.0
177.67,1.0
123.62,1.0
96.76,2.0
198.28,1.0
338.58,2.0
307.3,3.0
216.04,0.0
339.6,2.0
333.62,4.0
283.85,0.0
252.51,0.0
159.26,
263.82,0.0
341.16,2.0
164.11,1.0
77.59,3.0
6.15,4.0
335.89,4.0
188.16,0.0
142.59,2.0
358.32,2.0
223.24,1.0
333.46,4.0
79.04,3.0
52.39,2.0
82.45,4.0
96.77,4.0
225.57,0.0
211.43,0.0
193.82,0.0
257.76,0.0
282.43,2.0
223.17,0.0
340.17,4.0
330.82,2.0
219.27,1.0
311.95,2.0
59.9,3.0
143.69,0.0
204.42,0.0
319.24,4.0
287.76,2.0
266.31,3.0
297.04,1.0
239.39,0.0
348.15,3.0
318.37,0.0
1.06,3.0
56.83,3.0
129.92,3.0
165.87,0.0
273.02,0.0
352.92,1.0
315.35,3.0
167.28,0.0
145.81,1.0
47.68,3.0
279.12,2.0
243.62,1.0
261.84,0.0
316.83,2.0
345.1,4.0
297.74,0.0
206.02,
184.87,3.0
119.65,1.0
316.04,1.0
255.17,0.0
99.86,2.0
46.87,4.0
152.66,0.0
269.13,2.0
321.33,4.0
84.01,3.0
350.7,3.0
325.76,3.0
262.04,0.0
63.55,0.0
60.66,3.0
244.55,0.0
90.83,4.0
92.32,3.0
269.55,0.0
153.03,
54.3,4.0
137.56,0.0
73.53,0.0
63.09,3.0
0.29,4.0
43.36,3.0
252.54,2.0
356.39,1.0
22.51,2.0
142.79,0.0
24.32,4.0
105.7,1.0
131.97,1.0
64.22,4.0
55.96,3.0
344.43,4.0
309.53,2.0
355.67,4.0
153.14,
76.85,3.0
269.65,1.0
272.33,0.0
281.01,2.0
307.47,3.0
244.89,1.0
232.82,1.0
49.58,3.0
77.69,4.0
265.18,1.0
319.08,2.0
250.4,1.0
197.2,1.0
63.21,2.0
78.76,4.0
195.82,1.0
146.84,1.0
147.29,0.0
91.85,1.0
138.28,1.0
153.65,0.0
347.87,4.0
133.38,1.0
83.24,1.0
43.76,4.0
134.46,0.0
73.56,2.0
8.25,3.0
228.16,1.0
11.59,3.0
40.52,3.0
271.02,2.0
305.16,3.0
310.28,3.0
64.85,2.0
166.35,2.0
72.87,2.0
3.1,4.0
338.9,3.0
336.75,4.0
270.77,1.0
51.03,3.0
175.12,0.0
117.84,1.0
146.52,0.0
160.34,0.0
155.33,1.0
167.77,1.0
280.24,2.0
317.76,3.0
303.58,3.0
257.07,2.0
253.85,0.0
317.59,2.0
233.5,0.0
17.96,2.0
244.5,0.0
92.65,4.0
246.04,0.0
340.14,3.0
99.18,1.0
332.55,
119.31,1.0
73.21,3.0
223.01,1.0
343.43,4.0
287.75,3.0
253.81,0.0
161.24,0.0
276.77,1.0
305.92,3.0
265.31,0.0
106.78,2.0
133.69,1.0
164.66,0.0
134.51,0.0
138.59,1.0
232.79,0.0
272.0,0.0
152.71,0.0
37.22,4.0
163.53,1.0
279.18,1.0
316.12,4.0
142.89,1.0
106.48,4.0
296.49,1.0
277.06,1.0
341.07,2.0
87.96,4.0
128.45,1.0
286.24,1.0
72.3,
180.44,2.0
85.6,3.0
12.45,4.0
145.9,3.0
135.83,4.0
290.38,1.0
308.97,3.0
293.57,1.0
329.78,2.0
332.92,4.0
325.81,2.0
356.36,
283.83,2.0
269.48,3.0
184.29,0.0
149.8,0.0
147.91,1.0
176.25,1.0
116.69,2.0
333.62,1.0
265.93,1.0
355.77,4.0
131.85,0.0
101.67,2.0
45.25,3.0
352.46,2.0
66.61,3.0
140.69,3.0
167.51,1.0
104.69,2.0
230.03,0.0
284.05,2.0
172.76,3.0
52.58,4.0
333.77,
151.28,1.0
158.7,2.0
161.49,0.0
23.57,2.0
90.87,
162.88,0.0
283.38,1.0
351.4,3.0
330.96,3.0
295.03,4.0
281.75,2.0
152.23,2.0
153.72,2.0
137.07,0.0
151.62,1.0
112.2,1.0
310.7,2.0
288.24,2.0
314.6,
117.12,0.0
14.78,4.0
299.43,3.0
87.11,2.0
171.65,0.0
27.32,2.0
250.15,1.0
267.88,1.0
269.55,1.0
289.07,3.0
258.52,1.0
250.9,1.0
28.02,3.0
23.94,
172.14,0.0
240.46,2.0
18.84,3.0
286.5,4.0
185.82,0.0
290.31,3.0
274.08,3.0
66.48,2.0
134.96,0.0
239.98,2.0
300.08,4.0
24.7,4.0
312.55,3.0
167.19,2.0
188.24,1.0
140.34,0.0
25.11,3.0
104.35,3.0
106.38,2.0
62.1,3.0
340.88,4.0
324.34,4.0
299.58,3.0
324.72,2.0
224.8,0.0
138.41,0.0
119.71,1.0
127.42,1.0
97.41,1.0
165.81,1.0
81.26,3.0
116.43,2.0
29.5,4.0
332.23,4.0
46.47,3.0
117.93,2.0
61.0,4.0
54.38,2.0
81.35,4.0
90.12,1.0
292.78,1.0
330.39,4.0
310.94,3.0
315.43,3.0
262.41,2.0
115.87,1.0
110.46,2.0
3.44,2.0
321.91,3.0
79.41,3.0
115.9,1.0
270.68,
350.75,4.0
159.29,0.0
199.36,2.0
217.17,0.0
308.21,3.0
240.03,1.0
247.85,0.0
138.41,1.0
307.52,3.0
222.47,1.0
214.51,0.0
169.39,3.0
156.1,
13.24,1.0
231.95,0.0
292.29,4.0
209.35,2.0
286.15,2.0
224.31,0.0
225.95,0.0
248.53,1.0
247.47,0.0
109.25,0.0
74.18,3.0
103.11,2.0
143.09,0.0
121.28,2.0
144.97,1.0
257.88,2.0
276.99,1.0
273.96,0.0
91.56,1.0
300.85,2.0
176.33,0.0
129.19,0.0
96.25,4.0
14.49,4.0
333.88,3.0
16.94,3.0
129.56,0.0
144.41,1.0
105.26,3.0
48.21,
120.69,2.0
48.76,2.0
180.62,0.0
131.88,1.0
33.45,4.0
99.83,2.0
54.62,4.0
60.6,3.0
100.78,3.0
112.44,1.0
105.61,3.0
170.34,3.0
82.94,3.0
68.02,4.0
75.79,4.0
160.38,0.0
2.18,2.0
338.15,2.0
252.49,2.0
351.34,4.0
184.47,0.0
296.91,1.0
274.79,1.0
212.41,1.0
325.86,3.0
264.86,
299.67,2.0
313.89,4.0
324.09,1.0
354.7,0.0
338.85,
300.75,2.0
257.0,0.0
212.16,1.0
321.03,2.0
333.18,1.0
171.49,0.0
163.81,3.0
87.12,4.0
107.21,
100.05,1.0
129.53,2.0
56.79,1.0
26.91,4.0
176.25,3.0
161.39,1.0
135.54,2.0
128.11,1.0
49.28,3.0
79.76,4.0
342.15,3.0
288.5,2.0
322.94,1.0
234.18,0.0
274.67,0.0
354.85,3.0
307.22,1.0
247.4,2.0
340.04,
259.88,0.0
19.81,2.0
299.33,4.0
226.34,2.0
241.74,0.0
109.57,0.0
39.55,
141.71,1.0
156.06,3.0
68.28,1.0
142.76,0.0
111.52,2.0
140.13,2.0
167.45,1.0
166.15,0.0
163.29,1.0
172.99,1.0
166.33,1.0
168.62,
67.03,3.0
85.15,4.0
154.97,1.0
129.19,1.0
160.67,
58.18,0.0
145.72,0.0
59.36,4.0
152.56,1.0
264.17,2.0
339.02,2.0
265.33,1.0
261.1,1.0
318.88,2.0
229.96,0.0
194.72,1.0
12.8,
204.05,0.0
277.08,
310.0,1.0
195.62,3.0
147.85,
98.84,3.0
220.01,0.0
192.02,0.0
94.32,2.0
66.48,2.0
99.18,3.0
129.83,2.0
72.36,2.0
241.8,2.0
205.15,0.0
244.41,0.0
310.51,3.0
288.14,0.0
174.95,1.0
306.49,1.0
245.35,0.0
319.41,3.0
284.23,1.0
270.72,1.0
334.84,4.0
129.19,1.0
132.34,2.0
58.92,4.0
74.3,4.0
154.05,2.0
130.42,1.0
115.2,0.0
79.58,4.0
118.66,0.0
101.81,4.0
135.26,0.0
117.3,1.0
122.91,2.0
244.28,3.0
229.51,2.0
298.71,1.0
34.24,0.0
261.16,2.0
92.97,1.0
352.19,1.0
150.56,1.0
65.84,3.0
159.8,0.0
108.93,3.0
158.05,
145.22,1.0
55.69,3.0
161.48,1.0
