x_0,y_0,vel_0,accel_0,orientation_0,dist_qb_0,receiver_type_0,route_ran_0,defensor_x_0_0,defensor_y_0_0,defensor_vel_0_0,defensor_accel_0_0,defensor_orientation_0_0,defensor_x_0_1,defensor_y_0_1,defensor_vel_0_1,defensor_accel_0_1,defensor_orientation_0_1,x_1,y_1,vel_1,accel_1,orientation_1,dist_qb_1,receiver_type_1,route_ran_1,defensor_x_1_0,defensor_y_1_0,defensor_vel_1_0,defensor_accel_1_0,defensor_orientation_1_0,defensor_x_1_1,defensor_y_1_1,defensor_vel_1_1,defensor_accel_1_1,defensor_orientation_1_1,x_2,y_2,vel_2,accel_2,orientation_2,dist_qb_2,receiver_type_2,route_ran_2,defensor_x_2_0,defensor_y_2_0,defensor_vel_2_0,defensor_accel_2_0,defensor_orientation_2_0,defensor_x_2_1,defensor_y_2_1,defensor_vel_2_1,defensor_accel_2_1,defensor_orientation_2_1,x_3,y_3,vel_3,accel_3,orientation_3,dist_qb_3,receiver_type_3,route_ran_3,defensor_x_3_0,defensor_y_3_0,defensor_vel_3_0,defensor_accel_3_0,defensor_orientation_3_0,defensor_x_3_1,defensor_y_3_1,defensor_vel_3_1,defensor_accel_3_1,defensor_orientation_3_1,x_4,y_4,vel_4,accel_4,orientation_4,dist_qb_4,receiver_type_4,route_ran_4,defensor_x_4_0,defensor_y_4_0,defensor_vel_4_0,defensor_accel_4_0,defensor_orientation_4_0,defensor_x_4_1,defensor_y_4_1,defensor_vel_4_1,defensor_accel_4_1,defensor_orientation_4_1,qb_x,qb_y,qb_orientation,qb_speed,qb_direction,qb_accel,amount_of_players_causing_pressure_on_qb,result
46.05,9.82,0.35,0.94,84.20999999999998,14.536894441386023,WR,GO,48.099999999999994,9.379999999999995,0.06,0.04,282.9,48.099999999999994,9.379999999999995,0.04,0.19,284.65,41.94,21.04,0.1,0.13,80.94999999999999,2.751472333133659,RB,FLAT,41.989999999999995,20.709999999999994,3.37,2.05,49.129999999999995,42.269999999999996,20.919999999999995,3.33,1.92,46.120000000000005,45.25,28.619999999999997,0.3,0.75,85.75999999999999,5.804937553497024,TE,GO,44.980000000000004,27.189999999999998,3.88,0.6,216.82,44.599999999999994,27.31,3.94,0.87,214.3,45.22,37.05,0.23,0.53,127.55000000000001,13.638317344892663,WR,CORNER,50.849999999999994,36.33,1.51,1.87,263.14,50.879999999999995,36.47,1.38,2.13,259.62,46.040000000000006,44.94,0.24,0.68,86.72000000000003,21.526787962907985,WR,IN,52.849999999999994,43.68,0.53,0.39,259.81,52.84,43.62,0.52,0.44,258.7,42.03,23.789999999999996,104.62,0.29,273.62,0.74,2,C
46.099999999999994,9.829999999999998,0.64,1.48,82.93,14.55244652970764,WR,GO,48.099999999999994,9.379999999999995,0.06,0.04,282.9,48.099999999999994,9.379999999999995,0.04,0.19,284.65,41.93000000000001,21.04,0.09,0.05,84.22000000000003,2.750654467576758,RB,FLAT,41.989999999999995,20.709999999999994,3.37,2.05,49.129999999999995,42.269999999999996,20.919999999999995,3.33,1.92,46.120000000000005,45.31,28.629999999999995,0.69,1.81,84.55000000000001,5.8692418590479,TE,GO,44.980000000000004,27.189999999999998,3.88,0.6,216.82,44.599999999999994,27.31,3.94,0.87,214.3,45.260000000000005,37.03,0.52,1.18,131.51999999999998,13.637833405640363,WR,CORNER,50.849999999999994,36.33,1.51,1.87,263.14,50.879999999999995,36.47,1.38,2.13,259.62,46.08,44.93,0.49,1.47,86.72000000000003,21.532015697560695,WR,IN,52.849999999999994,43.68,0.53,0.39,259.81,52.84,43.62,0.52,0.44,258.7,41.989999999999995,23.789999999999996,106.99000000000001,0.4,270.96,0.82,2,C
46.19,9.829999999999998,0.98,1.91,82.93,14.592604291215462,WR,GO,48.099999999999994,9.379999999999995,0.06,0.04,282.9,48.099999999999994,9.379999999999995,0.04,0.19,284.65,41.93000000000001,21.029999999999994,0.09,0.05,85.13,2.7600181158825765,RB,FLAT,41.989999999999995,20.709999999999994,3.37,2.05,49.129999999999995,42.269999999999996,20.919999999999995,3.33,1.92,46.120000000000005,45.400000000000006,28.639999999999997,1.06,2.67,87.22000000000003,5.9576925063316315,TE,GO,44.980000000000004,27.189999999999998,3.88,0.6,216.82,44.599999999999994,27.31,3.94,0.87,214.3,45.33,37.0,0.78,1.58,135.24,13.638042381515028,WR,CORNER,50.849999999999994,36.33,1.51,1.87,263.14,50.879999999999995,36.47,1.38,2.13,259.62,46.150000000000006,44.919999999999995,0.84,2.18,87.93,21.545324318747213,WR,IN,52.849999999999994,43.68,0.53,0.39,259.81,52.84,43.62,0.52,0.44,258.7,41.94,23.789999999999996,112.19,0.6,273.56,1.14,2,C
46.33,9.839999999999996,1.46,2.6,79.24000000000001,14.65514244216002,WR,GO,48.099999999999994,9.379999999999995,0.06,0.04,282.9,48.099999999999994,9.379999999999995,0.04,0.19,284.65,41.91,21.0,0.27,0.56,89.73000000000002,2.800285699709939,RB,FLAT,41.989999999999995,20.709999999999994,3.37,2.05,49.129999999999995,42.269999999999996,20.919999999999995,3.33,1.92,46.120000000000005,45.53,28.639999999999997,1.43,2.84,82.95999999999998,6.068047461910625,TE,GO,44.980000000000004,27.189999999999998,3.88,0.6,216.82,45.36,27.049999999999997,3.69,0.34,224.46,45.43000000000001,36.94,1.24,2.74,133.13,13.613713674086144,WR,CORNER,50.849999999999994,36.33,1.51,1.87,263.14,50.879999999999995,36.47,1.38,2.13,259.62,46.260000000000005,44.91,1.32,2.94,81.38999999999999,21.561637229115973,WR,IN,52.849999999999994,43.68,0.53,0.39,259.81,52.84,43.62,0.52,0.44,258.7,41.870000000000005,23.799999999999997,114.07,0.74,276.54,1.21,2,C
46.510000000000005,9.849999999999994,1.99,3.34,84.94999999999999,14.736349615830921,WR,GO,48.099999999999994,9.379999999999995,0.06,0.04,282.9,48.099999999999994,9.379999999999995,0.04,0.19,284.65,41.89,20.949999999999996,0.51,1.03,93.82,2.8617477177417325,RB,FLAT,41.989999999999995,20.709999999999994,3.37,2.05,49.129999999999995,42.269999999999996,20.919999999999995,3.33,1.92,46.120000000000005,45.730000000000004,28.65,2.11,3.75,91.07,6.24092941796332,TE,GO,44.980000000000004,27.189999999999998,3.88,0.6,216.82,45.36,27.049999999999997,3.69,0.34,224.46,45.56999999999999,36.87,1.73,3.21,133.13,13.59602883197884,WR,CORNER,50.849999999999994,36.33,1.51,1.87,263.14,50.849999999999994,36.19,1.43,1.31,266.61,46.42,44.89,1.78,3.37,80.36000000000001,21.582476688276536,WR,IN,52.849999999999994,43.68,0.53,0.39,259.81,52.84,43.62,0.52,0.44,258.7,41.790000000000006,23.81,115.25999999999999,0.91,278.09000000000003,1.26,2,C
46.75,9.869999999999997,2.53,3.65,84.01999999999998,14.839342977369315,WR,GO,48.099999999999994,9.379999999999995,0.06,0.04,282.9,48.099999999999994,9.379999999999995,0.04,0.19,284.65,41.849999999999994,20.86,0.88,1.65,96.27999999999997,2.9643211701838217,RB,FLAT,41.989999999999995,20.709999999999994,3.37,2.05,49.129999999999995,41.69,20.519999999999996,3.42,2.14,54.75999999999999,45.980000000000004,28.659999999999997,2.74,4.23,87.87,6.467588422279208,TE,GO,45.36,27.049999999999997,3.69,0.34,224.46,45.709999999999994,26.909999999999997,3.56,0.66,228.05,45.760000000000005,36.769999999999996,2.26,3.53,128.12,13.574512882604665,WR,CORNER,50.849999999999994,36.33,1.51,1.87,263.14,50.849999999999994,36.19,1.43,1.31,266.61,46.629999999999995,44.879999999999995,2.36,3.92,88.61000000000001,21.631624996749547,WR,IN,52.849999999999994,43.68,0.53,0.39,259.81,52.84,43.62,0.52,0.44,258.7,41.69,23.819999999999997,118.00999999999999,1.13,277.15999999999997,1.4,2,C
47.040000000000006,9.879999999999995,3.06,3.78,84.01999999999998,14.9877583380571,WR,GO,48.099999999999994,9.379999999999995,0.06,0.04,282.9,48.099999999999994,9.379999999999995,0.04,0.19,284.65,41.81,20.759999999999998,1.13,1.81,98.43,3.080162333384395,RB,FLAT,41.989999999999995,20.709999999999994,3.37,2.05,49.129999999999995,41.69,20.519999999999996,3.42,2.14,54.75999999999999,46.290000000000006,28.679999999999996,3.29,4.15,90.31,6.774614380169547,TE,GO,45.709999999999994,26.909999999999997,3.56,0.66,228.05,45.36,27.049999999999997,3.69,0.34,224.46,45.989999999999995,36.65,2.75,3.51,127.23000000000002,13.563823207340914,WR,CORNER,50.849999999999994,36.33,1.51,1.87,263.14,50.849999999999994,36.19,1.43,1.31,266.61,46.900000000000006,44.86,2.88,3.88,87.00999999999999,21.697384635019954,WR,IN,52.849999999999994,43.68,0.53,0.39,259.81,52.86,43.72,0.46,0.58,261.31,41.56,23.83,131.04000000000002,1.38,277.03,1.63,2,C
47.39,9.899999999999999,3.7,4.19,80.79000000000002,15.177710631053683,WR,GO,48.099999999999994,9.379999999999995,0.06,0.04,282.9,48.099999999999994,9.379999999999995,0.04,0.19,284.65,41.769999999999996,20.61,1.55,2.31,100.99000000000001,3.2599386497294685,RB,FLAT,41.69,20.519999999999996,3.42,2.14,54.75999999999999,41.989999999999995,20.709999999999994,3.37,2.05,49.129999999999995,46.650000000000006,28.709999999999997,3.78,3.8,90.31,7.1468314657616,TE,GO,45.709999999999994,26.909999999999997,3.56,0.66,228.05,46.05,26.759999999999998,3.24,1.03,229.62,46.28,36.519999999999996,3.28,3.61,127.91000000000003,13.573717250628142,WR,CORNER,50.849999999999994,36.33,1.51,1.87,263.14,50.849999999999994,36.19,1.43,1.31,266.61,47.209999999999994,44.86,3.36,3.79,83.91000000000003,21.79587346265343,WR,IN,52.849999999999994,43.68,0.53,0.39,259.81,52.86,43.72,0.46,0.58,261.31,41.41,23.849999999999998,135.85000000000002,1.58,276.95,1.62,2,C
47.790000000000006,9.919999999999995,4.26,4.35,84.42000000000002,15.411197227989792,WR,GO,48.099999999999994,9.379999999999995,0.06,0.04,282.9,48.099999999999994,9.379999999999995,0.04,0.19,284.65,41.72,20.439999999999998,1.93,3.26,105.89999999999998,3.463423162133094,RB,FLAT,41.69,20.519999999999996,3.42,2.14,54.75999999999999,41.39,20.349999999999994,3.48,2.3,57.610000000000014,47.08,28.749999999999996,4.4,3.82,95.31,7.610519036176181,TE,GO,46.05,26.759999999999998,3.24,1.03,229.62,46.36,26.619999999999997,2.97,1.53,231.0,46.599999999999994,36.379999999999995,3.69,3.22,124.36000000000001,13.609911829251502,WR,CORNER,50.849999999999994,36.33,1.51,1.87,263.14,50.849999999999994,36.19,1.43,1.31,266.61,47.56999999999999,44.849999999999994,3.86,3.59,78.29000000000002,21.91413470799155,WR,IN,52.849999999999994,43.68,0.53,0.39,259.81,52.86,43.72,0.46,0.58,261.31,41.239999999999995,23.869999999999997,139.67000000000002,1.79,276.22,1.57,2,C
48.25,9.949999999999996,4.78,4.09,84.42000000000002,15.68960165204968,WR,GO,48.129999999999995,9.379999999999995,0.16,0.38,284.63,48.11,9.379999999999995,0.06,0.07,280.96,41.67,20.22,2.37,3.34,111.51999999999998,3.722002149381431,RB,FLAT,41.69,20.519999999999996,3.42,2.14,54.75999999999999,41.39,20.349999999999994,3.48,2.3,57.610000000000014,47.55,28.789999999999996,4.96,4.01,89.08999999999997,8.140024569987489,TE,GO,46.64,26.49,2.53,1.73,237.76,46.36,26.619999999999997,2.97,1.53,231.0,46.980000000000004,36.25,4.05,2.94,112.32,13.708920453485758,WR,CORNER,50.849999999999994,36.19,1.43,1.31,266.61,50.849999999999994,36.33,1.51,1.87,263.14,47.980000000000004,44.839999999999996,4.23,3.06,78.91000000000003,22.066431519391625,WR,IN,52.849999999999994,43.68,0.53,0.39,259.81,52.86,43.72,0.46,0.58,261.31,41.05,23.889999999999997,143.24,1.98,277.02,1.41,2,C
48.75,10.0,5.27,3.71,82.67000000000002,16.005511550712775,WR,GO,48.870000000000005,9.489999999999995,1.13,0.61,270.62,48.760000000000005,9.469999999999999,1.09,0.42,273.43,41.599999999999994,19.97,2.85,3.3,114.57,4.020572098594924,RB,FLAT,41.39,20.349999999999994,3.48,2.3,57.610000000000014,41.69,20.519999999999996,3.42,2.14,54.75999999999999,48.06999999999999,28.839999999999996,5.39,3.44,84.22000000000003,8.736978882886234,TE,GO,46.879999999999995,26.379999999999995,2.11,1.83,243.94,46.64,26.49,2.53,1.73,237.76,47.379999999999995,36.14,4.27,2.53,99.91000000000003,13.855298625435688,WR,CORNER,50.849999999999994,36.19,1.43,1.31,266.61,50.849999999999994,36.06,1.39,1.16,269.97,48.41,44.839999999999996,4.46,2.18,78.91000000000003,22.24410034143885,WR,IN,52.86,43.72,0.46,0.58,261.31,52.870000000000005,43.76,0.41,0.57,261.31,40.849999999999994,23.919999999999998,145.98000000000002,2.11,276.59000000000003,1.12,2,C
49.3,10.059999999999995,5.65,3.19,79.98000000000002,16.36001222493431,WR,GO,49.489999999999995,9.79,1.25,0.73,259.39,49.58,9.879999999999995,1.24,0.88,256.34000000000003,41.53,19.659999999999997,3.32,3.16,114.57,4.371555787131169,RB,FLAT,41.39,20.349999999999994,3.48,2.3,57.610000000000014,41.06,20.199999999999996,3.5,2.55,61.0,48.64,28.9,5.84,3.0,84.22000000000003,9.412842291252947,TE,GO,51.45,28.669999999999998,1.23,0.26,286.99,51.44,28.549999999999997,1.26,0.32,292.79,47.81,36.06,4.47,2.54,87.0,14.082020451625546,WR,CORNER,50.849999999999994,36.06,1.39,1.16,269.97,50.849999999999994,36.19,1.43,1.31,266.61,48.870000000000005,44.81999999999999,4.63,1.43,85.37,22.44342442676696,WR,IN,52.870000000000005,43.76,0.41,0.57,261.31,52.86,43.72,0.46,0.58,261.31,40.64,23.939999999999998,146.87,2.19,276.06,0.77,2,C
49.879999999999995,10.14,6.08,3.14,76.57999999999998,16.747656552485182,WR,GO,49.81,10.199999999999996,1.3,0.85,242.27,49.739999999999995,10.089999999999996,1.27,0.83,246.94,41.45,19.32,3.71,3.01,114.57,4.752946454568995,RB,FLAT,41.06,20.199999999999996,3.5,2.55,61.0,41.39,20.349999999999994,3.48,2.3,57.610000000000014,49.260000000000005,28.959999999999997,6.34,2.83,94.62,10.15606222903346,TE,GO,51.45,28.669999999999998,1.23,0.26,286.99,51.47,28.779999999999998,1.07,0.58,280.81,48.25,36.0,4.57,2.99,76.05000000000001,14.362120317000551,WR,CORNER,50.849999999999994,36.06,1.39,1.16,269.97,50.849999999999994,36.19,1.43,1.31,266.61,49.33,44.8,4.66,0.73,90.75,22.664811933920827,WR,IN,52.870000000000005,43.76,0.41,0.57,261.31,52.86,43.72,0.46,0.58,261.31,40.42,23.959999999999997,148.08999999999997,2.22,275.71,0.37,2,C
50.5,10.25,6.36,2.85,73.11000000000001,17.170002912055665,WR,GO,49.93000000000001,10.439999999999998,1.4,0.88,230.29,49.97,10.579999999999998,1.51,0.78,220.75,41.370000000000005,18.93,4.12,2.84,116.47000000000003,5.186029309597083,RB,FLAT,41.06,20.199999999999996,3.5,2.55,61.0,40.72,20.08,3.48,2.97,65.69,49.91,29.039999999999996,6.68,2.42,93.79000000000002,10.958193281741291,TE,GO,51.480000000000004,28.879999999999995,0.99,0.77,276.57,51.47,28.779999999999998,1.07,0.58,280.81,48.709999999999994,35.97,4.66,2.69,72.49000000000001,14.708857875443627,WR,CORNER,50.849999999999994,36.06,1.39,1.16,269.97,50.849999999999994,36.19,1.43,1.31,266.61,49.78,44.75,4.53,1.05,96.17000000000002,22.877084604468294,WR,IN,52.870000000000005,43.76,0.41,0.57,261.31,52.86,43.72,0.46,0.58,261.31,40.19,23.979999999999997,148.08999999999997,2.26,275.29,0.15,2,C
51.129999999999995,10.379999999999995,6.64,2.62,69.71000000000004,17.608236708995026,WR,GO,50.019999999999996,10.729999999999997,1.54,1.0,217.34,49.97,10.579999999999998,1.51,0.78,220.75,41.28,18.509999999999998,4.48,2.5,115.73000000000002,5.6441296937614736,RB,FLAT,40.72,20.08,3.48,2.97,65.69,41.06,20.199999999999996,3.5,2.55,61.0,50.59,29.129999999999995,6.93,1.85,90.54000000000002,11.794121417045023,TE,GO,51.5,28.97,0.83,1.13,271.26,51.480000000000004,28.879999999999995,0.99,0.77,276.57,49.19,36.03,4.8,3.65,68.78999999999996,15.156823545848916,WR,CORNER,50.849999999999994,36.06,1.39,1.16,269.97,50.849999999999994,36.19,1.43,1.31,266.61,50.19,44.669999999999995,4.25,2.1,90.60000000000002,23.058562400982414,WR,IN,52.870000000000005,43.76,0.41,0.57,261.31,52.86,43.72,0.46,0.58,261.31,39.97,23.999999999999996,146.89999999999998,2.2,275.03,0.34,2,C
51.790000000000006,10.549999999999997,6.85,2.58,67.84000000000003,18.0599501660442,WR,GO,50.11,11.04,1.73,0.99,209.82999999999998,50.06,10.879999999999995,1.62,1.06,213.28,41.19,18.04,4.84,2.23,108.16000000000003,6.148601467000438,RB,FLAT,40.72,20.08,3.48,2.97,65.69,40.379999999999995,19.989999999999995,3.39,3.37,73.12,51.3,29.22,7.2,1.46,87.77999999999997,12.657472101490086,TE,GO,51.540000000000006,29.109999999999996,0.6,1.27,260.47,51.56,29.15,0.43,1.47,256.43,49.67,36.129999999999995,4.89,3.82,59.75,15.648009458074847,WR,CORNER,50.849999999999994,36.19,1.43,1.31,266.61,50.849999999999994,36.06,1.39,1.16,269.97,50.56,44.55,3.9,3.33,107.75,23.197433047645596,WR,IN,52.870000000000005,43.76,0.41,0.57,261.31,52.86,43.72,0.46,0.58,261.31,39.760000000000005,24.019999999999996,146.89999999999998,2.1,273.39,0.71,2,C
52.459999999999994,10.75,7.13,2.47,65.01999999999998,18.499864864371304,WR,GO,53.879999999999995,9.39,2.14,1.52,311.91999999999996,53.739999999999995,9.239999999999995,1.94,1.46,294.28,41.11,17.549999999999997,5.06,1.74,100.57,6.650751837198559,RB,FLAT,40.379999999999995,19.989999999999995,3.39,3.37,73.12,40.72,20.08,3.48,2.97,65.69,52.03,29.319999999999997,7.44,1.35,90.01999999999998,13.540369271183124,TE,GO,52.11,29.439999999999998,0.46,0.02,246.07,52.08,29.459999999999997,0.45,0.29,241.48,50.14,36.28,5.0,3.82,56.889999999999986,16.187417953460034,WR,CORNER,50.849999999999994,36.33,1.51,1.87,263.14,50.849999999999994,36.19,1.43,1.31,266.61,50.900000000000006,44.4,3.6,4.07,119.16000000000003,23.317660688842704,WR,IN,52.870000000000005,43.76,0.41,0.57,261.31,52.86,43.72,0.46,0.58,261.31,39.56999999999999,24.019999999999996,151.16000000000003,1.89,270.35,1.36,2,C
53.150000000000006,10.969999999999999,7.29,1.97,66.90999999999997,18.956924856104692,WR,GO,54.209999999999994,9.709999999999994,2.37,0.9,338.95,54.39,9.86,2.35,0.96,337.03999999999996,41.03,17.04,5.22,1.31,91.08999999999997,7.16779603504452,RB,FLAT,40.379999999999995,19.989999999999995,3.39,3.37,73.12,40.72,20.08,3.48,2.97,65.69,52.78,29.439999999999998,7.64,1.1,90.01999999999998,14.43609365444821,TE,GO,52.349999999999994,29.269999999999996,0.4,0.67,262.3,52.33,29.31,0.37,0.8,261.5,50.61,36.48,5.15,3.68,53.84000000000003,16.760539967435413,WR,CORNER,50.879999999999995,36.47,1.38,2.13,259.62,50.849999999999994,36.33,1.51,1.87,263.14,51.18000000000001,44.209999999999994,3.37,4.57,129.36,23.375296789559698,WR,IN,52.870000000000005,43.76,0.41,0.57,261.31,52.86,43.72,0.46,0.58,261.31,39.400000000000006,24.019999999999996,151.16000000000003,1.61,269.31,1.88,2,C
53.849999999999994,11.209999999999994,7.44,1.54,69.56,19.42308162985472,WR,GO,54.59,9.979999999999997,2.33,2.21,359.51,54.39,9.86,2.35,0.96,337.03999999999996,40.959999999999994,16.519999999999996,5.32,0.94,83.25999999999999,7.6924703444342235,RB,FLAT,40.379999999999995,19.989999999999995,3.39,3.37,73.12,40.040000000000006,19.959999999999994,3.38,3.85,74.32,53.540000000000006,29.56,7.74,0.61,93.58999999999997,15.326307448306007,TE,GO,54.34,29.519999999999996,4.39,0.39,347.75,54.349999999999994,29.959999999999997,4.43,0.42,348.59000000000003,51.09,36.72,5.3,3.52,52.5,17.36305272698324,WR,CORNER,51.11,36.75,0.52,0.91,243.06,51.150000000000006,36.72,0.63,0.72,244.01,51.42,44.0,3.18,5.19,136.91000000000003,23.39464254909658,WR,IN,52.849999999999994,43.68,0.53,0.39,259.81,52.86,43.72,0.46,0.58,261.31,39.25,24.019999999999996,151.87,1.35,267.79,2.18,2,C
54.56,11.449999999999996,7.56,0.61,68.25,19.887936041731432,WR,GO,54.81,10.07,2.34,2.84,7.100000000000023,55.040000000000006,10.11,2.4,3.24,12.680000000000007,40.900000000000006,15.979999999999997,5.41,0.89,75.02999999999997,8.220614332274689,RB,FLAT,40.379999999999995,19.989999999999995,3.39,3.37,73.12,40.040000000000006,19.959999999999994,3.38,3.85,74.32,54.31,29.679999999999996,7.86,0.26,94.77999999999997,16.19499305341006,TE,GO,54.34,29.519999999999996,4.39,0.39,347.75,54.349999999999994,29.959999999999997,4.43,0.42,348.59000000000003,51.55,36.989999999999995,5.47,3.51,52.5,17.957964806736864,WR,CORNER,51.370000000000005,36.849999999999994,0.16,1.16,252.41,51.36,36.86,0.29,0.89,253.23000000000002,51.61,43.75,3.07,4.93,136.91000000000003,23.348843654451073,WR,IN,52.84,43.62,0.52,0.44,258.7,52.849999999999994,43.68,0.53,0.39,259.81,39.14,24.009999999999998,156.33999999999992,0.93,265.35,2.74,2,C
55.290000000000006,11.68,7.62,0.77,63.00999999999999,20.368377451333732,WR,GO,55.290000000000006,10.099999999999994,2.52,3.63,11.649999999999977,55.040000000000006,10.11,2.4,3.24,12.680000000000007,40.86,15.449999999999996,5.34,1.0,68.63999999999999,8.73536490365457,RB,FLAT,40.379999999999995,19.989999999999995,3.39,3.37,73.12,40.040000000000006,19.959999999999994,3.38,3.85,74.32,55.11,29.789999999999996,7.99,0.31,94.77999999999997,17.053026124415577,TE,GO,54.349999999999994,29.959999999999997,4.43,0.42,348.59000000000003,54.34,29.519999999999996,4.39,0.39,347.75,52.019999999999996,37.3,5.66,2.78,57.860000000000014,18.56320284864657,WR,CORNER,52.260000000000005,36.75,4.12,4.1,350.40999999999997,52.56999999999999,37.05,4.53,3.37,0.2300000000000182,51.760000000000005,43.5,2.92,4.17,135.41000000000003,23.265556086197474,WR,IN,52.84,43.56999999999999,0.56,0.52,258.7,52.84,43.62,0.52,0.44,258.7,39.06999999999999,23.999999999999996,152.60000000000002,0.48,262.26,3.33,2,C
56.02,11.89,7.64,1.49,60.90999999999997,20.839714489406997,WR,GO,55.55,10.04,2.76,3.86,14.889999999999986,55.290000000000006,10.099999999999994,2.52,3.63,11.649999999999977,40.81999999999999,14.919999999999995,5.27,1.19,63.85000000000002,9.248999945940103,RB,FLAT,40.379999999999995,19.989999999999995,3.39,3.37,73.12,40.040000000000006,19.959999999999994,3.38,3.85,74.32,55.92,29.869999999999997,8.15,1.13,99.88,17.85263285904911,TE,GO,54.349999999999994,29.959999999999997,4.43,0.42,348.59000000000003,54.34,29.519999999999996,4.39,0.39,347.75,52.480000000000004,37.629999999999995,5.8,1.92,65.35000000000002,19.127814825536138,WR,CORNER,52.900000000000006,37.379999999999995,4.83,2.52,9.850000000000023,52.56999999999999,37.05,4.53,3.37,0.2300000000000182,51.879999999999995,43.25,2.72,3.33,134.14999999999998,23.128227342362404,WR,IN,52.849999999999994,43.449999999999996,0.63,0.6,261.43,52.870000000000005,43.39,0.67,0.56,262.69,39.06,23.999999999999996,150.70999999999998,0.11,69.26999999999998,3.93,2,C
56.76,12.07,7.63,2.08,58.56999999999999,21.314900891160622,WR,GO,55.81999999999999,9.93,3.06,4.21,22.08000000000004,55.55,10.04,2.76,3.86,14.889999999999986,40.790000000000006,14.399999999999999,5.16,1.42,59.85000000000002,9.76559265994645,RB,FLAT,40.379999999999995,19.989999999999995,3.39,3.37,73.12,40.040000000000006,19.959999999999994,3.38,3.85,74.32,56.74,29.929999999999996,8.22,1.44,107.98000000000002,18.59421953188679,TE,GO,57.46,28.609999999999996,1.06,0.41,245.20999999999998,57.36,28.56,1.11,0.38,248.15,52.97,37.98,6.1,1.36,77.92000000000002,19.671837738249064,WR,CORNER,53.25,37.72,5.04,1.69,15.100000000000023,52.900000000000006,37.379999999999995,4.83,2.52,9.850000000000023,51.97,43.019999999999996,2.46,2.77,135.43,22.942964063084787,WR,IN,52.89,43.31999999999999,0.71,0.53,265.57,52.91,43.25,0.74,0.55,266.56,39.11,24.019999999999996,147.11,0.68,79.69999999999999,4.16,2,C
57.52,12.219999999999999,7.63,2.74,56.610000000000014,21.79377204616035,WR,GO,56.1,9.769999999999996,3.36,3.82,22.08000000000004,55.81999999999999,9.93,3.06,4.21,22.08000000000004,40.769999999999996,13.89,5.02,1.6,55.91999999999996,10.269182051166485,RB,FLAT,40.379999999999995,19.989999999999995,3.39,3.37,73.12,40.040000000000006,19.959999999999994,3.38,3.85,74.32,57.58,29.979999999999997,8.3,1.72,113.86000000000001,19.306488546600082,TE,GO,57.91,28.839999999999996,0.97,0.42,240.38,58.0,28.869999999999997,0.95,0.48,240.38,53.47,38.339999999999996,6.21,0.71,74.73000000000002,20.194989477590727,WR,CORNER,53.629999999999995,38.06999999999999,5.11,0.87,21.99000000000001,54.0,38.4,5.06,0.61,26.850000000000023,52.03,42.809999999999995,2.15,2.49,142.45,22.7302727656313,WR,IN,52.94,43.18,0.78,0.61,266.56,52.91,43.25,0.74,0.55,266.56,39.209999999999994,24.039999999999996,138.99,1.24,75.49000000000001,4.13,2,C
58.27,12.32,7.59,3.43,56.610000000000014,22.273773815857968,WR,GO,56.39,9.57,3.74,3.6,19.230000000000018,56.1,9.769999999999996,3.36,3.82,22.08000000000004,40.760000000000005,13.399999999999999,4.85,1.9,49.639999999999986,10.781284710089052,RB,FLAT,40.040000000000006,19.959999999999994,3.38,3.85,74.32,40.379999999999995,19.989999999999995,3.39,3.37,73.12,58.42,29.979999999999997,8.42,2.27,126.79000000000002,19.949328309494536,TE,GO,58.81,29.209999999999997,0.72,0.33,256.39,58.87,29.24,0.66,0.37,258.49,53.989999999999995,38.69,6.35,0.6,73.53999999999996,20.668742100089204,WR,CORNER,53.989999999999995,38.81999999999999,3.07,1.33,352.40999999999997,54.010000000000005,38.51,3.21,1.27,352.40999999999997,52.08,42.61,1.9,2.54,143.79000000000002,22.467505424501407,WR,IN,53.019999999999996,43.03,0.91,0.63,265.2,52.980000000000004,43.11,0.85,0.6,265.2,39.36,24.089999999999996,129.47000000000003,1.76,74.83000000000004,4.02,2,C
59.04,12.369999999999997,7.62,4.06,54.620000000000005,22.75968585020452,WR,GO,59.27,16.14,0.1,0.73,288.18,59.28,16.14,0.09,0.92,289.79,40.78,12.919999999999995,4.69,2.1,45.06,11.286133084453686,RB,FLAT,40.040000000000006,19.959999999999994,3.38,3.85,74.32,40.379999999999995,19.989999999999995,3.39,3.37,73.12,59.27,29.959999999999997,8.48,2.4,132.55,20.55131382661459,TE,GO,59.66,29.619999999999997,0.67,0.22,252.34,59.71,29.679999999999996,0.69,0.16,250.42000000000002,54.540000000000006,39.04,6.43,0.88,72.09000000000003,21.128426349352196,WR,CORNER,54.760000000000005,38.989999999999995,4.71,1.99,16.409999999999968,54.379999999999995,38.709999999999994,4.97,1.07,26.850000000000023,52.129999999999995,42.44,1.63,2.5,145.45,22.20123645205374,WR,IN,53.06,42.94,0.98,0.57,265.81,53.11,42.849999999999994,1.04,0.54,265.81,39.56,24.139999999999997,121.76999999999998,2.19,72.86000000000001,3.65,2,C
59.8,12.379999999999995,7.57,4.12,51.91999999999996,23.255592875693356,WR,GO,59.28,16.14,0.09,0.92,289.79,59.27,16.14,0.1,0.73,288.18,40.8,12.469999999999999,4.45,2.37,39.56999999999999,11.803291913699328,RB,FLAT,40.040000000000006,19.959999999999994,3.38,3.85,74.32,40.379999999999995,19.989999999999995,3.39,3.37,73.12,60.13,29.919999999999998,8.51,2.38,135.66000000000003,21.120883030782586,TE,GO,60.02,30.039999999999996,0.84,0.11,244.26999999999998,60.07,30.089999999999996,0.8,0.25,245.26,55.099999999999994,39.379999999999995,6.54,1.02,68.63999999999999,21.53876969559774,WR,CORNER,55.129999999999995,39.25,4.48,2.55,11.340000000000032,55.489999999999995,39.48,4.17,3.2,357.13,52.17,42.29,1.4,2.35,147.76999999999998,21.895844354580163,WR,IN,53.150000000000006,42.75,1.08,0.62,267.94,53.2,42.65,1.14,0.63,267.94,39.790000000000006,24.229999999999997,106.86000000000001,2.65,68.91999999999996,3.61,2,C
40.849999999999994,12.04,4.2,2.62,35.210000000000036,12.325988804148734,RB,FLAT,48.099999999999994,9.379999999999995,0.06,0.04,282.9,48.099999999999994,9.379999999999995,0.04,0.19,284.65,60.55,12.329999999999998,7.5,4.01,47.289999999999964,23.759000399848475,WR,GO,62.0,15.779999999999994,3.7,1.64,255.23000000000002,61.66,15.909999999999997,3.48,1.96,250.70999999999998,60.98,29.849999999999998,8.57,2.28,142.2,21.6431282396977,TE,GO,60.29,30.339999999999996,0.83,0.3,259.92,60.33,30.4,0.73,0.51,265.69,55.66,39.73,6.55,0.9,64.64999999999998,21.92086220932014,WR,CORNER,55.84,39.68,3.87,3.78,341.6,55.489999999999995,39.48,4.17,3.2,357.13,52.22,42.14,1.46,1.35,149.89,21.56267376741577,WR,IN,53.2,42.65,1.14,0.63,267.94,53.25,42.54,1.19,0.64,267.94,40.05,24.339999999999996,98.68,3.04,66.0,3.24,2,C
40.92,11.64,3.92,2.96,31.409999999999968,12.862635810750453,RB,FLAT,48.099999999999994,9.379999999999995,0.06,0.04,282.9,48.099999999999994,9.379999999999995,0.04,0.19,284.65,61.3,12.239999999999995,7.5,3.82,41.620000000000005,24.268601113372817,WR,GO,62.36,15.649999999999999,3.92,1.42,256.54,62.75,15.529999999999994,4.11,1.31,256.54,61.84,29.749999999999996,8.58,2.13,150.67000000000002,22.12436891755334,TE,GO,60.36,30.459999999999997,0.66,0.82,276.7,60.33,30.4,0.73,0.51,265.69,56.21,40.08,6.56,0.66,56.69,22.23932777761055,WR,CORNER,56.17,39.81999999999999,3.39,4.74,318.78,56.48,39.89,2.95,5.29,297.34000000000003,52.260000000000005,42.0,1.44,0.76,144.85000000000002,21.176595571526605,WR,IN,53.3,42.43,1.23,0.72,267.94,53.25,42.54,1.19,0.64,267.94,40.349999999999994,24.49,93.04000000000002,3.45,62.5,3.12,2,C
41.010000000000005,11.279999999999994,3.68,3.25,31.409999999999968,13.394573528112051,RB,FLAT,48.099999999999994,9.379999999999995,0.06,0.04,282.9,48.099999999999994,9.379999999999995,0.04,0.19,284.65,62.04,12.099999999999994,7.48,3.62,41.620000000000005,24.801397138064626,WR,GO,63.16,15.409999999999997,4.28,1.19,257.31,62.75,15.529999999999994,4.11,1.31,256.54,62.69,29.629999999999995,8.54,2.06,155.72000000000003,22.58146363724017,TE,GO,60.36,30.459999999999997,0.66,0.82,276.7,60.33,30.4,0.73,0.51,265.69,56.76,40.44,6.52,0.86,45.360000000000014,22.536701178300255,WR,CORNER,56.75,40.47,1.62,5.39,89.62,56.92,40.48,1.95,5.46,74.72000000000003,52.31,41.839999999999996,1.61,0.33,149.33999999999997,20.7492505888767,WR,IN,53.349999999999994,42.309999999999995,1.31,0.68,270.88,53.400000000000006,42.19,1.41,0.7,273.5,40.66,24.669999999999998,84.87,3.78,59.80000000000001,2.75,2,C
41.129999999999995,10.939999999999998,3.48,3.3,27.980000000000018,13.950702491272617,RB,FLAT,48.099999999999994,9.379999999999995,0.06,0.04,282.9,48.099999999999994,9.379999999999995,0.04,0.19,284.65,62.76,11.93,7.42,3.36,38.85000000000002,25.335636956666395,WR,GO,63.61,15.309999999999995,4.5,1.33,260.46,63.16,15.409999999999997,4.28,1.19,257.31,63.53,29.499999999999996,8.44,1.97,159.16000000000008,23.006601226604513,TE,GO,60.36,30.459999999999997,0.66,0.82,276.7,60.37,30.529999999999998,0.64,1.07,282.23,57.3,40.809999999999995,6.44,1.54,42.039999999999964,22.791719987749936,WR,CORNER,57.37,40.65,2.83,4.64,49.81,57.14,40.54,2.4,5.06,56.31999999999999,52.370000000000005,41.66,1.92,1.21,156.85000000000002,20.266654879382543,WR,IN,53.400000000000006,42.19,1.41,0.7,273.5,53.459999999999994,42.059999999999995,1.45,0.89,276.15999999999997,40.989999999999995,24.889999999999997,74.02999999999997,4.04,56.08000000000004,2.46,2,C
41.260000000000005,10.629999999999995,3.29,3.27,24.58000000000004,14.500124137399652,RB,FLAT,48.099999999999994,9.379999999999995,0.06,0.04,282.9,48.099999999999994,9.379999999999995,0.04,0.19,284.65,63.47,11.719999999999999,7.35,3.07,35.5,25.893060846489355,WR,GO,64.06,15.209999999999994,4.62,1.31,261.76,64.52000000000001,15.129999999999995,4.71,1.4,265.14,64.36,29.359999999999996,8.34,1.9,160.23000000000002,23.42508271063307,TE,GO,60.36,30.459999999999997,0.66,0.82,276.7,60.37,30.529999999999998,0.64,1.07,282.23,57.81,41.209999999999994,6.36,2.21,27.00999999999999,23.032292547638416,WR,CORNER,57.94,40.989999999999995,3.73,3.72,37.60000000000002,57.65,40.8,3.33,4.24,42.40999999999997,52.45,41.44,2.41,2.48,163.39999999999998,19.74570839448411,WR,IN,53.519999999999996,41.919999999999995,1.51,1.11,280.03,53.58,41.78,1.57,1.27,284.0,41.31999999999999,25.129999999999995,67.60000000000002,4.19,53.31999999999999,2.0,2,C
41.42,10.36,3.08,3.29,20.220000000000027,15.031759710692555,RB,FLAT,48.099999999999994,9.379999999999995,0.06,0.04,282.9,48.099999999999994,9.379999999999995,0.04,0.19,284.65,64.17,11.5,7.26,2.69,32.74000000000001,26.459072168161903,WR,GO,64.52000000000001,15.129999999999995,4.71,1.4,265.14,64.99000000000001,15.07,4.8,1.47,267.9,65.17,29.22,8.17,1.92,156.33999999999992,23.82979857237572,TE,GO,65.63,33.48,4.68,1.48,244.01,66.09,33.41,4.74,1.53,251.65,52.53,41.19,2.77,3.1,163.39999999999998,19.183701415524585,WR,IN,53.67,41.459999999999994,1.79,1.14,293.97,53.629999999999995,41.62,1.63,1.3,287.18,58.28,41.62,6.28,2.82,358.36,23.237250267619874,WR,CORNER,58.6,41.48,4.36,2.38,30.340000000000032,58.26,41.22,4.06,2.96,33.75999999999999,41.650000000000006,25.389999999999997,62.74000000000001,4.25,50.50999999999999,1.66,2,C
41.61,10.129999999999995,2.89,3.42,22.769999999999982,15.534406972910167,RB,FLAT,48.099999999999994,9.379999999999995,0.06,0.04,282.9,48.099999999999994,9.379999999999995,0.04,0.19,284.65,64.86,11.239999999999995,7.22,2.44,35.40999999999997,27.04497735255106,WR,GO,64.99000000000001,15.07,4.8,1.47,267.9,65.47999999999999,15.029999999999994,4.9,1.8,275.65999999999997,65.96000000000001,29.08,7.95,2.23,149.26,24.222650556865165,TE,GO,66.09,33.41,4.74,1.53,251.65,66.56,33.379999999999995,4.72,1.91,263.69,52.620000000000005,40.9,3.22,3.44,165.01,18.586747967301864,WR,IN,53.75,41.089999999999996,2.05,1.04,307.5,53.709999999999994,41.28,1.91,1.14,300.51,58.73,42.059999999999995,6.16,3.12,337.01,23.441896254356212,WR,CORNER,58.95,41.76,4.59,2.01,31.0,59.3,42.059999999999995,4.67,1.31,33.460000000000036,41.980000000000004,25.659999999999997,60.27999999999997,4.24,49.629999999999995,1.12,2,C
41.81,9.93,2.77,3.24,22.769999999999982,16.01749668331478,RB,FLAT,48.099999999999994,9.379999999999995,0.06,0.04,282.9,48.099999999999994,9.379999999999995,0.04,0.19,284.65,65.53,10.989999999999995,7.11,2.17,39.85000000000002,27.624905429702384,WR,GO,65.47999999999999,15.029999999999994,4.9,1.8,275.65999999999997,65.97999999999999,15.019999999999996,5.03,2.07,281.5,66.72999999999999,28.949999999999996,7.7,2.56,141.37,24.614731361524132,TE,GO,67.03999999999999,33.37,4.74,2.26,276.99,66.56,33.379999999999995,4.72,1.91,263.69,52.72,40.56999999999999,3.68,3.53,168.26999999999998,17.961439251908512,WR,IN,53.81,40.669999999999995,2.24,1.15,322.25,53.78,40.89,2.15,1.07,316.6,59.15,42.51,6.1,3.14,317.03999999999996,23.632338013831813,WR,CORNER,59.3,42.059999999999995,4.67,1.31,33.460000000000036,59.65,42.37,4.68,0.83,33.460000000000036,42.3,25.939999999999998,59.14999999999998,4.24,48.039999999999964,1.04,2,C
42.019999999999996,9.769999999999996,2.7,3.05,22.769999999999982,16.460221748202546,RB,FLAT,48.099999999999994,9.379999999999995,0.06,0.04,282.9,48.099999999999994,9.379999999999995,0.04,0.19,284.65,66.18,10.709999999999994,6.96,2.13,41.58000000000004,28.2236868605078,WR,GO,68.19,7.259999999999998,4.57,1.95,47.18000000000001,68.58,7.509999999999998,4.45,1.92,46.15999999999997,67.49000000000001,28.83,7.47,2.75,129.68,25.026469986795995,TE,GO,67.50999999999999,33.39,4.73,2.53,285.08,67.03999999999999,33.37,4.74,2.26,276.99,52.81999999999999,40.19,4.17,3.63,167.69000000000005,17.309225863683217,WR,IN,53.870000000000005,40.199999999999996,2.47,1.23,332.94,53.84,40.44,2.35,1.23,327.0,59.53,42.98,6.01,3.06,300.08,23.822730741877603,WR,CORNER,59.99,42.69,4.58,0.88,31.25,59.65,42.37,4.68,0.83,33.460000000000036,42.599999999999994,26.22,55.44999999999999,4.08,46.73000000000002,1.3,2,C
